task_id,experiment,seed,status,git_commit,plan_id,window,metric_profile,benchmark_sha256,objective_pass_count,objective_count,all_objectives_passed,policy_total_spill_af,historic_total_spill_af,delta_total_spill_af,margin_total_spill_af,pass_total_spill_af,policy_storage_frac_of_max_possible,historic_storage_frac_of_max_possible,delta_storage_frac_of_max_possible,margin_storage_frac_of_max_possible,pass_storage_frac_of_max_possible,policy_esa_min_flow_frac_days_met,historic_esa_min_flow_frac_days_met,delta_esa_min_flow_frac_days_met,margin_esa_min_flow_frac_days_met,pass_esa_min_flow_frac_days_met,policy_flooding_frac_days_met,historic_flooding_frac_days_met,delta_flooding_frac_days_met,margin_flooding_frac_days_met,pass_flooding_frac_days_met,policy_spr_freq_years_meeting_10000cfs_5d,historic_spr_freq_years_meeting_10000cfs_5d,delta_spr_freq_years_meeting_10000cfs_5d,margin_spr_freq_years_meeting_10000cfs_5d,pass_spr_freq_years_meeting_10000cfs_5d,policy_spr_freq_years_meeting_8000cfs_10d,historic_spr_freq_years_meeting_8000cfs_10d,delta_spr_freq_years_meeting_8000cfs_10d,margin_spr_freq_years_meeting_8000cfs_10d,pass_spr_freq_years_meeting_8000cfs_10d,policy_spr_freq_years_meeting_5000cfs_21d,historic_spr_freq_years_meeting_5000cfs_21d,delta_spr_freq_years_meeting_5000cfs_21d,margin_spr_freq_years_meeting_5000cfs_21d,pass_spr_freq_years_meeting_5000cfs_21d,policy_spr_freq_years_meeting_2500cfs_10d,historic_spr_freq_years_meeting_2500cfs_10d,delta_spr_freq_years_meeting_2500cfs_10d,margin_spr_freq_years_meeting_2500cfs_10d,pass_spr_freq_years_meeting_2500cfs_10d,policy_hydropower_frac_of_max_possible,historic_hydropower_frac_of_max_possible,delta_hydropower_frac_of_max_possible,margin_hydropower_frac_of_max_possible,pass_hydropower_frac_of_max_possible,policy_niip_annual_volume_frac_of_contract,historic_niip_annual_volume_frac_of_contract,delta_niip_annual_volume_frac_of_contract,margin_niip_annual_volume_frac_of_contract,pass_niip_annual_volume_frac_of_contract,flood_agent_flooding_available_days,flood_agent_flooding_frac_days_met,flood_agent_flooding_safe_days,flood_flooding_comparison_days,flood_flooding_comparison_profile,flood_historic_flooding_available_days,flood_historic_flooding_frac_days_met,flood_historic_flooding_safe_days
0,reward_jon_p95_oishift875to90_hsoft,0,completed,8e7fdcf7f68a103b7249dfb8516b8a28dce87f62,a46c01d4fdda860feb330e4af867ce73a003880c6a73745e16d9e466d6e8b009,holdout_2014_2024_08_17,corrected_phase95_historic_screen_v1,11af0f359546ca6499bfae9140aabdd065d51ec67e688c3529cde423613e044a,5,10,False,298181.6300229137,0.0,298181.6300229137,-298181.6300229137,False,0.8513675225669375,0.6856296239512203,0.1657378986157172,0.1657378986157172,True,0.7323544564657393,0.95801133436373,-0.22565687789799072,-0.22565687789799072,False,0.9927816447538025,0.9997422015983501,-0.006960556844547661,-0.006960556844547661,False,0.09090909090909091,0.09090909090909091,0.0,0.0,True,0.2727272727272727,0.18181818181818182,0.09090909090909088,0.09090909090909088,True,0.36363636363636365,0.2727272727272727,0.09090909090909094,0.09090909090909094,True,0.8181818181818182,0.7272727272727273,0.09090909090909094,0.09090909090909094,True,0.29654102729297227,0.3002375563379423,-0.0036965290449700317,-0.0036965290449700317,False,0.8610209248337968,1.0,-0.13897907516620323,-0.13897907516620323,False,3880,0.9927816447538025,3851,3879,archuleta_bluff_common_valid,3881,0.9997422015983501,3878
1,reward_jon_p95_oishift875to90_heff,0,completed,8e7fdcf7f68a103b7249dfb8516b8a28dce87f62,a46c01d4fdda860feb330e4af867ce73a003880c6a73745e16d9e466d6e8b009,holdout_2014_2024_08_17,corrected_phase95_historic_screen_v1,11af0f359546ca6499bfae9140aabdd065d51ec67e688c3529cde423613e044a,6,10,False,0.0,0.0,0.0,0.0,True,0.5328012828344333,0.6856296239512203,-0.152828341116787,-0.152828341116787,False,0.97655847501288,0.95801133436373,0.018547140649149974,0.018547140649149974,True,0.9997422015983501,0.9997422015983501,0.0,0.0,True,0.0,0.09090909090909091,-0.09090909090909091,-0.09090909090909091,False,0.18181818181818182,0.18181818181818182,0.0,0.0,True,0.09090909090909091,0.2727272727272727,-0.1818181818181818,-0.1818181818181818,False,0.7272727272727273,0.7272727272727273,0.0,0.0,True,0.2691086261447281,0.3002375563379423,-0.03112893019321422,-0.03112893019321422,False,1.2507577852041494,1.0,0.2507577852041494,0.2507577852041494,True,3880,0.9997422015983501,3878,3879,archuleta_bluff_common_valid,3881,0.9997422015983501,3878
2,reward_jon_p95_oishift875to90_hdisceff,0,completed,8e7fdcf7f68a103b7249dfb8516b8a28dce87f62,a46c01d4fdda860feb330e4af867ce73a003880c6a73745e16d9e466d6e8b009,holdout_2014_2024_08_17,corrected_phase95_historic_screen_v1,11af0f359546ca6499bfae9140aabdd065d51ec67e688c3529cde423613e044a,8,10,False,0.0,0.0,0.0,0.0,True,0.8030326602432505,0.6856296239512203,0.1174030362920302,0.1174030362920302,True,0.9402369912416281,0.95801133436373,-0.01777434312210191,-0.01777434312210191,False,0.9997422015983501,0.9997422015983501,0.0,0.0,True,0.09090909090909091,0.09090909090909091,0.0,0.0,True,0.2727272727272727,0.18181818181818182,0.09090909090909088,0.09090909090909088,True,0.36363636363636365,0.2727272727272727,0.09090909090909094,0.09090909090909094,True,0.7272727272727273,0.7272727272727273,0.0,0.0,True,0.2687204728677172,0.3002375563379423,-0.03151708347022508,-0.03151708347022508,False,1.0953747204905377,1.0,0.09537472049053775,0.09537472049053775,True,3880,0.9997422015983501,3878,3879,archuleta_bluff_common_valid,3881,0.9997422015983501,3878
3,reward_jon_p95_peak875_heff,0,completed,8e7fdcf7f68a103b7249dfb8516b8a28dce87f62,a46c01d4fdda860feb330e4af867ce73a003880c6a73745e16d9e466d6e8b009,holdout_2014_2024_08_17,corrected_phase95_historic_screen_v1,11af0f359546ca6499bfae9140aabdd065d51ec67e688c3529cde423613e044a,9,10,False,0.0,0.0,0.0,0.0,True,0.7519695473054373,0.6856296239512203,0.06633992335421701,0.06633992335421701,True,0.9703760947964967,0.95801133436373,0.012364760432766686,0.012364760432766686,True,0.9997422015983501,0.9997422015983501,0.0,0.0,True,0.09090909090909091,0.09090909090909091,0.0,0.0,True,0.2727272727272727,0.18181818181818182,0.09090909090909088,0.09090909090909088,True,0.36363636363636365,0.2727272727272727,0.09090909090909094,0.09090909090909094,True,0.7272727272727273,0.7272727272727273,0.0,0.0,True,0.2863538072907324,0.3002375563379423,-0.013883749047209903,-0.013883749047209903,False,1.0756643821703036,1.0,0.07566438217030358,0.07566438217030358,True,3880,0.9997422015983501,3878,3879,archuleta_bluff_common_valid,3881,0.9997422015983501,3878
4,reward_jon_p95_peak875_hdisceff,0,completed,8e7fdcf7f68a103b7249dfb8516b8a28dce87f62,a46c01d4fdda860feb330e4af867ce73a003880c6a73745e16d9e466d6e8b009,holdout_2014_2024_08_17,corrected_phase95_historic_screen_v1,11af0f359546ca6499bfae9140aabdd065d51ec67e688c3529cde423613e044a,5,10,False,200971.74790332676,0.0,200971.74790332676,-200971.74790332676,False,0.8381722586202385,0.6856296239512203,0.15254263466901818,0.15254263466901818,True,0.6630602782071098,0.95801133436373,-0.2949510561566202,-0.2949510561566202,False,0.9966486207785512,0.9997422015983501,-0.0030935808197989356,-0.0030935808197989356,False,0.09090909090909091,0.09090909090909091,0.0,0.0,True,0.18181818181818182,0.18181818181818182,0.0,0.0,True,0.36363636363636365,0.2727272727272727,0.09090909090909094,0.09090909090909094,True,1.0,0.7272727272727273,0.2727272727272727,0.2727272727272727,True,0.273360125183481,0.3002375563379423,-0.026877431154461284,-0.026877431154461284,False,0.9576222977470102,1.0,-0.04237770225298976,-0.04237770225298976,False,3880,0.9966486207785512,3866,3879,archuleta_bluff_common_valid,3881,0.9997422015983501,3878
5,reward_jon_p95_plateau90_96_hsoft,0,completed,8e7fdcf7f68a103b7249dfb8516b8a28dce87f62,a46c01d4fdda860feb330e4af867ce73a003880c6a73745e16d9e466d6e8b009,holdout_2014_2024_08_17,corrected_phase95_historic_screen_v1,11af0f359546ca6499bfae9140aabdd065d51ec67e688c3529cde423613e044a,5,10,False,134316.32472329494,0.0,134316.32472329494,-134316.32472329494,False,0.8428404863647935,0.6856296239512203,0.15721086241357318,0.15721086241357318,True,0.6687274600721278,0.95801133436373,-0.2892838742916022,-0.2892838742916022,False,0.997164217581851,0.9997422015983501,-0.002577984016499113,-0.002577984016499113,False,0.09090909090909091,0.09090909090909091,0.0,0.0,True,0.2727272727272727,0.18181818181818182,0.09090909090909088,0.09090909090909088,True,0.2727272727272727,0.2727272727272727,0.0,0.0,True,0.9090909090909091,0.7272727272727273,0.18181818181818177,0.18181818181818177,True,0.2806726660865163,0.3002375563379423,-0.019564890251425993,-0.019564890251425993,False,0.9456603758677092,1.0,-0.054339624132290765,-0.054339624132290765,False,3880,0.997164217581851,3868,3879,archuleta_bluff_common_valid,3881,0.9997422015983501,3878
6,reward_jon_p95_plateau90_96_heff,0,completed,8e7fdcf7f68a103b7249dfb8516b8a28dce87f62,a46c01d4fdda860feb330e4af867ce73a003880c6a73745e16d9e466d6e8b009,holdout_2014_2024_08_17,corrected_phase95_historic_screen_v1,11af0f359546ca6499bfae9140aabdd065d51ec67e688c3529cde423613e044a,5,10,False,131298.17159942444,0.0,131298.17159942444,-131298.17159942444,False,0.8127639668074743,0.6856296239512203,0.12713434285625402,0.12713434285625402,True,0.9505409582689336,0.95801133436373,-0.007470376094796394,-0.007470376094796394,False,0.9969064191802011,0.9997422015983501,-0.00283578241814908,-0.00283578241814908,False,0.09090909090909091,0.09090909090909091,0.0,0.0,True,0.2727272727272727,0.18181818181818182,0.09090909090909088,0.09090909090909088,True,0.45454545454545453,0.2727272727272727,0.18181818181818182,0.18181818181818182,True,0.9090909090909091,0.7272727272727273,0.18181818181818177,0.18181818181818177,True,0.2830177343873806,0.3002375563379423,-0.01721982195056171,-0.01721982195056171,False,0.9338489380514842,1.0,-0.06615106194851583,-0.06615106194851583,False,3880,0.9969064191802011,3867,3879,archuleta_bluff_common_valid,3881,0.9997422015983501,3878
7,reward_jon_p95_oishift875to90_heff_niip275,0,completed,8e7fdcf7f68a103b7249dfb8516b8a28dce87f62,a46c01d4fdda860feb330e4af867ce73a003880c6a73745e16d9e466d6e8b009,holdout_2014_2024_08_17,corrected_phase95_historic_screen_v1,11af0f359546ca6499bfae9140aabdd065d51ec67e688c3529cde423613e044a,4,10,False,0.0,0.0,0.0,0.0,True,0.517188097396557,0.6856296239512203,-0.16844152655466327,-0.16844152655466327,False,0.9667697063369397,0.95801133436373,0.008758371973209722,0.008758371973209722,True,0.9997422015983501,0.9997422015983501,0.0,0.0,True,0.0,0.09090909090909091,-0.09090909090909091,-0.09090909090909091,False,0.09090909090909091,0.18181818181818182,-0.09090909090909091,-0.09090909090909091,False,0.0,0.2727272727272727,-0.2727272727272727,-0.2727272727272727,False,0.5454545454545454,0.7272727272727273,-0.18181818181818188,-0.18181818181818188,False,0.22862783516731036,0.3002375563379423,-0.07160972117063194,-0.07160972117063194,False,1.5735421129663827,1.0,0.5735421129663827,0.5735421129663827,True,3880,0.9997422015983501,3878,3879,archuleta_bluff_common_valid,3881,0.9997422015983501,3878
8,reward_jon_p95_oishift875to90_hsoft,1,completed,8e7fdcf7f68a103b7249dfb8516b8a28dce87f62,a46c01d4fdda860feb330e4af867ce73a003880c6a73745e16d9e466d6e8b009,holdout_2014_2024_08_17,corrected_phase95_historic_screen_v1,11af0f359546ca6499bfae9140aabdd065d51ec67e688c3529cde423613e044a,7,10,False,0.0,0.0,0.0,0.0,True,0.6987982019333475,0.6856296239512203,0.013168577982127228,0.013168577982127228,True,0.9489953632148377,0.95801133436373,-0.009015971148892299,-0.009015971148892299,False,0.9997422015983501,0.9997422015983501,0.0,0.0,True,0.09090909090909091,0.09090909090909091,0.0,0.0,True,0.18181818181818182,0.18181818181818182,0.0,0.0,True,0.09090909090909091,0.2727272727272727,-0.1818181818181818,-0.1818181818181818,False,0.7272727272727273,0.7272727272727273,0.0,0.0,True,0.2534386535870868,0.3002375563379423,-0.04679890275085552,-0.04679890275085552,False,1.2563435811182833,1.0,0.25634358111828326,0.25634358111828326,True,3880,0.9997422015983501,3878,3879,archuleta_bluff_common_valid,3881,0.9997422015983501,3878
9,reward_jon_p95_oishift875to90_heff,1,completed,8e7fdcf7f68a103b7249dfb8516b8a28dce87f62,a46c01d4fdda860feb330e4af867ce73a003880c6a73745e16d9e466d6e8b009,holdout_2014_2024_08_17,corrected_phase95_historic_screen_v1,11af0f359546ca6499bfae9140aabdd065d51ec67e688c3529cde423613e044a,9,10,False,0.0,0.0,0.0,0.0,True,0.7074545592153766,0.6856296239512203,0.021824935264156298,0.021824935264156298,True,0.9760432766615147,0.95801133436373,0.01803194229778471,0.01803194229778471,True,0.9997422015983501,0.9997422015983501,0.0,0.0,True,0.09090909090909091,0.09090909090909091,0.0,0.0,True,0.18181818181818182,0.18181818181818182,0.0,0.0,True,0.2727272727272727,0.2727272727272727,0.0,0.0,True,0.7272727272727273,0.7272727272727273,0.0,0.0,True,0.2906149296623515,0.3002375563379423,-0.009622626675590829,-0.009622626675590829,False,1.0523578535019993,1.0,0.052357853501999285,0.052357853501999285,True,3880,0.9997422015983501,3878,3879,archuleta_bluff_common_valid,3881,0.9997422015983501,3878
10,reward_jon_p95_oishift875to90_hdisceff,1,completed,8e7fdcf7f68a103b7249dfb8516b8a28dce87f62,a46c01d4fdda860feb330e4af867ce73a003880c6a73745e16d9e466d6e8b009,holdout_2014_2024_08_17,corrected_phase95_historic_screen_v1,11af0f359546ca6499bfae9140aabdd065d51ec67e688c3529cde423613e044a,7,10,False,0.0,0.0,0.0,0.0,True,0.6681603328547684,0.6856296239512203,-0.0174692910964519,-0.0174692910964519,False,0.9750128799587842,0.95801133436373,0.01700154559505418,0.01700154559505418,True,1.0,0.9997422015983501,0.0002577984016498558,0.0002577984016498558,True,0.09090909090909091,0.09090909090909091,0.0,0.0,True,0.18181818181818182,0.18181818181818182,0.0,0.0,True,0.18181818181818182,0.2727272727272727,-0.09090909090909088,-0.09090909090909088,False,0.8181818181818182,0.7272727272727273,0.09090909090909094,0.09090909090909094,True,0.2935168836785625,0.3002375563379423,-0.006720672659379812,-0.006720672659379812,False,1.1325804699403927,1.0,0.13258046994039274,0.13258046994039274,True,3880,1.0,3879,3879,archuleta_bluff_common_valid,3881,0.9997422015983501,3878
11,reward_jon_p95_peak875_heff,1,completed,8e7fdcf7f68a103b7249dfb8516b8a28dce87f62,a46c01d4fdda860feb330e4af867ce73a003880c6a73745e16d9e466d6e8b009,holdout_2014_2024_08_17,corrected_phase95_historic_screen_v1,11af0f359546ca6499bfae9140aabdd065d51ec67e688c3529cde423613e044a,9,10,False,0.0,0.0,0.0,0.0,True,0.7168729846396972,0.6856296239512203,0.031243360688476884,0.031243360688476884,True,0.972952086553323,0.95801133436373,0.01494075218959301,0.01494075218959301,True,0.9997422015983501,0.9997422015983501,0.0,0.0,True,0.09090909090909091,0.09090909090909091,0.0,0.0,True,0.18181818181818182,0.18181818181818182,0.0,0.0,True,0.36363636363636365,0.2727272727272727,0.09090909090909094,0.09090909090909094,True,0.7272727272727273,0.7272727272727273,0.0,0.0,True,0.28550894738234645,0.3002375563379423,-0.014728608955595857,-0.014728608955595857,False,1.0673576967121576,1.0,0.06735769671215763,0.06735769671215763,True,3880,0.9997422015983501,3878,3879,archuleta_bluff_common_valid,3881,0.9997422015983501,3878
12,reward_jon_p95_peak875_hdisceff,1,completed,8e7fdcf7f68a103b7249dfb8516b8a28dce87f62,a46c01d4fdda860feb330e4af867ce73a003880c6a73745e16d9e466d6e8b009,holdout_2014_2024_08_17,corrected_phase95_historic_screen_v1,11af0f359546ca6499bfae9140aabdd065d51ec67e688c3529cde423613e044a,6,10,False,0.0,0.0,0.0,0.0,True,0.48088902635241637,0.6856296239512203,-0.20474059759880392,-0.20474059759880392,False,0.9657393096342092,0.95801133436373,0.007727975270479193,0.007727975270479193,True,0.9997422015983501,0.9997422015983501,0.0,0.0,True,0.09090909090909091,0.09090909090909091,0.0,0.0,True,0.09090909090909091,0.18181818181818182,-0.09090909090909091,-0.09090909090909091,False,0.0,0.2727272727272727,-0.2727272727272727,-0.2727272727272727,False,0.9090909090909091,0.7272727272727273,0.18181818181818177,0.18181818181818177,True,0.2955157972902305,0.3002375563379423,-0.0047217590477118265,-0.0047217590477118265,False,1.1275774826557443,1.0,0.1275774826557443,0.1275774826557443,True,3880,0.9997422015983501,3878,3879,archuleta_bluff_common_valid,3881,0.9997422015983501,3878
13,reward_jon_p95_plateau90_96_hsoft,1,completed,8e7fdcf7f68a103b7249dfb8516b8a28dce87f62,a46c01d4fdda860feb330e4af867ce73a003880c6a73745e16d9e466d6e8b009,holdout_2014_2024_08_17,corrected_phase95_historic_screen_v1,11af0f359546ca6499bfae9140aabdd065d51ec67e688c3529cde423613e044a,7,10,False,0.0,0.0,0.0,0.0,True,0.6888887439663282,0.6856296239512203,0.0032591200151078636,0.0032591200151078636,True,0.9384337970118496,0.95801133436373,-0.019577537351880392,-0.019577537351880392,False,0.9997422015983501,0.9997422015983501,0.0,0.0,True,0.09090909090909091,0.09090909090909091,0.0,0.0,True,0.2727272727272727,0.18181818181818182,0.09090909090909088,0.09090909090909088,True,0.36363636363636365,0.2727272727272727,0.09090909090909094,0.09090909090909094,True,1.0,0.7272727272727273,0.2727272727272727,0.2727272727272727,True,0.2726741566448694,0.3002375563379423,-0.02756339969307292,-0.02756339969307292,False,0.9839787884128757,1.0,-0.01602121158712433,-0.01602121158712433,False,3880,0.9997422015983501,3878,3879,archuleta_bluff_common_valid,3881,0.9997422015983501,3878
14,reward_jon_p95_plateau90_96_heff,1,completed,8e7fdcf7f68a103b7249dfb8516b8a28dce87f62,a46c01d4fdda860feb330e4af867ce73a003880c6a73745e16d9e466d6e8b009,holdout_2014_2024_08_17,corrected_phase95_historic_screen_v1,11af0f359546ca6499bfae9140aabdd065d51ec67e688c3529cde423613e044a,10,10,True,0.0,0.0,0.0,0.0,True,0.7335924755291305,0.6856296239512203,0.04796285157791025,0.04796285157791025,True,0.9763008758371973,0.95801133436373,0.018289541473467286,0.018289541473467286,True,0.9997422015983501,0.9997422015983501,0.0,0.0,True,0.09090909090909091,0.09090909090909091,0.0,0.0,True,0.18181818181818182,0.18181818181818182,0.0,0.0,True,0.2727272727272727,0.2727272727272727,0.0,0.0,True,0.7272727272727273,0.7272727272727273,0.0,0.0,True,0.3025423305839455,0.3002375563379423,0.0023047742460031717,0.0023047742460031717,True,1.0250665573226223,1.0,0.025066557322622307,0.025066557322622307,True,3880,0.9997422015983501,3878,3879,archuleta_bluff_common_valid,3881,0.9997422015983501,3878
15,reward_jon_p95_oishift875to90_heff_niip275,1,completed,8e7fdcf7f68a103b7249dfb8516b8a28dce87f62,a46c01d4fdda860feb330e4af867ce73a003880c6a73745e16d9e466d6e8b009,holdout_2014_2024_08_17,corrected_phase95_historic_screen_v1,11af0f359546ca6499bfae9140aabdd065d51ec67e688c3529cde423613e044a,10,10,True,0.0,0.0,0.0,0.0,True,0.7187413216184095,0.6856296239512203,0.033111697667189244,0.033111697667189244,True,0.9750128799587842,0.95801133436373,0.01700154559505418,0.01700154559505418,True,0.9997422015983501,0.9997422015983501,0.0,0.0,True,0.09090909090909091,0.09090909090909091,0.0,0.0,True,0.18181818181818182,0.18181818181818182,0.0,0.0,True,0.2727272727272727,0.2727272727272727,0.0,0.0,True,0.7272727272727273,0.7272727272727273,0.0,0.0,True,0.3013677458635762,0.3002375563379423,0.0011301895256338734,0.0011301895256338734,True,1.0477780456891543,1.0,0.047778045689154336,0.047778045689154336,True,3880,0.9997422015983501,3878,3879,archuleta_bluff_common_valid,3881,0.9997422015983501,3878
16,reward_jon_p95_oishift875to90_hsoft,2,completed,8e7fdcf7f68a103b7249dfb8516b8a28dce87f62,a46c01d4fdda860feb330e4af867ce73a003880c6a73745e16d9e466d6e8b009,holdout_2014_2024_08_17,corrected_phase95_historic_screen_v1,11af0f359546ca6499bfae9140aabdd065d51ec67e688c3529cde423613e044a,7,10,False,0.0,0.0,0.0,0.0,True,0.4066326182613813,0.6856296239512203,-0.278997005689839,-0.278997005689839,False,0.9356002060793406,0.95801133436373,-0.022411128284389403,-0.022411128284389403,False,0.9997422015983501,0.9997422015983501,0.0,0.0,True,0.09090909090909091,0.09090909090909091,0.0,0.0,True,0.2727272727272727,0.18181818181818182,0.09090909090909088,0.09090909090909088,True,0.5454545454545454,0.2727272727272727,0.2727272727272727,0.2727272727272727,True,1.0,0.7272727272727273,0.2727272727272727,0.2727272727272727,True,0.22220952919794396,0.3002375563379423,-0.07802802713999835,-0.07802802713999835,False,1.1658940387799075,1.0,0.1658940387799075,0.1658940387799075,True,3880,0.9997422015983501,3878,3879,archuleta_bluff_common_valid,3881,0.9997422015983501,3878
17,reward_jon_p95_oishift875to90_heff,2,completed,8e7fdcf7f68a103b7249dfb8516b8a28dce87f62,a46c01d4fdda860feb330e4af867ce73a003880c6a73745e16d9e466d6e8b009,holdout_2014_2024_08_17,corrected_phase95_historic_screen_v1,11af0f359546ca6499bfae9140aabdd065d51ec67e688c3529cde423613e044a,8,10,False,0.0,0.0,0.0,0.0,True,0.5947076985680698,0.6856296239512203,-0.09092192538315047,-0.09092192538315047,False,0.9873776403915507,0.95801133436373,0.029366306027820754,0.029366306027820754,True,0.9997422015983501,0.9997422015983501,0.0,0.0,True,0.09090909090909091,0.09090909090909091,0.0,0.0,True,0.2727272727272727,0.18181818181818182,0.09090909090909088,0.09090909090909088,True,0.2727272727272727,0.2727272727272727,0.0,0.0,True,0.7272727272727273,0.7272727272727273,0.0,0.0,True,0.2975574681246744,0.3002375563379423,-0.0026800882132679282,-0.0026800882132679282,False,1.09843795583443,1.0,0.09843795583442994,0.09843795583442994,True,3880,0.9997422015983501,3878,3879,archuleta_bluff_common_valid,3881,0.9997422015983501,3878
18,reward_jon_p95_oishift875to90_hdisceff,2,completed,8e7fdcf7f68a103b7249dfb8516b8a28dce87f62,a46c01d4fdda860feb330e4af867ce73a003880c6a73745e16d9e466d6e8b009,holdout_2014_2024_08_17,corrected_phase95_historic_screen_v1,11af0f359546ca6499bfae9140aabdd065d51ec67e688c3529cde423613e044a,8,10,False,0.0,0.0,0.0,0.0,True,0.5713865708545913,0.6856296239512203,-0.11424305309662897,-0.11424305309662897,False,0.9899536321483772,0.95801133436373,0.03194229778464719,0.03194229778464719,True,0.9997422015983501,0.9997422015983501,0.0,0.0,True,0.09090909090909091,0.09090909090909091,0.0,0.0,True,0.18181818181818182,0.18181818181818182,0.0,0.0,True,0.18181818181818182,0.2727272727272727,-0.09090909090909088,-0.09090909090909088,False,0.7272727272727273,0.7272727272727273,0.0,0.0,True,0.30174848105955515,0.3002375563379423,0.0015109247216128496,0.0015109247216128496,True,1.1218413506622436,1.0,0.12184135066224355,0.12184135066224355,True,3880,0.9997422015983501,3878,3879,archuleta_bluff_common_valid,3881,0.9997422015983501,3878
19,reward_jon_p95_peak875_heff,2,completed,8e7fdcf7f68a103b7249dfb8516b8a28dce87f62,a46c01d4fdda860feb330e4af867ce73a003880c6a73745e16d9e466d6e8b009,holdout_2014_2024_08_17,corrected_phase95_historic_screen_v1,11af0f359546ca6499bfae9140aabdd065d51ec67e688c3529cde423613e044a,8,10,False,0.0,0.0,0.0,0.0,True,0.5294782882149808,0.6856296239512203,-0.15615133573623952,-0.15615133573623952,False,0.9997424008243173,0.95801133436373,0.04173106646058733,0.04173106646058733,True,0.9997422015983501,0.9997422015983501,0.0,0.0,True,0.09090909090909091,0.09090909090909091,0.0,0.0,True,0.2727272727272727,0.18181818181818182,0.09090909090909088,0.09090909090909088,True,0.36363636363636365,0.2727272727272727,0.09090909090909094,0.09090909090909094,True,0.7272727272727273,0.7272727272727273,0.0,0.0,True,0.28348935296785566,0.3002375563379423,-0.016748203370086645,-0.016748203370086645,False,1.195237342784782,1.0,0.195237342784782,0.195237342784782,True,3880,0.9997422015983501,3878,3879,archuleta_bluff_common_valid,3881,0.9997422015983501,3878
20,reward_jon_p95_peak875_hdisceff,2,completed,8e7fdcf7f68a103b7249dfb8516b8a28dce87f62,a46c01d4fdda860feb330e4af867ce73a003880c6a73745e16d9e466d6e8b009,holdout_2014_2024_08_17,corrected_phase95_historic_screen_v1,11af0f359546ca6499bfae9140aabdd065d51ec67e688c3529cde423613e044a,7,10,False,0.0,0.0,0.0,0.0,True,0.49086288893672736,0.6856296239512203,-0.19476673501449293,-0.19476673501449293,False,0.9829984544049459,0.95801133436373,0.02498712004121595,0.02498712004121595,True,0.9997422015983501,0.9997422015983501,0.0,0.0,True,0.09090909090909091,0.09090909090909091,0.0,0.0,True,0.18181818181818182,0.18181818181818182,0.0,0.0,True,0.09090909090909091,0.2727272727272727,-0.1818181818181818,-0.1818181818181818,False,1.0,0.7272727272727273,0.2727272727272727,0.2727272727272727,True,0.29793590491888045,0.3002375563379423,-0.0023016514190618564,-0.0023016514190618564,False,1.137166121699803,1.0,0.13716612169980302,0.13716612169980302,True,3880,0.9997422015983501,3878,3879,archuleta_bluff_common_valid,3881,0.9997422015983501,3878
21,reward_jon_p95_plateau90_96_hsoft,2,completed,8e7fdcf7f68a103b7249dfb8516b8a28dce87f62,a46c01d4fdda860feb330e4af867ce73a003880c6a73745e16d9e466d6e8b009,holdout_2014_2024_08_17,corrected_phase95_historic_screen_v1,11af0f359546ca6499bfae9140aabdd065d51ec67e688c3529cde423613e044a,7,10,False,0.0,0.0,0.0,0.0,True,0.5172242319651249,0.6856296239512203,-0.1684053919860954,-0.1684053919860954,False,0.9783616692426584,0.95801133436373,0.020350334878928455,0.020350334878928455,True,0.9997422015983501,0.9997422015983501,0.0,0.0,True,0.09090909090909091,0.09090909090909091,0.0,0.0,True,0.18181818181818182,0.18181818181818182,0.0,0.0,True,0.18181818181818182,0.2727272727272727,-0.09090909090909088,-0.09090909090909088,False,1.0,0.7272727272727273,0.2727272727272727,0.2727272727272727,True,0.26389829920887964,0.3002375563379423,-0.03633925712906266,-0.03633925712906266,False,1.1932188942983,1.0,0.19321889429829997,0.19321889429829997,True,3880,0.9997422015983501,3878,3879,archuleta_bluff_common_valid,3881,0.9997422015983501,3878
22,reward_jon_p95_plateau90_96_heff,2,completed,8e7fdcf7f68a103b7249dfb8516b8a28dce87f62,a46c01d4fdda860feb330e4af867ce73a003880c6a73745e16d9e466d6e8b009,holdout_2014_2024_08_17,corrected_phase95_historic_screen_v1,11af0f359546ca6499bfae9140aabdd065d51ec67e688c3529cde423613e044a,8,10,False,0.0,0.0,0.0,0.0,True,0.5792355316535589,0.6856296239512203,-0.10639409229766139,-0.10639409229766139,False,0.9801648634724369,0.95801133436373,0.022153529108706937,0.022153529108706937,True,0.9997422015983501,0.9997422015983501,0.0,0.0,True,0.09090909090909091,0.09090909090909091,0.0,0.0,True,0.2727272727272727,0.18181818181818182,0.09090909090909088,0.09090909090909088,True,0.2727272727272727,0.2727272727272727,0.0,0.0,True,1.0,0.7272727272727273,0.2727272727272727,0.2727272727272727,True,0.2865224345834434,0.3002375563379423,-0.013715121754498905,-0.013715121754498905,False,1.1225254397704485,1.0,0.1225254397704485,0.1225254397704485,True,3880,0.9997422015983501,3878,3879,archuleta_bluff_common_valid,3881,0.9997422015983501,3878
23,reward_jon_p95_oishift875to90_heff_niip275,2,completed,8e7fdcf7f68a103b7249dfb8516b8a28dce87f62,a46c01d4fdda860feb330e4af867ce73a003880c6a73745e16d9e466d6e8b009,holdout_2014_2024_08_17,corrected_phase95_historic_screen_v1,11af0f359546ca6499bfae9140aabdd065d51ec67e688c3529cde423613e044a,8,10,False,0.0,0.0,0.0,0.0,True,0.6150998112415296,0.6856296239512203,-0.07052981270969072,-0.07052981270969072,False,0.9829984544049459,0.95801133436373,0.02498712004121595,0.02498712004121595,True,0.9997422015983501,0.9997422015983501,0.0,0.0,True,0.09090909090909091,0.09090909090909091,0.0,0.0,True,0.18181818181818182,0.18181818181818182,0.0,0.0,True,0.0,0.2727272727272727,-0.2727272727272727,-0.2727272727272727,False,0.9090909090909091,0.7272727272727273,0.18181818181818177,0.18181818181818177,True,0.3047001839248497,0.3002375563379423,0.004462627586907408,0.004462627586907408,True,1.1576243301388867,1.0,0.15762433013888666,0.15762433013888666,True,3880,0.9997422015983501,3878,3879,archuleta_bluff_common_valid,3881,0.9997422015983501,3878
24,reward_jon_p95_oishift875to90_hsoft,3,completed,8e7fdcf7f68a103b7249dfb8516b8a28dce87f62,a46c01d4fdda860feb330e4af867ce73a003880c6a73745e16d9e466d6e8b009,holdout_2014_2024_08_17,corrected_phase95_historic_screen_v1,11af0f359546ca6499bfae9140aabdd065d51ec67e688c3529cde423613e044a,7,10,False,0.0,0.0,0.0,0.0,True,0.5373926115131045,0.6856296239512203,-0.14823701243811582,-0.14823701243811582,False,0.9755280783101494,0.95801133436373,0.017516743946419444,0.017516743946419444,True,0.9997422015983501,0.9997422015983501,0.0,0.0,True,0.09090909090909091,0.09090909090909091,0.0,0.0,True,0.18181818181818182,0.18181818181818182,0.0,0.0,True,0.18181818181818182,0.2727272727272727,-0.09090909090909088,-0.09090909090909088,False,0.7272727272727273,0.7272727272727273,0.0,0.0,True,0.2761430451311707,0.3002375563379423,-0.024094511206771585,-0.024094511206771585,False,1.194957304588567,1.0,0.19495730458856708,0.19495730458856708,True,3880,0.9997422015983501,3878,3879,archuleta_bluff_common_valid,3881,0.9997422015983501,3878
25,reward_jon_p95_oishift875to90_heff,3,completed,8e7fdcf7f68a103b7249dfb8516b8a28dce87f62,a46c01d4fdda860feb330e4af867ce73a003880c6a73745e16d9e466d6e8b009,holdout_2014_2024_08_17,corrected_phase95_historic_screen_v1,11af0f359546ca6499bfae9140aabdd065d51ec67e688c3529cde423613e044a,7,10,False,0.0,0.0,0.0,0.0,True,0.5304878170135787,0.6856296239512203,-0.15514180693764157,-0.15514180693764157,False,0.9724368882019577,0.95801133436373,0.014425553838227745,0.014425553838227745,True,0.9997422015983501,0.9997422015983501,0.0,0.0,True,0.09090909090909091,0.09090909090909091,0.0,0.0,True,0.18181818181818182,0.18181818181818182,0.0,0.0,True,0.18181818181818182,0.2727272727272727,-0.09090909090909088,-0.09090909090909088,False,0.9090909090909091,0.7272727272727273,0.18181818181818177,0.18181818181818177,True,0.2521253774939124,0.3002375563379423,-0.04811217884402991,-0.04811217884402991,False,1.258197416261917,1.0,0.25819741626191695,0.25819741626191695,True,3880,0.9997422015983501,3878,3879,archuleta_bluff_common_valid,3881,0.9997422015983501,3878
26,reward_jon_p95_oishift875to90_hdisceff,3,completed,8e7fdcf7f68a103b7249dfb8516b8a28dce87f62,a46c01d4fdda860feb330e4af867ce73a003880c6a73745e16d9e466d6e8b009,holdout_2014_2024_08_17,corrected_phase95_historic_screen_v1,11af0f359546ca6499bfae9140aabdd065d51ec67e688c3529cde423613e044a,7,10,False,0.0,0.0,0.0,0.0,True,0.4591881460589632,0.6856296239512203,-0.2264414778922571,-0.2264414778922571,False,0.9853168469860897,0.95801133436373,0.027305512622359696,0.027305512622359696,True,0.9997422015983501,0.9997422015983501,0.0,0.0,True,0.09090909090909091,0.09090909090909091,0.0,0.0,True,0.18181818181818182,0.18181818181818182,0.0,0.0,True,0.18181818181818182,0.2727272727272727,-0.09090909090909088,-0.09090909090909088,False,0.7272727272727273,0.7272727272727273,0.0,0.0,True,0.2967119314849474,0.3002375563379423,-0.003525624852994902,-0.003525624852994902,False,1.1249116858104584,1.0,0.12491168581045842,0.12491168581045842,True,3880,0.9997422015983501,3878,3879,archuleta_bluff_common_valid,3881,0.9997422015983501,3878
27,reward_jon_p95_peak875_heff,3,completed,8e7fdcf7f68a103b7249dfb8516b8a28dce87f62,a46c01d4fdda860feb330e4af867ce73a003880c6a73745e16d9e466d6e8b009,holdout_2014_2024_08_17,corrected_phase95_historic_screen_v1,11af0f359546ca6499bfae9140aabdd065d51ec67e688c3529cde423613e044a,6,10,False,0.0,0.0,0.0,0.0,True,0.5736997938117765,0.6856296239512203,-0.1119298301394438,-0.1119298301394438,False,0.9595569294178259,0.95801133436373,0.0015455950540959051,0.0015455950540959051,True,0.9997422015983501,0.9997422015983501,0.0,0.0,True,0.0,0.09090909090909091,-0.09090909090909091,-0.09090909090909091,False,0.18181818181818182,0.18181818181818182,0.0,0.0,True,0.18181818181818182,0.2727272727272727,-0.09090909090909088,-0.09090909090909088,False,0.8181818181818182,0.7272727272727273,0.09090909090909094,0.09090909090909094,True,0.22533161823970912,0.3002375563379423,-0.07490593809823318,-0.07490593809823318,False,1.4346745418422173,1.0,0.4346745418422173,0.4346745418422173,True,3880,0.9997422015983501,3878,3879,archuleta_bluff_common_valid,3881,0.9997422015983501,3878
28,reward_jon_p95_peak875_hdisceff,3,completed,8e7fdcf7f68a103b7249dfb8516b8a28dce87f62,a46c01d4fdda860feb330e4af867ce73a003880c6a73745e16d9e466d6e8b009,holdout_2014_2024_08_17,corrected_phase95_historic_screen_v1,11af0f359546ca6499bfae9140aabdd065d51ec67e688c3529cde423613e044a,8,10,False,0.0,0.0,0.0,0.0,True,0.4795105020222902,0.6856296239512203,-0.20611912192893012,-0.20611912192893012,False,0.9760432766615147,0.95801133436373,0.01803194229778471,0.01803194229778471,True,0.9997422015983501,0.9997422015983501,0.0,0.0,True,0.09090909090909091,0.09090909090909091,0.0,0.0,True,0.18181818181818182,0.18181818181818182,0.0,0.0,True,0.36363636363636365,0.2727272727272727,0.09090909090909094,0.09090909090909094,True,0.7272727272727273,0.7272727272727273,0.0,0.0,True,0.25778097802375394,0.3002375563379423,-0.042456578314188365,-0.042456578314188365,False,1.3008959242651283,1.0,0.30089592426512834,0.30089592426512834,True,3880,0.9997422015983501,3878,3879,archuleta_bluff_common_valid,3881,0.9997422015983501,3878
29,reward_jon_p95_plateau90_96_hsoft,3,completed,8e7fdcf7f68a103b7249dfb8516b8a28dce87f62,a46c01d4fdda860feb330e4af867ce73a003880c6a73745e16d9e466d6e8b009,holdout_2014_2024_08_17,corrected_phase95_historic_screen_v1,11af0f359546ca6499bfae9140aabdd065d51ec67e688c3529cde423613e044a,7,10,False,0.0,0.0,0.0,0.0,True,0.45348050938721424,0.6856296239512203,-0.23214911456400605,-0.23214911456400605,False,0.9788768675940237,0.95801133436373,0.02086553323029372,0.02086553323029372,True,0.9997422015983501,0.9997422015983501,0.0,0.0,True,0.09090909090909091,0.09090909090909091,0.0,0.0,True,0.18181818181818182,0.18181818181818182,0.0,0.0,True,0.18181818181818182,0.2727272727272727,-0.09090909090909088,-0.09090909090909088,False,0.7272727272727273,0.7272727272727273,0.0,0.0,True,0.2738318684045992,0.3002375563379423,-0.02640568793334308,-0.02640568793334308,False,1.167309586770634,1.0,0.167309586770634,0.167309586770634,True,3880,0.9997422015983501,3878,3879,archuleta_bluff_common_valid,3881,0.9997422015983501,3878
30,reward_jon_p95_plateau90_96_heff,3,completed,8e7fdcf7f68a103b7249dfb8516b8a28dce87f62,a46c01d4fdda860feb330e4af867ce73a003880c6a73745e16d9e466d6e8b009,holdout_2014_2024_08_17,corrected_phase95_historic_screen_v1,11af0f359546ca6499bfae9140aabdd065d51ec67e688c3529cde423613e044a,8,10,False,0.0,0.0,0.0,0.0,True,0.5601494665264684,0.6856296239512203,-0.12548015742475194,-0.12548015742475194,False,0.9724368882019577,0.95801133436373,0.014425553838227745,0.014425553838227745,True,0.9997422015983501,0.9997422015983501,0.0,0.0,True,0.09090909090909091,0.09090909090909091,0.0,0.0,True,0.18181818181818182,0.18181818181818182,0.0,0.0,True,0.36363636363636365,0.2727272727272727,0.09090909090909094,0.09090909090909094,True,0.7272727272727273,0.7272727272727273,0.0,0.0,True,0.24364328811456656,0.3002375563379423,-0.05659426822337574,-0.05659426822337574,False,1.2651749498835734,1.0,0.2651749498835734,0.2651749498835734,True,3880,0.9997422015983501,3878,3879,archuleta_bluff_common_valid,3881,0.9997422015983501,3878
31,reward_jon_p95_oishift875to90_heff_niip275,3,completed,8e7fdcf7f68a103b7249dfb8516b8a28dce87f62,a46c01d4fdda860feb330e4af867ce73a003880c6a73745e16d9e466d6e8b009,holdout_2014_2024_08_17,corrected_phase95_historic_screen_v1,11af0f359546ca6499bfae9140aabdd065d51ec67e688c3529cde423613e044a,8,10,False,0.0,0.0,0.0,0.0,True,0.5920497241696087,0.6856296239512203,-0.09357989978161163,-0.09357989978161163,False,0.9636785162287481,0.95801133436373,0.005667181865018134,0.005667181865018134,True,0.9997422015983501,0.9997422015983501,0.0,0.0,True,0.09090909090909091,0.09090909090909091,0.0,0.0,True,0.18181818181818182,0.18181818181818182,0.0,0.0,True,0.36363636363636365,0.2727272727272727,0.09090909090909094,0.09090909090909094,True,1.0,0.7272727272727273,0.2727272727272727,0.2727272727272727,True,0.2531896042766655,0.3002375563379423,-0.04704795206127682,-0.04704795206127682,False,1.1962247869801914,1.0,0.1962247869801914,0.1962247869801914,True,3880,0.9997422015983501,3878,3879,archuleta_bluff_common_valid,3881,0.9997422015983501,3878
32,reward_jon_p95_oishift875to90_hsoft,4,completed,8e7fdcf7f68a103b7249dfb8516b8a28dce87f62,a46c01d4fdda860feb330e4af867ce73a003880c6a73745e16d9e466d6e8b009,holdout_2014_2024_08_17,corrected_phase95_historic_screen_v1,11af0f359546ca6499bfae9140aabdd065d51ec67e688c3529cde423613e044a,8,10,False,0.0,0.0,0.0,0.0,True,0.38106191339314877,0.6856296239512203,-0.3045677105580715,-0.3045677105580715,False,0.9845440494590417,0.95801133436373,0.026532715095311743,0.026532715095311743,True,0.9997422015983501,0.9997422015983501,0.0,0.0,True,0.09090909090909091,0.09090909090909091,0.0,0.0,True,0.18181818181818182,0.18181818181818182,0.0,0.0,True,0.2727272727272727,0.2727272727272727,0.0,0.0,True,0.7272727272727273,0.7272727272727273,0.0,0.0,True,0.24351972568841462,0.3002375563379423,-0.05671783064952768,-0.05671783064952768,False,1.233352081536603,1.0,0.23335208153660303,0.23335208153660303,True,3880,0.9997422015983501,3878,3879,archuleta_bluff_common_valid,3881,0.9997422015983501,3878
33,reward_jon_p95_oishift875to90_heff,4,completed,8e7fdcf7f68a103b7249dfb8516b8a28dce87f62,a46c01d4fdda860feb330e4af867ce73a003880c6a73745e16d9e466d6e8b009,holdout_2014_2024_08_17,corrected_phase95_historic_screen_v1,11af0f359546ca6499bfae9140aabdd065d51ec67e688c3529cde423613e044a,8,10,False,0.0,0.0,0.0,0.0,True,0.6252805281333012,0.6856296239512203,-0.06034909581791914,-0.06034909581791914,False,0.9680577022153529,0.95801133436373,0.01004636785162294,0.01004636785162294,True,0.9997422015983501,0.9997422015983501,0.0,0.0,True,0.09090909090909091,0.09090909090909091,0.0,0.0,True,0.18181818181818182,0.18181818181818182,0.0,0.0,True,0.2727272727272727,0.2727272727272727,0.0,0.0,True,1.0,0.7272727272727273,0.2727272727272727,0.2727272727272727,True,0.27659150150354345,0.3002375563379423,-0.023646054834398855,-0.023646054834398855,False,1.1145312738908157,1.0,0.11453127389081574,0.11453127389081574,True,3880,0.9997422015983501,3878,3879,archuleta_bluff_common_valid,3881,0.9997422015983501,3878
34,reward_jon_p95_oishift875to90_hdisceff,4,completed,8e7fdcf7f68a103b7249dfb8516b8a28dce87f62,a46c01d4fdda860feb330e4af867ce73a003880c6a73745e16d9e466d6e8b009,holdout_2014_2024_08_17,corrected_phase95_historic_screen_v1,11af0f359546ca6499bfae9140aabdd065d51ec67e688c3529cde423613e044a,7,10,False,0.0,0.0,0.0,0.0,True,0.52166217057124,0.6856296239512203,-0.1639674533799803,-0.1639674533799803,False,0.8938691396187533,0.95801133436373,-0.06414219474497673,-0.06414219474497673,False,0.9997422015983501,0.9997422015983501,0.0,0.0,True,0.09090909090909091,0.09090909090909091,0.0,0.0,True,0.18181818181818182,0.18181818181818182,0.0,0.0,True,0.36363636363636365,0.2727272727272727,0.09090909090909094,0.09090909090909094,True,1.0,0.7272727272727273,0.2727272727272727,0.2727272727272727,True,0.27847288348541954,0.3002375563379423,-0.02176467285252276,-0.02176467285252276,False,1.1001057914975654,1.0,0.10010579149756538,0.10010579149756538,True,3880,0.9997422015983501,3878,3879,archuleta_bluff_common_valid,3881,0.9997422015983501,3878
35,reward_jon_p95_peak875_heff,4,completed,8e7fdcf7f68a103b7249dfb8516b8a28dce87f62,a46c01d4fdda860feb330e4af867ce73a003880c6a73745e16d9e466d6e8b009,holdout_2014_2024_08_17,corrected_phase95_historic_screen_v1,11af0f359546ca6499bfae9140aabdd065d51ec67e688c3529cde423613e044a,7,10,False,0.0,0.0,0.0,0.0,True,0.6629522411437118,0.6856296239512203,-0.022677382807508528,-0.022677382807508528,False,0.9688304997424009,0.95801133436373,0.010819165378670892,0.010819165378670892,True,0.9997422015983501,0.9997422015983501,0.0,0.0,True,0.09090909090909091,0.09090909090909091,0.0,0.0,True,0.18181818181818182,0.18181818181818182,0.0,0.0,True,0.18181818181818182,0.2727272727272727,-0.09090909090909088,-0.09090909090909088,False,0.9090909090909091,0.7272727272727273,0.18181818181818177,0.18181818181818177,True,0.27531346235136916,0.3002375563379423,-0.024924093986573137,-0.024924093986573137,False,1.2089729099196513,1.0,0.20897290991965134,0.20897290991965134,True,3880,0.9997422015983501,3878,3879,archuleta_bluff_common_valid,3881,0.9997422015983501,3878
36,reward_jon_p95_peak875_hdisceff,4,completed,8e7fdcf7f68a103b7249dfb8516b8a28dce87f62,a46c01d4fdda860feb330e4af867ce73a003880c6a73745e16d9e466d6e8b009,holdout_2014_2024_08_17,corrected_phase95_historic_screen_v1,11af0f359546ca6499bfae9140aabdd065d51ec67e688c3529cde423613e044a,7,10,False,0.0,0.0,0.0,0.0,True,0.5443427934880039,0.6856296239512203,-0.14128683046321644,-0.14128683046321644,False,0.9500257599175682,0.95801133436373,-0.00798557444616177,-0.00798557444616177,False,0.9997422015983501,0.9997422015983501,0.0,0.0,True,0.09090909090909091,0.09090909090909091,0.0,0.0,True,0.2727272727272727,0.18181818181818182,0.09090909090909088,0.09090909090909088,True,0.45454545454545453,0.2727272727272727,0.18181818181818182,0.18181818181818182,True,1.0,0.7272727272727273,0.2727272727272727,0.2727272727272727,True,0.2763833036004093,0.3002375563379423,-0.023854252737533,-0.023854252737533,False,1.0984495355503694,1.0,0.0984495355503694,0.0984495355503694,True,3880,0.9997422015983501,3878,3879,archuleta_bluff_common_valid,3881,0.9997422015983501,3878
37,reward_jon_p95_plateau90_96_hsoft,4,completed,8e7fdcf7f68a103b7249dfb8516b8a28dce87f62,a46c01d4fdda860feb330e4af867ce73a003880c6a73745e16d9e466d6e8b009,holdout_2014_2024_08_17,corrected_phase95_historic_screen_v1,11af0f359546ca6499bfae9140aabdd065d51ec67e688c3529cde423613e044a,6,10,False,0.0,0.0,0.0,0.0,True,0.5765306331535469,0.6856296239512203,-0.10909899079767338,-0.10909899079767338,False,0.9778464708912932,0.95801133436373,0.01983513652756319,0.01983513652756319,True,1.0,0.9997422015983501,0.0002577984016498558,0.0002577984016498558,True,0.0,0.09090909090909091,-0.09090909090909091,-0.09090909090909091,False,0.18181818181818182,0.18181818181818182,0.0,0.0,True,0.09090909090909091,0.2727272727272727,-0.1818181818181818,-0.1818181818181818,False,0.7272727272727273,0.7272727272727273,0.0,0.0,True,0.2863770501445653,0.3002375563379423,-0.013860506193376976,-0.013860506193376976,False,1.2109737022411775,1.0,0.2109737022411775,0.2109737022411775,True,3880,1.0,3879,3879,archuleta_bluff_common_valid,3881,0.9997422015983501,3878
38,reward_jon_p95_plateau90_96_heff,4,completed,8e7fdcf7f68a103b7249dfb8516b8a28dce87f62,a46c01d4fdda860feb330e4af867ce73a003880c6a73745e16d9e466d6e8b009,holdout_2014_2024_08_17,corrected_phase95_historic_screen_v1,11af0f359546ca6499bfae9140aabdd065d51ec67e688c3529cde423613e044a,9,10,False,0.0,0.0,0.0,0.0,True,0.6874760668234833,0.6856296239512203,0.0018464428722629878,0.0018464428722629878,True,0.9690880989180835,0.95801133436373,0.011076764554353469,0.011076764554353469,True,0.9997422015983501,0.9997422015983501,0.0,0.0,True,0.09090909090909091,0.09090909090909091,0.0,0.0,True,0.18181818181818182,0.18181818181818182,0.0,0.0,True,0.2727272727272727,0.2727272727272727,0.0,0.0,True,1.0,0.7272727272727273,0.2727272727272727,0.2727272727272727,True,0.2748771569341483,0.3002375563379423,-0.025360399403793976,-0.025360399403793976,False,1.160740749437354,1.0,0.16074074943735406,0.16074074943735406,True,3880,0.9997422015983501,3878,3879,archuleta_bluff_common_valid,3881,0.9997422015983501,3878
39,reward_jon_p95_oishift875to90_heff_niip275,4,completed,8e7fdcf7f68a103b7249dfb8516b8a28dce87f62,a46c01d4fdda860feb330e4af867ce73a003880c6a73745e16d9e466d6e8b009,holdout_2014_2024_08_17,corrected_phase95_historic_screen_v1,11af0f359546ca6499bfae9140aabdd065d51ec67e688c3529cde423613e044a,8,10,False,0.0,0.0,0.0,0.0,True,0.5621488106004545,0.6856296239512203,-0.12348081335076577,-0.12348081335076577,False,0.975785677485832,0.95801133436373,0.01777434312210202,0.01777434312210202,True,0.9997422015983501,0.9997422015983501,0.0,0.0,True,0.09090909090909091,0.09090909090909091,0.0,0.0,True,0.18181818181818182,0.18181818181818182,0.0,0.0,True,0.36363636363636365,0.2727272727272727,0.09090909090909094,0.09090909090909094,True,0.7272727272727273,0.7272727272727273,0.0,0.0,True,0.267354060478176,0.3002375563379423,-0.0328834958597663,-0.0328834958597663,False,1.1765078533337139,1.0,0.17650785333371388,0.17650785333371388,True,3880,0.9997422015983501,3878,3879,archuleta_bluff_common_valid,3881,0.9997422015983501,3878
40,reward_jon_p95_oishift875to90_hsoft,5,completed,8e7fdcf7f68a103b7249dfb8516b8a28dce87f62,a46c01d4fdda860feb330e4af867ce73a003880c6a73745e16d9e466d6e8b009,holdout_2014_2024_08_17,corrected_phase95_historic_screen_v1,11af0f359546ca6499bfae9140aabdd065d51ec67e688c3529cde423613e044a,5,10,False,0.0,0.0,0.0,0.0,True,0.6840222517791028,0.6856296239512203,-0.0016073721721174827,-0.0016073721721174827,False,0.6700154559505409,0.95801133436373,-0.2879958784131891,-0.2879958784131891,False,1.0,0.9997422015983501,0.0002577984016498558,0.0002577984016498558,True,0.0,0.09090909090909091,-0.09090909090909091,-0.09090909090909091,False,0.2727272727272727,0.18181818181818182,0.09090909090909088,0.09090909090909088,True,0.18181818181818182,0.2727272727272727,-0.09090909090909088,-0.09090909090909088,False,0.8181818181818182,0.7272727272727273,0.09090909090909094,0.09090909090909094,True,0.22094504289228603,0.3002375563379423,-0.07929251344565627,-0.07929251344565627,False,1.2927935490223166,1.0,0.2927935490223166,0.2927935490223166,True,3880,1.0,3879,3879,archuleta_bluff_common_valid,3881,0.9997422015983501,3878
41,reward_jon_p95_oishift875to90_heff,5,completed,8e7fdcf7f68a103b7249dfb8516b8a28dce87f62,a46c01d4fdda860feb330e4af867ce73a003880c6a73745e16d9e466d6e8b009,holdout_2014_2024_08_17,corrected_phase95_historic_screen_v1,11af0f359546ca6499bfae9140aabdd065d51ec67e688c3529cde423613e044a,7,10,False,0.0,0.0,0.0,0.0,True,0.6579938238563166,0.6856296239512203,-0.02763580009490374,-0.02763580009490374,False,0.9747552807831015,0.95801133436373,0.01674394641937149,0.01674394641937149,True,0.9997422015983501,0.9997422015983501,0.0,0.0,True,0.0,0.09090909090909091,-0.09090909090909091,-0.09090909090909091,False,0.18181818181818182,0.18181818181818182,0.0,0.0,True,0.2727272727272727,0.2727272727272727,0.0,0.0,True,0.7272727272727273,0.7272727272727273,0.0,0.0,True,0.27905875634882676,0.3002375563379423,-0.021178799989115538,-0.021178799989115538,False,1.1456209249060503,1.0,0.14562092490605028,0.14562092490605028,True,3880,0.9997422015983501,3878,3879,archuleta_bluff_common_valid,3881,0.9997422015983501,3878
42,reward_jon_p95_oishift875to90_hdisceff,5,completed,8e7fdcf7f68a103b7249dfb8516b8a28dce87f62,a46c01d4fdda860feb330e4af867ce73a003880c6a73745e16d9e466d6e8b009,holdout_2014_2024_08_17,corrected_phase95_historic_screen_v1,11af0f359546ca6499bfae9140aabdd065d51ec67e688c3529cde423613e044a,7,10,False,0.0,0.0,0.0,0.0,True,0.5608637720967028,0.6856296239512203,-0.1247658518545175,-0.1247658518545175,False,0.9721792890262752,0.95801133436373,0.014167954662545168,0.014167954662545168,True,0.9997422015983501,0.9997422015983501,0.0,0.0,True,0.09090909090909091,0.09090909090909091,0.0,0.0,True,0.18181818181818182,0.18181818181818182,0.0,0.0,True,0.09090909090909091,0.2727272727272727,-0.1818181818181818,-0.1818181818181818,False,0.9090909090909091,0.7272727272727273,0.18181818181818177,0.18181818181818177,True,0.2616178401949878,0.3002375563379423,-0.03861971614295451,-0.03861971614295451,False,1.1596437492212919,1.0,0.15964374922129188,0.15964374922129188,True,3880,0.9997422015983501,3878,3879,archuleta_bluff_common_valid,3881,0.9997422015983501,3878
43,reward_jon_p95_peak875_heff,5,completed,8e7fdcf7f68a103b7249dfb8516b8a28dce87f62,a46c01d4fdda860feb330e4af867ce73a003880c6a73745e16d9e466d6e8b009,holdout_2014_2024_08_17,corrected_phase95_historic_screen_v1,11af0f359546ca6499bfae9140aabdd065d51ec67e688c3529cde423613e044a,8,10,False,0.0,0.0,0.0,0.0,True,0.6552038096299883,0.6856296239512203,-0.030425814321232036,-0.030425814321232036,False,0.9680577022153529,0.95801133436373,0.01004636785162294,0.01004636785162294,True,0.9997422015983501,0.9997422015983501,0.0,0.0,True,0.09090909090909091,0.09090909090909091,0.0,0.0,True,0.18181818181818182,0.18181818181818182,0.0,0.0,True,0.2727272727272727,0.2727272727272727,0.0,0.0,True,0.7272727272727273,0.7272727272727273,0.0,0.0,True,0.26024783381789446,0.3002375563379423,-0.03998972252004784,-0.03998972252004784,False,1.173547551137595,1.0,0.173547551137595,0.173547551137595,True,3880,0.9997422015983501,3878,3879,archuleta_bluff_common_valid,3881,0.9997422015983501,3878
44,reward_jon_p95_peak875_hdisceff,5,completed,8e7fdcf7f68a103b7249dfb8516b8a28dce87f62,a46c01d4fdda860feb330e4af867ce73a003880c6a73745e16d9e466d6e8b009,holdout_2014_2024_08_17,corrected_phase95_historic_screen_v1,11af0f359546ca6499bfae9140aabdd065d51ec67e688c3529cde423613e044a,9,10,False,0.0,0.0,0.0,0.0,True,0.7186548150289565,0.6856296239512203,0.03302519107773616,0.03302519107773616,True,0.9714064914992272,0.95801133436373,0.013395157135497215,0.013395157135497215,True,0.9997422015983501,0.9997422015983501,0.0,0.0,True,0.09090909090909091,0.09090909090909091,0.0,0.0,True,0.18181818181818182,0.18181818181818182,0.0,0.0,True,0.36363636363636365,0.2727272727272727,0.09090909090909094,0.09090909090909094,True,0.7272727272727273,0.7272727272727273,0.0,0.0,True,0.31429486886896696,0.3002375563379423,0.014057312531024657,0.014057312531024657,True,0.9397361022482519,1.0,-0.06026389775174812,-0.06026389775174812,False,3880,0.9997422015983501,3878,3879,archuleta_bluff_common_valid,3881,0.9997422015983501,3878
45,reward_jon_p95_plateau90_96_hsoft,5,completed,8e7fdcf7f68a103b7249dfb8516b8a28dce87f62,a46c01d4fdda860feb330e4af867ce73a003880c6a73745e16d9e466d6e8b009,holdout_2014_2024_08_17,corrected_phase95_historic_screen_v1,11af0f359546ca6499bfae9140aabdd065d51ec67e688c3529cde423613e044a,9,10,False,0.0,0.0,0.0,0.0,True,0.7695976708482107,0.6856296239512203,0.08396804689699044,0.08396804689699044,True,0.9636785162287481,0.95801133436373,0.005667181865018134,0.005667181865018134,True,0.9997422015983501,0.9997422015983501,0.0,0.0,True,0.09090909090909091,0.09090909090909091,0.0,0.0,True,0.2727272727272727,0.18181818181818182,0.09090909090909088,0.09090909090909088,True,0.45454545454545453,0.2727272727272727,0.18181818181818182,0.18181818181818182,True,0.7272727272727273,0.7272727272727273,0.0,0.0,True,0.28051350554730753,0.3002375563379423,-0.019724050790634773,-0.019724050790634773,False,1.045396383698968,1.0,0.045396383698967924,0.045396383698967924,True,3880,0.9997422015983501,3878,3879,archuleta_bluff_common_valid,3881,0.9997422015983501,3878
46,reward_jon_p95_plateau90_96_heff,5,completed,8e7fdcf7f68a103b7249dfb8516b8a28dce87f62,a46c01d4fdda860feb330e4af867ce73a003880c6a73745e16d9e466d6e8b009,holdout_2014_2024_08_17,corrected_phase95_historic_screen_v1,11af0f359546ca6499bfae9140aabdd065d51ec67e688c3529cde423613e044a,7,10,False,0.0,0.0,0.0,0.0,True,0.7062782659885958,0.6856296239512203,0.020648642037375486,0.020648642037375486,True,0.9500257599175682,0.95801133436373,-0.00798557444616177,-0.00798557444616177,False,0.9997422015983501,0.9997422015983501,0.0,0.0,True,0.0,0.09090909090909091,-0.09090909090909091,-0.09090909090909091,False,0.18181818181818182,0.18181818181818182,0.0,0.0,True,0.36363636363636365,0.2727272727272727,0.09090909090909094,0.09090909090909094,True,0.7272727272727273,0.7272727272727273,0.0,0.0,True,0.25859009155846113,0.3002375563379423,-0.04164746477948117,-0.04164746477948117,False,1.1850256520197124,1.0,0.18502565201971244,0.18502565201971244,True,3880,0.9997422015983501,3878,3879,archuleta_bluff_common_valid,3881,0.9997422015983501,3878
47,reward_jon_p95_oishift875to90_heff_niip275,5,completed,8e7fdcf7f68a103b7249dfb8516b8a28dce87f62,a46c01d4fdda860feb330e4af867ce73a003880c6a73745e16d9e466d6e8b009,holdout_2014_2024_08_17,corrected_phase95_historic_screen_v1,11af0f359546ca6499bfae9140aabdd065d51ec67e688c3529cde423613e044a,7,10,False,0.0,0.0,0.0,0.0,True,0.6702679586887189,0.6856296239512203,-0.015361665262501378,-0.015361665262501378,False,0.95801133436373,0.95801133436373,0.0,0.0,True,1.0,0.9997422015983501,0.0002577984016498558,0.0002577984016498558,True,0.0,0.09090909090909091,-0.09090909090909091,-0.09090909090909091,False,0.18181818181818182,0.18181818181818182,0.0,0.0,True,0.36363636363636365,0.2727272727272727,0.09090909090909094,0.09090909090909094,True,0.7272727272727273,0.7272727272727273,0.0,0.0,True,0.2564699914014022,0.3002375563379423,-0.043767564936540104,-0.043767564936540104,False,1.1710805786044425,1.0,0.17108057860444248,0.17108057860444248,True,3880,1.0,3879,3879,archuleta_bluff_common_valid,3881,0.9997422015983501,3878
48,reward_jon_p95_oishift875to90_hsoft,6,completed,8e7fdcf7f68a103b7249dfb8516b8a28dce87f62,a46c01d4fdda860feb330e4af867ce73a003880c6a73745e16d9e466d6e8b009,holdout_2014_2024_08_17,corrected_phase95_historic_screen_v1,11af0f359546ca6499bfae9140aabdd065d51ec67e688c3529cde423613e044a,8,10,False,0.0,0.0,0.0,0.0,True,0.35662386399380797,0.6856296239512203,-0.3290057599574123,-0.3290057599574123,False,0.97655847501288,0.95801133436373,0.018547140649149974,0.018547140649149974,True,0.9997422015983501,0.9997422015983501,0.0,0.0,True,0.09090909090909091,0.09090909090909091,0.0,0.0,True,0.2727272727272727,0.18181818181818182,0.09090909090909088,0.09090909090909088,True,0.45454545454545453,0.2727272727272727,0.18181818181818182,0.18181818181818182,True,0.7272727272727273,0.7272727272727273,0.0,0.0,True,0.2700648583771624,0.3002375563379423,-0.030172697960779926,-0.030172697960779926,False,1.0361848571732866,1.0,0.036184857173286566,0.036184857173286566,True,3880,0.9997422015983501,3878,3879,archuleta_bluff_common_valid,3881,0.9997422015983501,3878
49,reward_jon_p95_oishift875to90_heff,6,completed,8e7fdcf7f68a103b7249dfb8516b8a28dce87f62,a46c01d4fdda860feb330e4af867ce73a003880c6a73745e16d9e466d6e8b009,holdout_2014_2024_08_17,corrected_phase95_historic_screen_v1,11af0f359546ca6499bfae9140aabdd065d51ec67e688c3529cde423613e044a,7,10,False,0.0,0.0,0.0,0.0,True,0.5284218726153682,0.6856296239512203,-0.15720775133585208,-0.15720775133585208,False,0.9922720247295209,0.95801133436373,0.034260690365790936,0.034260690365790936,True,0.9997422015983501,0.9997422015983501,0.0,0.0,True,0.0,0.09090909090909091,-0.09090909090909091,-0.09090909090909091,False,0.18181818181818182,0.18181818181818182,0.0,0.0,True,0.0,0.2727272727272727,-0.2727272727272727,-0.2727272727272727,False,0.7272727272727273,0.7272727272727273,0.0,0.0,True,0.31812512958745726,0.3002375563379423,0.017887573249514954,0.017887573249514954,True,1.0674185323866223,1.0,0.06741853238662232,0.06741853238662232,True,3880,0.9997422015983501,3878,3879,archuleta_bluff_common_valid,3881,0.9997422015983501,3878
50,reward_jon_p95_oishift875to90_hdisceff,6,completed,8e7fdcf7f68a103b7249dfb8516b8a28dce87f62,a46c01d4fdda860feb330e4af867ce73a003880c6a73745e16d9e466d6e8b009,holdout_2014_2024_08_17,corrected_phase95_historic_screen_v1,11af0f359546ca6499bfae9140aabdd065d51ec67e688c3529cde423613e044a,7,10,False,0.0,0.0,0.0,0.0,True,0.5977359528150537,0.6856296239512203,-0.08789367113616664,-0.08789367113616664,False,0.9319938176197836,0.95801133436373,-0.026017516743946367,-0.026017516743946367,False,0.9997422015983501,0.9997422015983501,0.0,0.0,True,0.09090909090909091,0.09090909090909091,0.0,0.0,True,0.2727272727272727,0.18181818181818182,0.09090909090909088,0.09090909090909088,True,0.45454545454545453,0.2727272727272727,0.18181818181818182,0.18181818181818182,True,0.7272727272727273,0.7272727272727273,0.0,0.0,True,0.29562482093403913,0.3002375563379423,-0.004612735403903168,-0.004612735403903168,False,1.01858466028725,1.0,0.01858466028724992,0.01858466028724992,True,3880,0.9997422015983501,3878,3879,archuleta_bluff_common_valid,3881,0.9997422015983501,3878
51,reward_jon_p95_peak875_heff,6,completed,8e7fdcf7f68a103b7249dfb8516b8a28dce87f62,a46c01d4fdda860feb330e4af867ce73a003880c6a73745e16d9e466d6e8b009,holdout_2014_2024_08_17,corrected_phase95_historic_screen_v1,11af0f359546ca6499bfae9140aabdd065d51ec67e688c3529cde423613e044a,7,10,False,0.0,0.0,0.0,0.0,True,0.5385352047677886,0.6856296239512203,-0.1470944191834317,-0.1470944191834317,False,0.9716640906749099,0.95801133436373,0.013652756311179903,0.013652756311179903,True,0.9997422015983501,0.9997422015983501,0.0,0.0,True,0.09090909090909091,0.09090909090909091,0.0,0.0,True,0.18181818181818182,0.18181818181818182,0.0,0.0,True,0.18181818181818182,0.2727272727272727,-0.09090909090909088,-0.09090909090909088,False,0.7272727272727273,0.7272727272727273,0.0,0.0,True,0.2794713373368602,0.3002375563379423,-0.02076621900108211,-0.02076621900108211,False,1.1248868007044341,1.0,0.12488680070443414,0.12488680070443414,True,3880,0.9997422015983501,3878,3879,archuleta_bluff_common_valid,3881,0.9997422015983501,3878
52,reward_jon_p95_peak875_hdisceff,6,completed,8e7fdcf7f68a103b7249dfb8516b8a28dce87f62,a46c01d4fdda860feb330e4af867ce73a003880c6a73745e16d9e466d6e8b009,holdout_2014_2024_08_17,corrected_phase95_historic_screen_v1,11af0f359546ca6499bfae9140aabdd065d51ec67e688c3529cde423613e044a,7,10,False,0.0,0.0,0.0,0.0,True,0.45694873890271615,0.6856296239512203,-0.22868088504850415,-0.22868088504850415,False,0.984286450283359,0.95801133436373,0.026275115919629055,0.026275115919629055,True,0.9997422015983501,0.9997422015983501,0.0,0.0,True,0.09090909090909091,0.09090909090909091,0.0,0.0,True,0.18181818181818182,0.18181818181818182,0.0,0.0,True,0.09090909090909091,0.2727272727272727,-0.1818181818181818,-0.1818181818181818,False,0.7272727272727273,0.7272727272727273,0.0,0.0,True,0.2801104077361294,0.3002375563379423,-0.020127148601812916,-0.020127148601812916,False,1.1237233055876856,1.0,0.12372330558768563,0.12372330558768563,True,3880,0.9997422015983501,3878,3879,archuleta_bluff_common_valid,3881,0.9997422015983501,3878
53,reward_jon_p95_plateau90_96_hsoft,6,completed,8e7fdcf7f68a103b7249dfb8516b8a28dce87f62,a46c01d4fdda860feb330e4af867ce73a003880c6a73745e16d9e466d6e8b009,holdout_2014_2024_08_17,corrected_phase95_historic_screen_v1,11af0f359546ca6499bfae9140aabdd065d51ec67e688c3529cde423613e044a,7,10,False,0.0,0.0,0.0,0.0,True,0.49201125883620406,0.6856296239512203,-0.19361836511501623,-0.19361836511501623,False,0.9317362184441009,0.95801133436373,-0.026275115919629055,-0.026275115919629055,False,0.9997422015983501,0.9997422015983501,0.0,0.0,True,0.09090909090909091,0.09090909090909091,0.0,0.0,True,0.18181818181818182,0.18181818181818182,0.0,0.0,True,0.09090909090909091,0.2727272727272727,-0.1818181818181818,-0.1818181818181818,False,0.7272727272727273,0.7272727272727273,0.0,0.0,True,0.3078537659508235,0.3002375563379423,0.007616209612881175,0.007616209612881175,True,1.050319909023909,1.0,0.05031990902390904,0.05031990902390904,True,3880,0.9997422015983501,3878,3879,archuleta_bluff_common_valid,3881,0.9997422015983501,3878
54,reward_jon_p95_plateau90_96_heff,6,completed,8e7fdcf7f68a103b7249dfb8516b8a28dce87f62,a46c01d4fdda860feb330e4af867ce73a003880c6a73745e16d9e466d6e8b009,holdout_2014_2024_08_17,corrected_phase95_historic_screen_v1,11af0f359546ca6499bfae9140aabdd065d51ec67e688c3529cde423613e044a,7,10,False,0.0,0.0,0.0,0.0,True,0.5705568034347936,0.6856296239512203,-0.11507282051642664,-0.11507282051642664,False,0.8740340030911901,0.95801133436373,-0.08397733127253992,-0.08397733127253992,False,0.9997422015983501,0.9997422015983501,0.0,0.0,True,0.09090909090909091,0.09090909090909091,0.0,0.0,True,0.2727272727272727,0.18181818181818182,0.09090909090909088,0.09090909090909088,True,0.2727272727272727,0.2727272727272727,0.0,0.0,True,0.7272727272727273,0.7272727272727273,0.0,0.0,True,0.2682753617842223,0.3002375563379423,-0.031962194553720014,-0.031962194553720014,False,1.1207839939554043,1.0,0.12078399395540429,0.12078399395540429,True,3880,0.9997422015983501,3878,3879,archuleta_bluff_common_valid,3881,0.9997422015983501,3878
55,reward_jon_p95_oishift875to90_heff_niip275,6,completed,8e7fdcf7f68a103b7249dfb8516b8a28dce87f62,a46c01d4fdda860feb330e4af867ce73a003880c6a73745e16d9e466d6e8b009,holdout_2014_2024_08_17,corrected_phase95_historic_screen_v1,11af0f359546ca6499bfae9140aabdd065d51ec67e688c3529cde423613e044a,6,10,False,0.0,0.0,0.0,0.0,True,0.6395048883021635,0.6856296239512203,-0.046124735649056836,-0.046124735649056836,False,0.9023699124162803,0.95801133436373,-0.0556414219474497,-0.0556414219474497,False,1.0,0.9997422015983501,0.0002577984016498558,0.0002577984016498558,True,0.09090909090909091,0.09090909090909091,0.0,0.0,True,0.09090909090909091,0.18181818181818182,-0.09090909090909091,-0.09090909090909091,False,0.09090909090909091,0.2727272727272727,-0.1818181818181818,-0.1818181818181818,False,0.7272727272727273,0.7272727272727273,0.0,0.0,True,0.32123829236885293,0.3002375563379423,0.021000736030910627,0.021000736030910627,True,1.0808868072397009,1.0,0.08088680723970088,0.08088680723970088,True,3880,1.0,3879,3879,archuleta_bluff_common_valid,3881,0.9997422015983501,3878
56,reward_jon_p95_oishift875to90_hsoft,7,completed,8e7fdcf7f68a103b7249dfb8516b8a28dce87f62,a46c01d4fdda860feb330e4af867ce73a003880c6a73745e16d9e466d6e8b009,holdout_2014_2024_08_17,corrected_phase95_historic_screen_v1,11af0f359546ca6499bfae9140aabdd065d51ec67e688c3529cde423613e044a,6,10,False,0.0,0.0,0.0,0.0,True,0.5641203838551948,0.6856296239512203,-0.12150924009602548,-0.12150924009602548,False,0.9781040700669758,0.95801133436373,0.020092735703245768,0.020092735703245768,True,0.9997422015983501,0.9997422015983501,0.0,0.0,True,0.09090909090909091,0.09090909090909091,0.0,0.0,True,0.09090909090909091,0.18181818181818182,-0.09090909090909091,-0.09090909090909091,False,0.09090909090909091,0.2727272727272727,-0.1818181818181818,-0.1818181818181818,False,0.7272727272727273,0.7272727272727273,0.0,0.0,True,0.29648898675959806,0.3002375563379423,-0.0037485695783442408,-0.0037485695783442408,False,1.2098391407377878,1.0,0.20983914073778775,0.20983914073778775,True,3880,0.9997422015983501,3878,3879,archuleta_bluff_common_valid,3881,0.9997422015983501,3878
57,reward_jon_p95_oishift875to90_heff,7,completed,8e7fdcf7f68a103b7249dfb8516b8a28dce87f62,a46c01d4fdda860feb330e4af867ce73a003880c6a73745e16d9e466d6e8b009,holdout_2014_2024_08_17,corrected_phase95_historic_screen_v1,11af0f359546ca6499bfae9140aabdd065d51ec67e688c3529cde423613e044a,6,10,False,0.0,0.0,0.0,0.0,True,0.7180234132661342,0.6856296239512203,0.03239378931491388,0.03239378931491388,True,0.955177743431221,0.95801133436373,-0.0028335909325090114,-0.0028335909325090114,False,0.9997422015983501,0.9997422015983501,0.0,0.0,True,0.0,0.09090909090909091,-0.09090909090909091,-0.09090909090909091,False,0.18181818181818182,0.18181818181818182,0.0,0.0,True,0.18181818181818182,0.2727272727272727,-0.09090909090909088,-0.09090909090909088,False,0.7272727272727273,0.7272727272727273,0.0,0.0,True,0.2984904126528471,0.3002375563379423,-0.0017471436850952093,-0.0017471436850952093,False,1.1201182580110305,1.0,0.12011825801103049,0.12011825801103049,True,3880,0.9997422015983501,3878,3879,archuleta_bluff_common_valid,3881,0.9997422015983501,3878
58,reward_jon_p95_oishift875to90_hdisceff,7,completed,8e7fdcf7f68a103b7249dfb8516b8a28dce87f62,a46c01d4fdda860feb330e4af867ce73a003880c6a73745e16d9e466d6e8b009,holdout_2014_2024_08_17,corrected_phase95_historic_screen_v1,11af0f359546ca6499bfae9140aabdd065d51ec67e688c3529cde423613e044a,8,10,False,0.0,0.0,0.0,0.0,True,0.705727105320143,0.6856296239512203,0.020097481368922754,0.020097481368922754,True,0.9577537351880474,0.95801133436373,-0.00025759917568257684,-0.00025759917568257684,False,0.9997422015983501,0.9997422015983501,0.0,0.0,True,0.09090909090909091,0.09090909090909091,0.0,0.0,True,0.2727272727272727,0.18181818181818182,0.09090909090909088,0.09090909090909088,True,0.2727272727272727,0.2727272727272727,0.0,0.0,True,1.0,0.7272727272727273,0.2727272727272727,0.2727272727272727,True,0.2592302036691513,0.3002375563379423,-0.04100735266879102,-0.04100735266879102,False,1.1816450169877997,1.0,0.18164501698779967,0.18164501698779967,True,3880,0.9997422015983501,3878,3879,archuleta_bluff_common_valid,3881,0.9997422015983501,3878
59,reward_jon_p95_peak875_heff,7,completed,8e7fdcf7f68a103b7249dfb8516b8a28dce87f62,a46c01d4fdda860feb330e4af867ce73a003880c6a73745e16d9e466d6e8b009,holdout_2014_2024_08_17,corrected_phase95_historic_screen_v1,11af0f359546ca6499bfae9140aabdd065d51ec67e688c3529cde423613e044a,9,10,False,0.0,0.0,0.0,0.0,True,0.6923948636500128,0.6856296239512203,0.006765239698792502,0.006765239698792502,True,0.9708912931478619,0.95801133436373,0.01287995878413195,0.01287995878413195,True,0.9997422015983501,0.9997422015983501,0.0,0.0,True,0.09090909090909091,0.09090909090909091,0.0,0.0,True,0.18181818181818182,0.18181818181818182,0.0,0.0,True,0.2727272727272727,0.2727272727272727,0.0,0.0,True,0.7272727272727273,0.7272727272727273,0.0,0.0,True,0.29009605326474813,0.3002375563379423,-0.010141503073194169,-0.010141503073194169,False,1.146260189158493,1.0,0.14626018915849293,0.14626018915849293,True,3880,0.9997422015983501,3878,3879,archuleta_bluff_common_valid,3881,0.9997422015983501,3878
60,reward_jon_p95_peak875_hdisceff,7,completed,8e7fdcf7f68a103b7249dfb8516b8a28dce87f62,a46c01d4fdda860feb330e4af867ce73a003880c6a73745e16d9e466d6e8b009,holdout_2014_2024_08_17,corrected_phase95_historic_screen_v1,11af0f359546ca6499bfae9140aabdd065d51ec67e688c3529cde423613e044a,9,10,False,0.0,0.0,0.0,0.0,True,0.7263302803629759,0.6856296239512203,0.040700656411755576,0.040700656411755576,True,0.9631633178773827,0.95801133436373,0.005151983513652758,0.005151983513652758,True,0.9997422015983501,0.9997422015983501,0.0,0.0,True,0.09090909090909091,0.09090909090909091,0.0,0.0,True,0.18181818181818182,0.18181818181818182,0.0,0.0,True,0.2727272727272727,0.2727272727272727,0.0,0.0,True,1.0,0.7272727272727273,0.2727272727272727,0.2727272727272727,True,0.2848412752971668,0.3002375563379423,-0.015396281040775506,-0.015396281040775506,False,1.1640233169586953,1.0,0.16402331695869532,0.16402331695869532,True,3880,0.9997422015983501,3878,3879,archuleta_bluff_common_valid,3881,0.9997422015983501,3878
61,reward_jon_p95_plateau90_96_hsoft,7,completed,8e7fdcf7f68a103b7249dfb8516b8a28dce87f62,a46c01d4fdda860feb330e4af867ce73a003880c6a73745e16d9e466d6e8b009,holdout_2014_2024_08_17,corrected_phase95_historic_screen_v1,11af0f359546ca6499bfae9140aabdd065d51ec67e688c3529cde423613e044a,6,10,False,127703.07529389765,0.0,127703.07529389765,-127703.07529389765,False,0.8196882248176867,0.6856296239512203,0.13405860086646637,0.13405860086646637,True,0.9379185986604843,0.95801133436373,-0.020092735703245657,-0.020092735703245657,False,0.9963908223769012,0.9997422015983501,-0.0033513792214489024,-0.0033513792214489024,False,0.09090909090909091,0.09090909090909091,0.0,0.0,True,0.18181818181818182,0.18181818181818182,0.0,0.0,True,0.2727272727272727,0.2727272727272727,0.0,0.0,True,0.7272727272727273,0.7272727272727273,0.0,0.0,True,0.2630310937312983,0.3002375563379423,-0.03720646260664401,-0.03720646260664401,False,1.1065250190344484,1.0,0.10652501903444844,0.10652501903444844,True,3880,0.9963908223769012,3865,3879,archuleta_bluff_common_valid,3881,0.9997422015983501,3878
62,reward_jon_p95_plateau90_96_heff,7,completed,8e7fdcf7f68a103b7249dfb8516b8a28dce87f62,a46c01d4fdda860feb330e4af867ce73a003880c6a73745e16d9e466d6e8b009,holdout_2014_2024_08_17,corrected_phase95_historic_screen_v1,11af0f359546ca6499bfae9140aabdd065d51ec67e688c3529cde423613e044a,8,10,False,0.0,0.0,0.0,0.0,True,0.5530557265602026,0.6856296239512203,-0.13257389739101766,-0.13257389739101766,False,0.993560020607934,0.95801133436373,0.03554868624420404,0.03554868624420404,True,0.9997422015983501,0.9997422015983501,0.0,0.0,True,0.09090909090909091,0.09090909090909091,0.0,0.0,True,0.2727272727272727,0.18181818181818182,0.09090909090909088,0.09090909090909088,True,0.36363636363636365,0.2727272727272727,0.09090909090909094,0.09090909090909094,True,0.7272727272727273,0.7272727272727273,0.0,0.0,True,0.27888516465167495,0.3002375563379423,-0.021352391686267347,-0.021352391686267347,False,1.1536666039374734,1.0,0.15366660393747344,0.15366660393747344,True,3880,0.9997422015983501,3878,3879,archuleta_bluff_common_valid,3881,0.9997422015983501,3878
63,reward_jon_p95_oishift875to90_heff_niip275,7,completed,8e7fdcf7f68a103b7249dfb8516b8a28dce87f62,a46c01d4fdda860feb330e4af867ce73a003880c6a73745e16d9e466d6e8b009,holdout_2014_2024_08_17,corrected_phase95_historic_screen_v1,11af0f359546ca6499bfae9140aabdd065d51ec67e688c3529cde423613e044a,7,10,False,0.0,0.0,0.0,0.0,True,0.6428694736637802,0.6856296239512203,-0.04276015028744007,-0.04276015028744007,False,0.877640391550747,0.95801133436373,-0.08037094281298296,-0.08037094281298296,False,0.9997422015983501,0.9997422015983501,0.0,0.0,True,0.09090909090909091,0.09090909090909091,0.0,0.0,True,0.18181818181818182,0.18181818181818182,0.0,0.0,True,0.2727272727272727,0.2727272727272727,0.0,0.0,True,1.0,0.7272727272727273,0.2727272727272727,0.2727272727272727,True,0.24594142999996452,0.3002375563379423,-0.054296126337977785,-0.054296126337977785,False,1.262664829452872,1.0,0.26266482945287195,0.26266482945287195,True,3880,0.9997422015983501,3878,3879,archuleta_bluff_common_valid,3881,0.9997422015983501,3878
64,reward_jon_p95_oishift875to90_hsoft,8,completed,8e7fdcf7f68a103b7249dfb8516b8a28dce87f62,a46c01d4fdda860feb330e4af867ce73a003880c6a73745e16d9e466d6e8b009,holdout_2014_2024_08_17,corrected_phase95_historic_screen_v1,11af0f359546ca6499bfae9140aabdd065d51ec67e688c3529cde423613e044a,8,10,False,0.0,0.0,0.0,0.0,True,0.5234703431565453,0.6856296239512203,-0.162159280794675,-0.162159280794675,False,0.9804224626481195,0.95801133436373,0.022411128284389514,0.022411128284389514,True,0.9997422015983501,0.9997422015983501,0.0,0.0,True,0.09090909090909091,0.09090909090909091,0.0,0.0,True,0.2727272727272727,0.18181818181818182,0.09090909090909088,0.09090909090909088,True,0.45454545454545453,0.2727272727272727,0.18181818181818182,0.18181818181818182,True,0.8181818181818182,0.7272727272727273,0.09090909090909094,0.09090909090909094,True,0.2887654882924914,0.3002375563379423,-0.011472068045450923,-0.011472068045450923,False,1.0065050870597516,1.0,0.006505087059751613,0.006505087059751613,True,3880,0.9997422015983501,3878,3879,archuleta_bluff_common_valid,3881,0.9997422015983501,3878
65,reward_jon_p95_oishift875to90_heff,8,completed,8e7fdcf7f68a103b7249dfb8516b8a28dce87f62,a46c01d4fdda860feb330e4af867ce73a003880c6a73745e16d9e466d6e8b009,holdout_2014_2024_08_17,corrected_phase95_historic_screen_v1,11af0f359546ca6499bfae9140aabdd065d51ec67e688c3529cde423613e044a,7,10,False,0.0,0.0,0.0,0.0,True,0.6427497141914993,0.6856296239512203,-0.042879909759721,-0.042879909759721,False,0.9752704791344667,0.95801133436373,0.017259144770736756,0.017259144770736756,True,0.9997422015983501,0.9997422015983501,0.0,0.0,True,0.09090909090909091,0.09090909090909091,0.0,0.0,True,0.18181818181818182,0.18181818181818182,0.0,0.0,True,0.09090909090909091,0.2727272727272727,-0.1818181818181818,-0.1818181818181818,False,0.7272727272727273,0.7272727272727273,0.0,0.0,True,0.28653108593130155,0.3002375563379423,-0.013706470406640747,-0.013706470406640747,False,1.182170874606523,1.0,0.18217087460652293,0.18217087460652293,True,3880,0.9997422015983501,3878,3879,archuleta_bluff_common_valid,3881,0.9997422015983501,3878
66,reward_jon_p95_oishift875to90_hdisceff,8,completed,8e7fdcf7f68a103b7249dfb8516b8a28dce87f62,a46c01d4fdda860feb330e4af867ce73a003880c6a73745e16d9e466d6e8b009,holdout_2014_2024_08_17,corrected_phase95_historic_screen_v1,11af0f359546ca6499bfae9140aabdd065d51ec67e688c3529cde423613e044a,8,10,False,0.0,0.0,0.0,0.0,True,0.6760231563971326,0.6856296239512203,-0.009606467554087672,-0.009606467554087672,False,0.9721792890262752,0.95801133436373,0.014167954662545168,0.014167954662545168,True,0.9997422015983501,0.9997422015983501,0.0,0.0,True,0.09090909090909091,0.09090909090909091,0.0,0.0,True,0.18181818181818182,0.18181818181818182,0.0,0.0,True,0.45454545454545453,0.2727272727272727,0.18181818181818182,0.18181818181818182,True,0.7272727272727273,0.7272727272727273,0.0,0.0,True,0.2839873335860561,0.3002375563379423,-0.0162502227518862,-0.0162502227518862,False,1.0616640212543567,1.0,0.06166402125435666,0.06166402125435666,True,3880,0.9997422015983501,3878,3879,archuleta_bluff_common_valid,3881,0.9997422015983501,3878
67,reward_jon_p95_peak875_heff,8,completed,8e7fdcf7f68a103b7249dfb8516b8a28dce87f62,a46c01d4fdda860feb330e4af867ce73a003880c6a73745e16d9e466d6e8b009,holdout_2014_2024_08_17,corrected_phase95_historic_screen_v1,11af0f359546ca6499bfae9140aabdd065d51ec67e688c3529cde423613e044a,9,10,False,0.0,0.0,0.0,0.0,True,0.7199311242207922,0.6856296239512203,0.034301500269571905,0.034301500269571905,True,0.9755280783101494,0.95801133436373,0.017516743946419444,0.017516743946419444,True,0.9997422015983501,0.9997422015983501,0.0,0.0,True,0.09090909090909091,0.09090909090909091,0.0,0.0,True,0.2727272727272727,0.18181818181818182,0.09090909090909088,0.09090909090909088,True,0.36363636363636365,0.2727272727272727,0.09090909090909094,0.09090909090909094,True,0.7272727272727273,0.7272727272727273,0.0,0.0,True,0.30281745430923607,0.3002375563379423,0.0025798979712937653,0.0025798979712937653,True,0.9938615376629354,1.0,-0.00613846233706461,-0.00613846233706461,False,3880,0.9997422015983501,3878,3879,archuleta_bluff_common_valid,3881,0.9997422015983501,3878
68,reward_jon_p95_peak875_hdisceff,8,completed,8e7fdcf7f68a103b7249dfb8516b8a28dce87f62,a46c01d4fdda860feb330e4af867ce73a003880c6a73745e16d9e466d6e8b009,holdout_2014_2024_08_17,corrected_phase95_historic_screen_v1,11af0f359546ca6499bfae9140aabdd065d51ec67e688c3529cde423613e044a,4,10,False,0.0,0.0,0.0,0.0,True,0.3986978588029381,0.6856296239512203,-0.28693176514828217,-0.28693176514828217,False,0.8701700154559505,0.95801133436373,-0.08784131890777946,-0.08784131890777946,False,0.9997422015983501,0.9997422015983501,0.0,0.0,True,0.0,0.09090909090909091,-0.09090909090909091,-0.09090909090909091,False,0.18181818181818182,0.18181818181818182,0.0,0.0,True,0.18181818181818182,0.2727272727272727,-0.09090909090909088,-0.09090909090909088,False,0.5454545454545454,0.7272727272727273,-0.18181818181818188,-0.18181818181818188,False,0.17481742557210217,0.3002375563379423,-0.12542013076584013,-0.12542013076584013,False,1.7670185030902978,1.0,0.7670185030902978,0.7670185030902978,True,3880,0.9997422015983501,3878,3879,archuleta_bluff_common_valid,3881,0.9997422015983501,3878
69,reward_jon_p95_plateau90_96_hsoft,8,completed,8e7fdcf7f68a103b7249dfb8516b8a28dce87f62,a46c01d4fdda860feb330e4af867ce73a003880c6a73745e16d9e466d6e8b009,holdout_2014_2024_08_17,corrected_phase95_historic_screen_v1,11af0f359546ca6499bfae9140aabdd065d51ec67e688c3529cde423613e044a,7,10,False,0.0,0.0,0.0,0.0,True,0.6076743141596201,0.6856296239512203,-0.07795530979160015,-0.07795530979160015,False,0.9799072642967542,0.95801133436373,0.02189592993302425,0.02189592993302425,True,0.9997422015983501,0.9997422015983501,0.0,0.0,True,0.09090909090909091,0.09090909090909091,0.0,0.0,True,0.09090909090909091,0.18181818181818182,-0.09090909090909091,-0.09090909090909091,False,0.36363636363636365,0.2727272727272727,0.09090909090909094,0.09090909090909094,True,0.8181818181818182,0.7272727272727273,0.09090909090909094,0.09090909090909094,True,0.3016944950700766,0.3002375563379423,0.0014569387321343163,0.0014569387321343163,True,0.9904507361549326,1.0,-0.00954926384506738,-0.00954926384506738,False,3880,0.9997422015983501,3878,3879,archuleta_bluff_common_valid,3881,0.9997422015983501,3878
70,reward_jon_p95_plateau90_96_heff,8,completed,8e7fdcf7f68a103b7249dfb8516b8a28dce87f62,a46c01d4fdda860feb330e4af867ce73a003880c6a73745e16d9e466d6e8b009,holdout_2014_2024_08_17,corrected_phase95_historic_screen_v1,11af0f359546ca6499bfae9140aabdd065d51ec67e688c3529cde423613e044a,9,10,False,0.0,0.0,0.0,0.0,True,0.7373811589900825,0.6856296239512203,0.051751535038862206,0.051751535038862206,True,0.9654817104585265,0.95801133436373,0.007470376094796505,0.007470376094796505,True,0.9997422015983501,0.9997422015983501,0.0,0.0,True,0.09090909090909091,0.09090909090909091,0.0,0.0,True,0.2727272727272727,0.18181818181818182,0.09090909090909088,0.09090909090909088,True,0.45454545454545453,0.2727272727272727,0.18181818181818182,0.18181818181818182,True,0.7272727272727273,0.7272727272727273,0.0,0.0,True,0.2677330980294279,0.3002375563379423,-0.032504458308514395,-0.032504458308514395,False,1.0773663747625186,1.0,0.07736637476251862,0.07736637476251862,True,3880,0.9997422015983501,3878,3879,archuleta_bluff_common_valid,3881,0.9997422015983501,3878
71,reward_jon_p95_oishift875to90_heff_niip275,8,completed,8e7fdcf7f68a103b7249dfb8516b8a28dce87f62,a46c01d4fdda860feb330e4af867ce73a003880c6a73745e16d9e466d6e8b009,holdout_2014_2024_08_17,corrected_phase95_historic_screen_v1,11af0f359546ca6499bfae9140aabdd065d51ec67e688c3529cde423613e044a,9,10,False,0.0,0.0,0.0,0.0,True,0.7362648737777923,0.6856296239512203,0.05063524982657197,0.05063524982657197,True,0.9809376609994848,0.95801133436373,0.02292632663575478,0.02292632663575478,True,0.9997422015983501,0.9997422015983501,0.0,0.0,True,0.09090909090909091,0.09090909090909091,0.0,0.0,True,0.18181818181818182,0.18181818181818182,0.0,0.0,True,0.45454545454545453,0.2727272727272727,0.18181818181818182,0.18181818181818182,True,1.0,0.7272727272727273,0.2727272727272727,0.2727272727272727,True,0.3334422684307214,0.3002375563379423,0.03320471209277909,0.03320471209277909,True,0.6832381521074982,1.0,-0.31676184789250184,-0.31676184789250184,False,3880,0.9997422015983501,3878,3879,archuleta_bluff_common_valid,3881,0.9997422015983501,3878
72,reward_jon_p95_oishift875to90_hsoft,9,completed,8e7fdcf7f68a103b7249dfb8516b8a28dce87f62,a46c01d4fdda860feb330e4af867ce73a003880c6a73745e16d9e466d6e8b009,holdout_2014_2024_08_17,corrected_phase95_historic_screen_v1,11af0f359546ca6499bfae9140aabdd065d51ec67e688c3529cde423613e044a,7,10,False,0.0,0.0,0.0,0.0,True,0.389907349134227,0.6856296239512203,-0.2957222748169933,-0.2957222748169933,False,0.9755280783101494,0.95801133436373,0.017516743946419444,0.017516743946419444,True,0.9997422015983501,0.9997422015983501,0.0,0.0,True,0.09090909090909091,0.09090909090909091,0.0,0.0,True,0.09090909090909091,0.18181818181818182,-0.09090909090909091,-0.09090909090909091,False,0.0,0.2727272727272727,-0.2727272727272727,-0.2727272727272727,False,0.9090909090909091,0.7272727272727273,0.18181818181818177,0.18181818181818177,True,0.30162276033496743,0.3002375563379423,0.0013852039970251306,0.0013852039970251306,True,1.0739513828446174,1.0,0.07395138284461744,0.07395138284461744,True,3880,0.9997422015983501,3878,3879,archuleta_bluff_common_valid,3881,0.9997422015983501,3878
73,reward_jon_p95_oishift875to90_heff,9,completed,8e7fdcf7f68a103b7249dfb8516b8a28dce87f62,a46c01d4fdda860feb330e4af867ce73a003880c6a73745e16d9e466d6e8b009,holdout_2014_2024_08_17,corrected_phase95_historic_screen_v1,11af0f359546ca6499bfae9140aabdd065d51ec67e688c3529cde423613e044a,6,10,False,0.0,0.0,0.0,0.0,True,0.5314429134919535,0.6856296239512203,-0.1541867104592668,-0.1541867104592668,False,0.9994848016486347,0.95801133436373,0.04147346728490475,0.04147346728490475,True,1.0,0.9997422015983501,0.0002577984016498558,0.0002577984016498558,True,0.0,0.09090909090909091,-0.09090909090909091,-0.09090909090909091,False,0.0,0.18181818181818182,-0.18181818181818182,-0.18181818181818182,False,0.0,0.2727272727272727,-0.2727272727272727,-0.2727272727272727,False,1.0,0.7272727272727273,0.2727272727272727,0.2727272727272727,True,0.3221102781910635,0.3002375563379423,0.021872721853121224,0.021872721853121224,True,1.1542588590274478,1.0,0.15425885902744785,0.15425885902744785,True,3880,1.0,3879,3879,archuleta_bluff_common_valid,3881,0.9997422015983501,3878
74,reward_jon_p95_oishift875to90_hdisceff,9,completed,8e7fdcf7f68a103b7249dfb8516b8a28dce87f62,a46c01d4fdda860feb330e4af867ce73a003880c6a73745e16d9e466d6e8b009,holdout_2014_2024_08_17,corrected_phase95_historic_screen_v1,11af0f359546ca6499bfae9140aabdd065d51ec67e688c3529cde423613e044a,7,10,False,0.0,0.0,0.0,0.0,True,0.44446762662346995,0.6856296239512203,-0.24116199732775034,-0.24116199732775034,False,0.973724884080371,0.95801133436373,0.015713549716640962,0.015713549716640962,True,0.9997422015983501,0.9997422015983501,0.0,0.0,True,0.09090909090909091,0.09090909090909091,0.0,0.0,True,0.18181818181818182,0.18181818181818182,0.0,0.0,True,0.18181818181818182,0.2727272727272727,-0.09090909090909088,-0.09090909090909088,False,0.7272727272727273,0.7272727272727273,0.0,0.0,True,0.2857324733396458,0.3002375563379423,-0.014505082998296503,-0.014505082998296503,False,1.094837807057112,1.0,0.09483780705711209,0.09483780705711209,True,3880,0.9997422015983501,3878,3879,archuleta_bluff_common_valid,3881,0.9997422015983501,3878
75,reward_jon_p95_peak875_heff,9,completed,8e7fdcf7f68a103b7249dfb8516b8a28dce87f62,a46c01d4fdda860feb330e4af867ce73a003880c6a73745e16d9e466d6e8b009,holdout_2014_2024_08_17,corrected_phase95_historic_screen_v1,11af0f359546ca6499bfae9140aabdd065d51ec67e688c3529cde423613e044a,7,10,False,0.0,0.0,0.0,0.0,True,0.5647595524423079,0.6856296239512203,-0.12087007150891238,-0.12087007150891238,False,0.9456465739309634,0.95801133436373,-0.012364760432766575,-0.012364760432766575,False,0.9997422015983501,0.9997422015983501,0.0,0.0,True,0.09090909090909091,0.09090909090909091,0.0,0.0,True,0.18181818181818182,0.18181818181818182,0.0,0.0,True,0.2727272727272727,0.2727272727272727,0.0,0.0,True,0.8181818181818182,0.7272727272727273,0.09090909090909094,0.09090909090909094,True,0.29733835872518183,0.3002375563379423,-0.0028991976127604735,-0.0028991976127604735,False,1.0848682034063981,1.0,0.08486820340639811,0.08486820340639811,True,3880,0.9997422015983501,3878,3879,archuleta_bluff_common_valid,3881,0.9997422015983501,3878
76,reward_jon_p95_peak875_hdisceff,9,completed,8e7fdcf7f68a103b7249dfb8516b8a28dce87f62,a46c01d4fdda860feb330e4af867ce73a003880c6a73745e16d9e466d6e8b009,holdout_2014_2024_08_17,corrected_phase95_historic_screen_v1,11af0f359546ca6499bfae9140aabdd065d51ec67e688c3529cde423613e044a,6,10,False,0.0,0.0,0.0,0.0,True,0.4652891516050488,0.6856296239512203,-0.2203404723461715,-0.2203404723461715,False,0.982225656877898,0.95801133436373,0.024214322514167996,0.024214322514167996,True,0.9997422015983501,0.9997422015983501,0.0,0.0,True,0.09090909090909091,0.09090909090909091,0.0,0.0,True,0.09090909090909091,0.18181818181818182,-0.09090909090909091,-0.09090909090909091,False,0.09090909090909091,0.2727272727272727,-0.1818181818181818,-0.1818181818181818,False,0.7272727272727273,0.7272727272727273,0.0,0.0,True,0.29821573012400526,0.3002375563379423,-0.002021826213937039,-0.002021826213937039,False,1.1413859619277704,1.0,0.14138596192777042,0.14138596192777042,True,3880,0.9997422015983501,3878,3879,archuleta_bluff_common_valid,3881,0.9997422015983501,3878
77,reward_jon_p95_plateau90_96_hsoft,9,completed,8e7fdcf7f68a103b7249dfb8516b8a28dce87f62,a46c01d4fdda860feb330e4af867ce73a003880c6a73745e16d9e466d6e8b009,holdout_2014_2024_08_17,corrected_phase95_historic_screen_v1,11af0f359546ca6499bfae9140aabdd065d51ec67e688c3529cde423613e044a,5,10,False,0.0,0.0,0.0,0.0,True,0.37428081367463845,0.6856296239512203,-0.31134881027658184,-0.31134881027658184,False,0.9860896445131375,0.95801133436373,0.028078310149407537,0.028078310149407537,True,0.9997422015983501,0.9997422015983501,0.0,0.0,True,0.0,0.09090909090909091,-0.09090909090909091,-0.09090909090909091,False,0.09090909090909091,0.18181818181818182,-0.09090909090909091,-0.09090909090909091,False,0.09090909090909091,0.2727272727272727,-0.1818181818181818,-0.1818181818181818,False,0.7272727272727273,0.7272727272727273,0.0,0.0,True,0.2989813007024661,0.3002375563379423,-0.001256255635476211,-0.001256255635476211,False,1.1403636567083548,1.0,0.14036365670835482,0.14036365670835482,True,3880,0.9997422015983501,3878,3879,archuleta_bluff_common_valid,3881,0.9997422015983501,3878
78,reward_jon_p95_plateau90_96_heff,9,completed,8e7fdcf7f68a103b7249dfb8516b8a28dce87f62,a46c01d4fdda860feb330e4af867ce73a003880c6a73745e16d9e466d6e8b009,holdout_2014_2024_08_17,corrected_phase95_historic_screen_v1,11af0f359546ca6499bfae9140aabdd065d51ec67e688c3529cde423613e044a,8,10,False,0.0,0.0,0.0,0.0,True,0.5341139458879604,0.6856296239512203,-0.15151567806325994,-0.15151567806325994,False,0.9881504379185987,0.95801133436373,0.030139103554868707,0.030139103554868707,True,0.9997422015983501,0.9997422015983501,0.0,0.0,True,0.09090909090909091,0.09090909090909091,0.0,0.0,True,0.18181818181818182,0.18181818181818182,0.0,0.0,True,0.18181818181818182,0.2727272727272727,-0.09090909090909088,-0.09090909090909088,False,0.8181818181818182,0.7272727272727273,0.09090909090909094,0.09090909090909094,True,0.30465773539683993,0.3002375563379423,0.004420179058897633,0.004420179058897633,True,1.067547359171771,1.0,0.06754735917177102,0.06754735917177102,True,3880,0.9997422015983501,3878,3879,archuleta_bluff_common_valid,3881,0.9997422015983501,3878
79,reward_jon_p95_oishift875to90_heff_niip275,9,completed,8e7fdcf7f68a103b7249dfb8516b8a28dce87f62,a46c01d4fdda860feb330e4af867ce73a003880c6a73745e16d9e466d6e8b009,holdout_2014_2024_08_17,corrected_phase95_historic_screen_v1,11af0f359546ca6499bfae9140aabdd065d51ec67e688c3529cde423613e044a,7,10,False,0.0,0.0,0.0,0.0,True,0.544273821108129,0.6856296239512203,-0.14135580284309124,-0.14135580284309124,False,0.9853168469860897,0.95801133436373,0.027305512622359696,0.027305512622359696,True,0.9997422015983501,0.9997422015983501,0.0,0.0,True,0.09090909090909091,0.09090909090909091,0.0,0.0,True,0.18181818181818182,0.18181818181818182,0.0,0.0,True,0.18181818181818182,0.2727272727272727,-0.09090909090909088,-0.09090909090909088,False,0.9090909090909091,0.7272727272727273,0.18181818181818177,0.18181818181818177,True,0.3001137076463504,0.3002375563379423,-0.00012384869159187684,-0.00012384869159187684,False,1.1137742865258466,1.0,0.11377428652584665,0.11377428652584665,True,3880,0.9997422015983501,3878,3879,archuleta_bluff_common_valid,3881,0.9997422015983501,3878
80,reward_jon_p95_oishift875to90_hsoft,10,completed,8e7fdcf7f68a103b7249dfb8516b8a28dce87f62,a46c01d4fdda860feb330e4af867ce73a003880c6a73745e16d9e466d6e8b009,holdout_2014_2024_08_17,corrected_phase95_historic_screen_v1,11af0f359546ca6499bfae9140aabdd065d51ec67e688c3529cde423613e044a,5,10,False,0.0,0.0,0.0,0.0,True,0.6143409100678239,0.6856296239512203,-0.07128871388339642,-0.07128871388339642,False,0.9739824832560536,0.95801133436373,0.01597114889232365,0.01597114889232365,True,1.0,0.9997422015983501,0.0002577984016498558,0.0002577984016498558,True,0.0,0.09090909090909091,-0.09090909090909091,-0.09090909090909091,False,0.0,0.18181818181818182,-0.18181818181818182,-0.18181818181818182,False,0.0,0.2727272727272727,-0.2727272727272727,-0.2727272727272727,False,1.0,0.7272727272727273,0.2727272727272727,0.2727272727272727,True,0.291042169301662,0.3002375563379423,-0.009195387036280311,-0.009195387036280311,False,1.1161421679076813,1.0,0.11614216790768128,0.11614216790768128,True,3880,1.0,3879,3879,archuleta_bluff_common_valid,3881,0.9997422015983501,3878
81,reward_jon_p95_oishift875to90_heff,10,completed,8e7fdcf7f68a103b7249dfb8516b8a28dce87f62,a46c01d4fdda860feb330e4af867ce73a003880c6a73745e16d9e466d6e8b009,holdout_2014_2024_08_17,corrected_phase95_historic_screen_v1,11af0f359546ca6499bfae9140aabdd065d51ec67e688c3529cde423613e044a,7,10,False,0.0,0.0,0.0,0.0,True,0.6994191770271447,0.6856296239512203,0.013789553075924443,0.013789553075924443,True,0.9654817104585265,0.95801133436373,0.007470376094796505,0.007470376094796505,True,0.9997422015983501,0.9997422015983501,0.0,0.0,True,0.0,0.09090909090909091,-0.09090909090909091,-0.09090909090909091,False,0.18181818181818182,0.18181818181818182,0.0,0.0,True,0.18181818181818182,0.2727272727272727,-0.09090909090909088,-0.09090909090909088,False,0.8181818181818182,0.7272727272727273,0.09090909090909094,0.09090909090909094,True,0.26215192578039065,0.3002375563379423,-0.03808563055755165,-0.03808563055755165,False,1.13855210791281,1.0,0.13855210791281003,0.13855210791281003,True,3880,0.9997422015983501,3878,3879,archuleta_bluff_common_valid,3881,0.9997422015983501,3878
82,reward_jon_p95_oishift875to90_hdisceff,10,completed,8e7fdcf7f68a103b7249dfb8516b8a28dce87f62,a46c01d4fdda860feb330e4af867ce73a003880c6a73745e16d9e466d6e8b009,holdout_2014_2024_08_17,corrected_phase95_historic_screen_v1,11af0f359546ca6499bfae9140aabdd065d51ec67e688c3529cde423613e044a,6,10,False,0.0,0.0,0.0,0.0,True,0.639504365326863,0.6856296239512203,-0.046125258624357346,-0.046125258624357346,False,0.9714064914992272,0.95801133436373,0.013395157135497215,0.013395157135497215,True,0.9997422015983501,0.9997422015983501,0.0,0.0,True,0.0,0.09090909090909091,-0.09090909090909091,-0.09090909090909091,False,0.18181818181818182,0.18181818181818182,0.0,0.0,True,0.09090909090909091,0.2727272727272727,-0.1818181818181818,-0.1818181818181818,False,0.9090909090909091,0.7272727272727273,0.18181818181818177,0.18181818181818177,True,0.2844856807191405,0.3002375563379423,-0.015751875618801814,-0.015751875618801814,False,1.1076806999974056,1.0,0.1076806999974056,0.1076806999974056,True,3880,0.9997422015983501,3878,3879,archuleta_bluff_common_valid,3881,0.9997422015983501,3878
83,reward_jon_p95_peak875_heff,10,completed,8e7fdcf7f68a103b7249dfb8516b8a28dce87f62,a46c01d4fdda860feb330e4af867ce73a003880c6a73745e16d9e466d6e8b009,holdout_2014_2024_08_17,corrected_phase95_historic_screen_v1,11af0f359546ca6499bfae9140aabdd065d51ec67e688c3529cde423613e044a,8,10,False,0.0,0.0,0.0,0.0,True,0.7228050846870002,0.6856296239512203,0.03717546073577993,0.03717546073577993,True,0.9693456980937661,0.95801133436373,0.011334363730036157,0.011334363730036157,True,0.9997422015983501,0.9997422015983501,0.0,0.0,True,0.09090909090909091,0.09090909090909091,0.0,0.0,True,0.18181818181818182,0.18181818181818182,0.0,0.0,True,0.09090909090909091,0.2727272727272727,-0.1818181818181818,-0.1818181818181818,False,0.8181818181818182,0.7272727272727273,0.09090909090909094,0.09090909090909094,True,0.27748436319236575,0.3002375563379423,-0.022753193145576556,-0.022753193145576556,False,1.0822288377283678,1.0,0.08222883772836775,0.08222883772836775,True,3880,0.9997422015983501,3878,3879,archuleta_bluff_common_valid,3881,0.9997422015983501,3878
84,reward_jon_p95_peak875_hdisceff,10,completed,8e7fdcf7f68a103b7249dfb8516b8a28dce87f62,a46c01d4fdda860feb330e4af867ce73a003880c6a73745e16d9e466d6e8b009,holdout_2014_2024_08_17,corrected_phase95_historic_screen_v1,11af0f359546ca6499bfae9140aabdd065d51ec67e688c3529cde423613e044a,8,10,False,0.0,0.0,0.0,0.0,True,0.701747783973161,0.6856296239512203,0.016118160021940664,0.016118160021940664,True,0.973724884080371,0.95801133436373,0.015713549716640962,0.015713549716640962,True,0.9997422015983501,0.9997422015983501,0.0,0.0,True,0.09090909090909091,0.09090909090909091,0.0,0.0,True,0.18181818181818182,0.18181818181818182,0.0,0.0,True,0.18181818181818182,0.2727272727272727,-0.09090909090909088,-0.09090909090909088,False,0.7272727272727273,0.7272727272727273,0.0,0.0,True,0.31754426846802647,0.3002375563379423,0.017306712130084168,0.017306712130084168,True,0.9949807124184484,1.0,-0.005019287581551568,-0.005019287581551568,False,3880,0.9997422015983501,3878,3879,archuleta_bluff_common_valid,3881,0.9997422015983501,3878
85,reward_jon_p95_plateau90_96_hsoft,10,completed,8e7fdcf7f68a103b7249dfb8516b8a28dce87f62,a46c01d4fdda860feb330e4af867ce73a003880c6a73745e16d9e466d6e8b009,holdout_2014_2024_08_17,corrected_phase95_historic_screen_v1,11af0f359546ca6499bfae9140aabdd065d51ec67e688c3529cde423613e044a,5,10,False,90227.0138620704,0.0,90227.0138620704,-90227.0138620704,False,0.8242950834573525,0.6856296239512203,0.13866545950613218,0.13866545950613218,True,0.9072642967542504,0.95801133436373,-0.05074703760947963,-0.05074703760947963,False,0.9948440319670018,0.9997422015983501,-0.00489816963134837,-0.00489816963134837,False,0.09090909090909091,0.09090909090909091,0.0,0.0,True,0.18181818181818182,0.18181818181818182,0.0,0.0,True,0.2727272727272727,0.2727272727272727,0.0,0.0,True,0.8181818181818182,0.7272727272727273,0.09090909090909094,0.09090909090909094,True,0.2849138970573917,0.3002375563379423,-0.015323659280550628,-0.015323659280550628,False,0.9893139743032945,1.0,-0.010686025696705514,-0.010686025696705514,False,3880,0.9948440319670018,3859,3879,archuleta_bluff_common_valid,3881,0.9997422015983501,3878
86,reward_jon_p95_plateau90_96_heff,10,completed,8e7fdcf7f68a103b7249dfb8516b8a28dce87f62,a46c01d4fdda860feb330e4af867ce73a003880c6a73745e16d9e466d6e8b009,holdout_2014_2024_08_17,corrected_phase95_historic_screen_v1,11af0f359546ca6499bfae9140aabdd065d51ec67e688c3529cde423613e044a,6,10,False,0.0,0.0,0.0,0.0,True,0.6822926939155965,0.6856296239512203,-0.003336930035623742,-0.003336930035623742,False,0.973724884080371,0.95801133436373,0.015713549716640962,0.015713549716640962,True,0.9997422015983501,0.9997422015983501,0.0,0.0,True,0.0,0.09090909090909091,-0.09090909090909091,-0.09090909090909091,False,0.0,0.18181818181818182,-0.18181818181818182,-0.18181818181818182,False,0.0,0.2727272727272727,-0.2727272727272727,-0.2727272727272727,False,0.8181818181818182,0.7272727272727273,0.09090909090909094,0.09090909090909094,True,0.31689590172630305,0.3002375563379423,0.01665834538836075,0.01665834538836075,True,1.0726442297224712,1.0,0.0726442297224712,0.0726442297224712,True,3880,0.9997422015983501,3878,3879,archuleta_bluff_common_valid,3881,0.9997422015983501,3878
87,reward_jon_p95_oishift875to90_heff_niip275,10,completed,8e7fdcf7f68a103b7249dfb8516b8a28dce87f62,a46c01d4fdda860feb330e4af867ce73a003880c6a73745e16d9e466d6e8b009,holdout_2014_2024_08_17,corrected_phase95_historic_screen_v1,11af0f359546ca6499bfae9140aabdd065d51ec67e688c3529cde423613e044a,7,10,False,0.0,0.0,0.0,0.0,True,0.7081409066508955,0.6856296239512203,0.022511282699675172,0.022511282699675172,True,0.9618753219989696,0.95801133436373,0.003863987635239652,0.003863987635239652,True,0.9997422015983501,0.9997422015983501,0.0,0.0,True,0.0,0.09090909090909091,-0.09090909090909091,-0.09090909090909091,False,0.09090909090909091,0.18181818181818182,-0.09090909090909091,-0.09090909090909091,False,0.2727272727272727,0.2727272727272727,0.0,0.0,True,0.9090909090909091,0.7272727272727273,0.18181818181818177,0.18181818181818177,True,0.26187589622315377,0.3002375563379423,-0.03836166011478853,-0.03836166011478853,False,1.201240411217836,1.0,0.2012404112178361,0.2012404112178361,True,3880,0.9997422015983501,3878,3879,archuleta_bluff_common_valid,3881,0.9997422015983501,3878
88,reward_jon_p95_oishift875to90_hsoft,11,completed,8e7fdcf7f68a103b7249dfb8516b8a28dce87f62,a46c01d4fdda860feb330e4af867ce73a003880c6a73745e16d9e466d6e8b009,holdout_2014_2024_08_17,corrected_phase95_historic_screen_v1,11af0f359546ca6499bfae9140aabdd065d51ec67e688c3529cde423613e044a,9,10,False,0.0,0.0,0.0,0.0,True,0.7376622286367819,0.6856296239512203,0.05203260468556159,0.05203260468556159,True,0.9608449252962391,0.95801133436373,0.0028335909325091224,0.0028335909325091224,True,0.9997422015983501,0.9997422015983501,0.0,0.0,True,0.09090909090909091,0.09090909090909091,0.0,0.0,True,0.18181818181818182,0.18181818181818182,0.0,0.0,True,0.2727272727272727,0.2727272727272727,0.0,0.0,True,0.7272727272727273,0.7272727272727273,0.0,0.0,True,0.2722236316614068,0.3002375563379423,-0.028013924676535518,-0.028013924676535518,False,1.1142005074217018,1.0,0.11420050742170185,0.11420050742170185,True,3880,0.9997422015983501,3878,3879,archuleta_bluff_common_valid,3881,0.9997422015983501,3878
89,reward_jon_p95_oishift875to90_heff,11,completed,8e7fdcf7f68a103b7249dfb8516b8a28dce87f62,a46c01d4fdda860feb330e4af867ce73a003880c6a73745e16d9e466d6e8b009,holdout_2014_2024_08_17,corrected_phase95_historic_screen_v1,11af0f359546ca6499bfae9140aabdd065d51ec67e688c3529cde423613e044a,7,10,False,0.0,0.0,0.0,0.0,True,0.6520055565237692,0.6856296239512203,-0.033624067427451054,-0.033624067427451054,False,0.9693456980937661,0.95801133436373,0.011334363730036157,0.011334363730036157,True,0.9997422015983501,0.9997422015983501,0.0,0.0,True,0.09090909090909091,0.09090909090909091,0.0,0.0,True,0.18181818181818182,0.18181818181818182,0.0,0.0,True,0.18181818181818182,0.2727272727272727,-0.09090909090909088,-0.09090909090909088,False,0.7272727272727273,0.7272727272727273,0.0,0.0,True,0.2686775412880952,0.3002375563379423,-0.03156001504984712,-0.03156001504984712,False,1.1538439197339503,1.0,0.15384391973395029,0.15384391973395029,True,3880,0.9997422015983501,3878,3879,archuleta_bluff_common_valid,3881,0.9997422015983501,3878
90,reward_jon_p95_oishift875to90_hdisceff,11,completed,8e7fdcf7f68a103b7249dfb8516b8a28dce87f62,a46c01d4fdda860feb330e4af867ce73a003880c6a73745e16d9e466d6e8b009,holdout_2014_2024_08_17,corrected_phase95_historic_screen_v1,11af0f359546ca6499bfae9140aabdd065d51ec67e688c3529cde423613e044a,4,10,False,60816.35108128004,0.0,60816.35108128004,-60816.35108128004,False,0.7910344141599777,0.6856296239512203,0.10540479020875737,0.10540479020875737,True,0.9513137557959814,0.95801133436373,-0.006697578567748552,-0.006697578567748552,False,0.9976798143851509,0.9997422015983501,-0.0020623872131992904,-0.0020623872131992904,False,0.0,0.09090909090909091,-0.09090909090909091,-0.09090909090909091,False,0.0,0.18181818181818182,-0.18181818181818182,-0.18181818181818182,False,0.2727272727272727,0.2727272727272727,0.0,0.0,True,0.7272727272727273,0.7272727272727273,0.0,0.0,True,0.3328725863198752,0.3002375563379423,0.032635029981932906,0.032635029981932906,True,0.9143712956208807,1.0,-0.08562870437911929,-0.08562870437911929,False,3880,0.9976798143851509,3870,3879,archuleta_bluff_common_valid,3881,0.9997422015983501,3878
91,reward_jon_p95_peak875_heff,11,completed,8e7fdcf7f68a103b7249dfb8516b8a28dce87f62,a46c01d4fdda860feb330e4af867ce73a003880c6a73745e16d9e466d6e8b009,holdout_2014_2024_08_17,corrected_phase95_historic_screen_v1,11af0f359546ca6499bfae9140aabdd065d51ec67e688c3529cde423613e044a,8,10,False,0.0,0.0,0.0,0.0,True,0.6597886737467045,0.6856296239512203,-0.025840950204515822,-0.025840950204515822,False,0.982225656877898,0.95801133436373,0.024214322514167996,0.024214322514167996,True,0.9997422015983501,0.9997422015983501,0.0,0.0,True,0.09090909090909091,0.09090909090909091,0.0,0.0,True,0.2727272727272727,0.18181818181818182,0.09090909090909088,0.09090909090909088,True,0.36363636363636365,0.2727272727272727,0.09090909090909094,0.09090909090909094,True,0.7272727272727273,0.7272727272727273,0.0,0.0,True,0.2876031087875316,0.3002375563379423,-0.01263444755041071,-0.01263444755041071,False,1.1553180103802692,1.0,0.15531801038026916,0.15531801038026916,True,3880,0.9997422015983501,3878,3879,archuleta_bluff_common_valid,3881,0.9997422015983501,3878
92,reward_jon_p95_peak875_hdisceff,11,completed,8e7fdcf7f68a103b7249dfb8516b8a28dce87f62,a46c01d4fdda860feb330e4af867ce73a003880c6a73745e16d9e466d6e8b009,holdout_2014_2024_08_17,corrected_phase95_historic_screen_v1,11af0f359546ca6499bfae9140aabdd065d51ec67e688c3529cde423613e044a,6,10,False,101687.45200826018,0.0,101687.45200826018,-101687.45200826018,False,0.8092794808994599,0.6856296239512203,0.1236498569482396,0.1236498569482396,True,0.8153013910355487,0.95801133436373,-0.14270994332818132,-0.14270994332818132,False,0.9966486207785512,0.9997422015983501,-0.0030935808197989356,-0.0030935808197989356,False,0.09090909090909091,0.09090909090909091,0.0,0.0,True,0.2727272727272727,0.18181818181818182,0.09090909090909088,0.09090909090909088,True,0.36363636363636365,0.2727272727272727,0.09090909090909094,0.09090909090909094,True,0.7272727272727273,0.7272727272727273,0.0,0.0,True,0.30385413320000065,0.3002375563379423,0.0036165768620583516,0.0036165768620583516,True,0.9938599522430882,1.0,-0.006140047756911793,-0.006140047756911793,False,3880,0.9966486207785512,3866,3879,archuleta_bluff_common_valid,3881,0.9997422015983501,3878
93,reward_jon_p95_plateau90_96_hsoft,11,completed,8e7fdcf7f68a103b7249dfb8516b8a28dce87f62,a46c01d4fdda860feb330e4af867ce73a003880c6a73745e16d9e466d6e8b009,holdout_2014_2024_08_17,corrected_phase95_historic_screen_v1,11af0f359546ca6499bfae9140aabdd065d51ec67e688c3529cde423613e044a,8,10,False,0.0,0.0,0.0,0.0,True,0.7799323883655678,0.6856296239512203,0.09430276441434748,0.09430276441434748,True,0.9162802679031428,0.95801133436373,-0.04173106646058722,-0.04173106646058722,False,0.9997422015983501,0.9997422015983501,0.0,0.0,True,0.09090909090909091,0.09090909090909091,0.0,0.0,True,0.18181818181818182,0.18181818181818182,0.0,0.0,True,0.2727272727272727,0.2727272727272727,0.0,0.0,True,0.7272727272727273,0.7272727272727273,0.0,0.0,True,0.2957946859925146,0.3002375563379423,-0.004442870345427674,-0.004442870345427674,False,1.0390395786283493,1.0,0.03903957862834928,0.03903957862834928,True,3880,0.9997422015983501,3878,3879,archuleta_bluff_common_valid,3881,0.9997422015983501,3878
94,reward_jon_p95_plateau90_96_heff,11,completed,8e7fdcf7f68a103b7249dfb8516b8a28dce87f62,a46c01d4fdda860feb330e4af867ce73a003880c6a73745e16d9e466d6e8b009,holdout_2014_2024_08_17,corrected_phase95_historic_screen_v1,11af0f359546ca6499bfae9140aabdd065d51ec67e688c3529cde423613e044a,9,10,False,0.0,0.0,0.0,0.0,True,0.7425276632586119,0.6856296239512203,0.05689803930739157,0.05689803930739157,True,0.9456465739309634,0.95801133436373,-0.012364760432766575,-0.012364760432766575,False,0.9997422015983501,0.9997422015983501,0.0,0.0,True,0.09090909090909091,0.09090909090909091,0.0,0.0,True,0.2727272727272727,0.18181818181818182,0.09090909090909088,0.09090909090909088,True,0.2727272727272727,0.2727272727272727,0.0,0.0,True,0.7272727272727273,0.7272727272727273,0.0,0.0,True,0.3070698695042332,0.3002375563379423,0.006832313166290904,0.006832313166290904,True,1.098574484174748,1.0,0.09857448417474801,0.09857448417474801,True,3880,0.9997422015983501,3878,3879,archuleta_bluff_common_valid,3881,0.9997422015983501,3878
95,reward_jon_p95_oishift875to90_heff_niip275,11,completed,8e7fdcf7f68a103b7249dfb8516b8a28dce87f62,a46c01d4fdda860feb330e4af867ce73a003880c6a73745e16d9e466d6e8b009,holdout_2014_2024_08_17,corrected_phase95_historic_screen_v1,11af0f359546ca6499bfae9140aabdd065d51ec67e688c3529cde423613e044a,5,10,False,0.0,0.0,0.0,0.0,True,0.45164058687689157,0.6856296239512203,-0.23398903707432872,-0.23398903707432872,False,0.9845440494590417,0.95801133436373,0.026532715095311743,0.026532715095311743,True,0.9997422015983501,0.9997422015983501,0.0,0.0,True,0.09090909090909091,0.09090909090909091,0.0,0.0,True,0.09090909090909091,0.18181818181818182,-0.09090909090909091,-0.09090909090909091,False,0.0,0.2727272727272727,-0.2727272727272727,-0.2727272727272727,False,0.6363636363636364,0.7272727272727273,-0.09090909090909094,-0.09090909090909094,False,0.23656137214312387,0.3002375563379423,-0.06367618419481844,-0.06367618419481844,False,1.4414624232006392,1.0,0.4414624232006392,0.4414624232006392,True,3880,0.9997422015983501,3878,3879,archuleta_bluff_common_valid,3881,0.9997422015983501,3878
96,reward_jon_p95_oishift875to90_hsoft,12,completed,8e7fdcf7f68a103b7249dfb8516b8a28dce87f62,a46c01d4fdda860feb330e4af867ce73a003880c6a73745e16d9e466d6e8b009,holdout_2014_2024_08_17,corrected_phase95_historic_screen_v1,11af0f359546ca6499bfae9140aabdd065d51ec67e688c3529cde423613e044a,5,10,False,82783.8143092303,0.0,82783.8143092303,-82783.8143092303,False,0.8271618374689983,0.6856296239512203,0.141532213517778,0.141532213517778,True,0.8632148377125193,0.95801133436373,-0.0947964966512107,-0.0947964966512107,False,0.9961330239752514,0.9997422015983501,-0.0036091776230987582,-0.0036091776230987582,False,0.09090909090909091,0.09090909090909091,0.0,0.0,True,0.18181818181818182,0.18181818181818182,0.0,0.0,True,0.36363636363636365,0.2727272727272727,0.09090909090909094,0.09090909090909094,True,0.7272727272727273,0.7272727272727273,0.0,0.0,True,0.2920964522720077,0.3002375563379423,-0.008141104065934601,-0.008141104065934601,False,0.8816910634325176,1.0,-0.11830893656748243,-0.11830893656748243,False,3880,0.9961330239752514,3864,3879,archuleta_bluff_common_valid,3881,0.9997422015983501,3878
97,reward_jon_p95_oishift875to90_heff,12,completed,8e7fdcf7f68a103b7249dfb8516b8a28dce87f62,a46c01d4fdda860feb330e4af867ce73a003880c6a73745e16d9e466d6e8b009,holdout_2014_2024_08_17,corrected_phase95_historic_screen_v1,11af0f359546ca6499bfae9140aabdd065d51ec67e688c3529cde423613e044a,7,10,False,0.0,0.0,0.0,0.0,True,0.5884883264062657,0.6856296239512203,-0.0971412975449546,-0.0971412975449546,False,0.9605873261205564,0.95801133436373,0.0025759917568264346,0.0025759917568264346,True,0.9997422015983501,0.9997422015983501,0.0,0.0,True,0.09090909090909091,0.09090909090909091,0.0,0.0,True,0.18181818181818182,0.18181818181818182,0.0,0.0,True,0.0,0.2727272727272727,-0.2727272727272727,-0.2727272727272727,False,0.9090909090909091,0.7272727272727273,0.18181818181818177,0.18181818181818177,True,0.23594358171548926,0.3002375563379423,-0.06429397462245304,-0.06429397462245304,False,1.266923734382855,1.0,0.266923734382855,0.266923734382855,True,3880,0.9997422015983501,3878,3879,archuleta_bluff_common_valid,3881,0.9997422015983501,3878
98,reward_jon_p95_oishift875to90_hdisceff,12,completed,8e7fdcf7f68a103b7249dfb8516b8a28dce87f62,a46c01d4fdda860feb330e4af867ce73a003880c6a73745e16d9e466d6e8b009,holdout_2014_2024_08_17,corrected_phase95_historic_screen_v1,11af0f359546ca6499bfae9140aabdd065d51ec67e688c3529cde423613e044a,7,10,False,0.0,0.0,0.0,0.0,True,0.5217242229123503,0.6856296239512203,-0.16390540103886997,-0.16390540103886997,False,0.9791344667697064,0.95801133436373,0.021123132405976408,0.021123132405976408,True,0.9997422015983501,0.9997422015983501,0.0,0.0,True,0.09090909090909091,0.09090909090909091,0.0,0.0,True,0.2727272727272727,0.18181818181818182,0.09090909090909088,0.09090909090909088,True,0.18181818181818182,0.2727272727272727,-0.09090909090909088,-0.09090909090909088,False,0.7272727272727273,0.7272727272727273,0.0,0.0,True,0.2696121730013118,0.3002375563379423,-0.030625383336630507,-0.030625383336630507,False,1.1602876487686706,1.0,0.16028764876867063,0.16028764876867063,True,3880,0.9997422015983501,3878,3879,archuleta_bluff_common_valid,3881,0.9997422015983501,3878
99,reward_jon_p95_peak875_heff,12,completed,8e7fdcf7f68a103b7249dfb8516b8a28dce87f62,a46c01d4fdda860feb330e4af867ce73a003880c6a73745e16d9e466d6e8b009,holdout_2014_2024_08_17,corrected_phase95_historic_screen_v1,11af0f359546ca6499bfae9140aabdd065d51ec67e688c3529cde423613e044a,8,10,False,0.0,0.0,0.0,0.0,True,0.6991674315487767,0.6856296239512203,0.013537807597556406,0.013537807597556406,True,0.9412673879443586,0.95801133436373,-0.01674394641937138,-0.01674394641937138,False,0.9997422015983501,0.9997422015983501,0.0,0.0,True,0.09090909090909091,0.09090909090909091,0.0,0.0,True,0.2727272727272727,0.18181818181818182,0.09090909090909088,0.09090909090909088,True,0.36363636363636365,0.2727272727272727,0.09090909090909094,0.09090909090909094,True,1.0,0.7272727272727273,0.2727272727272727,0.2727272727272727,True,0.25684997680966154,0.3002375563379423,-0.04338757952828076,-0.04338757952828076,False,1.147621137310475,1.0,0.147621137310475,0.147621137310475,True,3880,0.9997422015983501,3878,3879,archuleta_bluff_common_valid,3881,0.9997422015983501,3878
100,reward_jon_p95_peak875_hdisceff,12,completed,8e7fdcf7f68a103b7249dfb8516b8a28dce87f62,a46c01d4fdda860feb330e4af867ce73a003880c6a73745e16d9e466d6e8b009,holdout_2014_2024_08_17,corrected_phase95_historic_screen_v1,11af0f359546ca6499bfae9140aabdd065d51ec67e688c3529cde423613e044a,8,10,False,0.0,0.0,0.0,0.0,True,0.5322466934556982,0.6856296239512203,-0.1533829304955221,-0.1533829304955221,False,0.9703760947964967,0.95801133436373,0.012364760432766686,0.012364760432766686,True,0.9997422015983501,0.9997422015983501,0.0,0.0,True,0.09090909090909091,0.09090909090909091,0.0,0.0,True,0.2727272727272727,0.18181818181818182,0.09090909090909088,0.09090909090909088,True,0.36363636363636365,0.2727272727272727,0.09090909090909094,0.09090909090909094,True,0.8181818181818182,0.7272727272727273,0.09090909090909094,0.09090909090909094,True,0.2593136155299935,0.3002375563379423,-0.04092394080794881,-0.04092394080794881,False,1.13972387645105,1.0,0.13972387645105,0.13972387645105,True,3880,0.9997422015983501,3878,3879,archuleta_bluff_common_valid,3881,0.9997422015983501,3878
101,reward_jon_p95_plateau90_96_hsoft,12,completed,8e7fdcf7f68a103b7249dfb8516b8a28dce87f62,a46c01d4fdda860feb330e4af867ce73a003880c6a73745e16d9e466d6e8b009,holdout_2014_2024_08_17,corrected_phase95_historic_screen_v1,11af0f359546ca6499bfae9140aabdd065d51ec67e688c3529cde423613e044a,7,10,False,0.0,0.0,0.0,0.0,True,0.49962802662484085,0.6856296239512203,-0.18600159732637944,-0.18600159732637944,False,0.9773312725399279,0.95801133436373,0.019319938176197926,0.019319938176197926,True,0.9997422015983501,0.9997422015983501,0.0,0.0,True,0.09090909090909091,0.09090909090909091,0.0,0.0,True,0.2727272727272727,0.18181818181818182,0.09090909090909088,0.09090909090909088,True,0.2727272727272727,0.2727272727272727,0.0,0.0,True,0.6363636363636364,0.7272727272727273,-0.09090909090909094,-0.09090909090909094,False,0.27534475788402163,0.3002375563379423,-0.024892798453920673,-0.024892798453920673,False,1.1250723031479548,1.0,0.1250723031479548,0.1250723031479548,True,3880,0.9997422015983501,3878,3879,archuleta_bluff_common_valid,3881,0.9997422015983501,3878
102,reward_jon_p95_plateau90_96_heff,12,completed,8e7fdcf7f68a103b7249dfb8516b8a28dce87f62,a46c01d4fdda860feb330e4af867ce73a003880c6a73745e16d9e466d6e8b009,holdout_2014_2024_08_17,corrected_phase95_historic_screen_v1,11af0f359546ca6499bfae9140aabdd065d51ec67e688c3529cde423613e044a,7,10,False,0.0,0.0,0.0,0.0,True,0.5964673433357779,0.6856296239512203,-0.0891622806154424,-0.0891622806154424,False,0.9788768675940237,0.95801133436373,0.02086553323029372,0.02086553323029372,True,0.9997422015983501,0.9997422015983501,0.0,0.0,True,0.09090909090909091,0.09090909090909091,0.0,0.0,True,0.2727272727272727,0.18181818181818182,0.09090909090909088,0.09090909090909088,True,0.09090909090909091,0.2727272727272727,-0.1818181818181818,-0.1818181818181818,False,0.8181818181818182,0.7272727272727273,0.09090909090909094,0.09090909090909094,True,0.2815410660761781,0.3002375563379423,-0.018696490261764176,-0.018696490261764176,False,1.1645687261661168,1.0,0.16456872616611684,0.16456872616611684,True,3880,0.9997422015983501,3878,3879,archuleta_bluff_common_valid,3881,0.9997422015983501,3878
103,reward_jon_p95_oishift875to90_heff_niip275,12,completed,8e7fdcf7f68a103b7249dfb8516b8a28dce87f62,a46c01d4fdda860feb330e4af867ce73a003880c6a73745e16d9e466d6e8b009,holdout_2014_2024_08_17,corrected_phase95_historic_screen_v1,11af0f359546ca6499bfae9140aabdd065d51ec67e688c3529cde423613e044a,7,10,False,0.0,0.0,0.0,0.0,True,0.5964902911659121,0.6856296239512203,-0.08913933278530817,-0.08913933278530817,False,0.9773312725399279,0.95801133436373,0.019319938176197926,0.019319938176197926,True,0.9997422015983501,0.9997422015983501,0.0,0.0,True,0.09090909090909091,0.09090909090909091,0.0,0.0,True,0.18181818181818182,0.18181818181818182,0.0,0.0,True,0.45454545454545453,0.2727272727272727,0.18181818181818182,0.18181818181818182,True,0.7272727272727273,0.7272727272727273,0.0,0.0,True,0.2950983171536611,0.3002375563379423,-0.005139239184281219,-0.005139239184281219,False,0.988313876706257,1.0,-0.011686123293742967,-0.011686123293742967,False,3880,0.9997422015983501,3878,3879,archuleta_bluff_common_valid,3881,0.9997422015983501,3878
104,reward_jon_p95_oishift875to90_hsoft,13,completed,8e7fdcf7f68a103b7249dfb8516b8a28dce87f62,a46c01d4fdda860feb330e4af867ce73a003880c6a73745e16d9e466d6e8b009,holdout_2014_2024_08_17,corrected_phase95_historic_screen_v1,11af0f359546ca6499bfae9140aabdd065d51ec67e688c3529cde423613e044a,7,10,False,0.0,0.0,0.0,0.0,True,0.6251119079703384,0.6856296239512203,-0.06051771598088185,-0.06051771598088185,False,0.9410097887686759,0.95801133436373,-0.01700154559505407,-0.01700154559505407,False,0.9997422015983501,0.9997422015983501,0.0,0.0,True,0.09090909090909091,0.09090909090909091,0.0,0.0,True,0.2727272727272727,0.18181818181818182,0.09090909090909088,0.09090909090909088,True,0.45454545454545453,0.2727272727272727,0.18181818181818182,0.18181818181818182,True,0.7272727272727273,0.7272727272727273,0.0,0.0,True,0.24816922944592024,0.3002375563379423,-0.052068326892022065,-0.052068326892022065,False,1.1443401988193962,1.0,0.1443401988193962,0.1443401988193962,True,3880,0.9997422015983501,3878,3879,archuleta_bluff_common_valid,3881,0.9997422015983501,3878
105,reward_jon_p95_oishift875to90_heff,13,completed,8e7fdcf7f68a103b7249dfb8516b8a28dce87f62,a46c01d4fdda860feb330e4af867ce73a003880c6a73745e16d9e466d6e8b009,holdout_2014_2024_08_17,corrected_phase95_historic_screen_v1,11af0f359546ca6499bfae9140aabdd065d51ec67e688c3529cde423613e044a,10,10,True,0.0,0.0,0.0,0.0,True,0.7425503053981773,0.6856296239512203,0.056920681446957055,0.056920681446957055,True,0.967284904688305,0.95801133436373,0.009273570324574987,0.009273570324574987,True,0.9997422015983501,0.9997422015983501,0.0,0.0,True,0.09090909090909091,0.09090909090909091,0.0,0.0,True,0.2727272727272727,0.18181818181818182,0.09090909090909088,0.09090909090909088,True,0.2727272727272727,0.2727272727272727,0.0,0.0,True,0.7272727272727273,0.7272727272727273,0.0,0.0,True,0.3025808277058512,0.3002375563379423,0.0023432713679089057,0.0023432713679089057,True,1.046757025828008,1.0,0.04675702582800789,0.04675702582800789,True,3880,0.9997422015983501,3878,3879,archuleta_bluff_common_valid,3881,0.9997422015983501,3878
106,reward_jon_p95_oishift875to90_hdisceff,13,completed,8e7fdcf7f68a103b7249dfb8516b8a28dce87f62,a46c01d4fdda860feb330e4af867ce73a003880c6a73745e16d9e466d6e8b009,holdout_2014_2024_08_17,corrected_phase95_historic_screen_v1,11af0f359546ca6499bfae9140aabdd065d51ec67e688c3529cde423613e044a,6,10,False,0.0,0.0,0.0,0.0,True,0.6106131266114087,0.6856296239512203,-0.07501649733981164,-0.07501649733981164,False,0.9811952601751674,0.95801133436373,0.023183925811437467,0.023183925811437467,True,0.9997422015983501,0.9997422015983501,0.0,0.0,True,0.09090909090909091,0.09090909090909091,0.0,0.0,True,0.09090909090909091,0.18181818181818182,-0.09090909090909091,-0.09090909090909091,False,0.09090909090909091,0.2727272727272727,-0.1818181818181818,-0.1818181818181818,False,0.7272727272727273,0.7272727272727273,0.0,0.0,True,0.29903615453157684,0.3002375563379423,-0.0012014018063654652,-0.0012014018063654652,False,1.1356251806645357,1.0,0.13562518066453566,0.13562518066453566,True,3880,0.9997422015983501,3878,3879,archuleta_bluff_common_valid,3881,0.9997422015983501,3878
107,reward_jon_p95_peak875_heff,13,completed,8e7fdcf7f68a103b7249dfb8516b8a28dce87f62,a46c01d4fdda860feb330e4af867ce73a003880c6a73745e16d9e466d6e8b009,holdout_2014_2024_08_17,corrected_phase95_historic_screen_v1,11af0f359546ca6499bfae9140aabdd065d51ec67e688c3529cde423613e044a,7,10,False,0.0,0.0,0.0,0.0,True,0.6108864350497774,0.6856296239512203,-0.07474318890144294,-0.07474318890144294,False,0.9678001030396702,0.95801133436373,0.009788768675940251,0.009788768675940251,True,0.9997422015983501,0.9997422015983501,0.0,0.0,True,0.09090909090909091,0.09090909090909091,0.0,0.0,True,0.18181818181818182,0.18181818181818182,0.0,0.0,True,0.18181818181818182,0.2727272727272727,-0.09090909090909088,-0.09090909090909088,False,0.7272727272727273,0.7272727272727273,0.0,0.0,True,0.2566066540511773,0.3002375563379423,-0.04363090228676503,-0.04363090228676503,False,1.2190021942144487,1.0,0.21900219421444866,0.21900219421444866,True,3880,0.9997422015983501,3878,3879,archuleta_bluff_common_valid,3881,0.9997422015983501,3878
108,reward_jon_p95_peak875_hdisceff,13,completed,8e7fdcf7f68a103b7249dfb8516b8a28dce87f62,a46c01d4fdda860feb330e4af867ce73a003880c6a73745e16d9e466d6e8b009,holdout_2014_2024_08_17,corrected_phase95_historic_screen_v1,11af0f359546ca6499bfae9140aabdd065d51ec67e688c3529cde423613e044a,8,10,False,0.0,0.0,0.0,0.0,True,0.5846395632943012,0.6856296239512203,-0.10099006065691907,-0.10099006065691907,False,0.9641937145801134,0.95801133436373,0.0061823802163833985,0.0061823802163833985,True,0.9997422015983501,0.9997422015983501,0.0,0.0,True,0.09090909090909091,0.09090909090909091,0.0,0.0,True,0.18181818181818182,0.18181818181818182,0.0,0.0,True,0.36363636363636365,0.2727272727272727,0.09090909090909094,0.09090909090909094,True,0.7272727272727273,0.7272727272727273,0.0,0.0,True,0.2892223798920233,0.3002375563379423,-0.011015176445918984,-0.011015176445918984,False,1.1002224166740704,1.0,0.10022241667407039,0.10022241667407039,True,3880,0.9997422015983501,3878,3879,archuleta_bluff_common_valid,3881,0.9997422015983501,3878
109,reward_jon_p95_plateau90_96_hsoft,13,completed,8e7fdcf7f68a103b7249dfb8516b8a28dce87f62,a46c01d4fdda860feb330e4af867ce73a003880c6a73745e16d9e466d6e8b009,holdout_2014_2024_08_17,corrected_phase95_historic_screen_v1,11af0f359546ca6499bfae9140aabdd065d51ec67e688c3529cde423613e044a,8,10,False,0.0,0.0,0.0,0.0,True,0.5376276712615978,0.6856296239512203,-0.14800195268962246,-0.14800195268962246,False,0.9768160741885626,0.95801133436373,0.01880473982483266,0.01880473982483266,True,0.9997422015983501,0.9997422015983501,0.0,0.0,True,0.09090909090909091,0.09090909090909091,0.0,0.0,True,0.2727272727272727,0.18181818181818182,0.09090909090909088,0.09090909090909088,True,0.36363636363636365,0.2727272727272727,0.09090909090909094,0.09090909090909094,True,0.7272727272727273,0.7272727272727273,0.0,0.0,True,0.26118863437866047,0.3002375563379423,-0.039048921959281835,-0.039048921959281835,False,1.1632274005117975,1.0,0.16322740051179752,0.16322740051179752,True,3880,0.9997422015983501,3878,3879,archuleta_bluff_common_valid,3881,0.9997422015983501,3878
110,reward_jon_p95_plateau90_96_heff,13,completed,8e7fdcf7f68a103b7249dfb8516b8a28dce87f62,a46c01d4fdda860feb330e4af867ce73a003880c6a73745e16d9e466d6e8b009,holdout_2014_2024_08_17,corrected_phase95_historic_screen_v1,11af0f359546ca6499bfae9140aabdd065d51ec67e688c3529cde423613e044a,8,10,False,0.0,0.0,0.0,0.0,True,0.5689451536882476,0.6856296239512203,-0.11668447026297268,-0.11668447026297268,False,0.9732096857290057,0.95801133436373,0.015198351365275697,0.015198351365275697,True,0.9997422015983501,0.9997422015983501,0.0,0.0,True,0.09090909090909091,0.09090909090909091,0.0,0.0,True,0.2727272727272727,0.18181818181818182,0.09090909090909088,0.09090909090909088,True,0.36363636363636365,0.2727272727272727,0.09090909090909094,0.09090909090909094,True,1.0,0.7272727272727273,0.2727272727272727,0.2727272727272727,True,0.2687418384781727,0.3002375563379423,-0.03149571785976962,-0.03149571785976962,False,1.113029939178797,1.0,0.113029939178797,0.113029939178797,True,3880,0.9997422015983501,3878,3879,archuleta_bluff_common_valid,3881,0.9997422015983501,3878
111,reward_jon_p95_oishift875to90_heff_niip275,13,completed,8e7fdcf7f68a103b7249dfb8516b8a28dce87f62,a46c01d4fdda860feb330e4af867ce73a003880c6a73745e16d9e466d6e8b009,holdout_2014_2024_08_17,corrected_phase95_historic_screen_v1,11af0f359546ca6499bfae9140aabdd065d51ec67e688c3529cde423613e044a,7,10,False,0.0,0.0,0.0,0.0,True,0.557844641914903,0.6856296239512203,-0.12778498203631727,-0.12778498203631727,False,0.9987120041215868,0.95801133436373,0.0407006697578568,0.0407006697578568,True,0.9997422015983501,0.9997422015983501,0.0,0.0,True,0.09090909090909091,0.09090909090909091,0.0,0.0,True,0.18181818181818182,0.18181818181818182,0.0,0.0,True,0.09090909090909091,0.2727272727272727,-0.1818181818181818,-0.1818181818181818,False,0.7272727272727273,0.7272727272727273,0.0,0.0,True,0.29589394492960597,0.3002375563379423,-0.004343611408336334,-0.004343611408336334,False,1.1605462030289888,1.0,0.1605462030289888,0.1605462030289888,True,3880,0.9997422015983501,3878,3879,archuleta_bluff_common_valid,3881,0.9997422015983501,3878
112,reward_jon_p95_oishift875to90_hsoft,14,completed,8e7fdcf7f68a103b7249dfb8516b8a28dce87f62,a46c01d4fdda860feb330e4af867ce73a003880c6a73745e16d9e466d6e8b009,holdout_2014_2024_08_17,corrected_phase95_historic_screen_v1,11af0f359546ca6499bfae9140aabdd065d51ec67e688c3529cde423613e044a,8,10,False,0.0,0.0,0.0,0.0,True,0.5651161080901456,0.6856296239512203,-0.12051351586107473,-0.12051351586107473,False,0.9773312725399279,0.95801133436373,0.019319938176197926,0.019319938176197926,True,0.9997422015983501,0.9997422015983501,0.0,0.0,True,0.09090909090909091,0.09090909090909091,0.0,0.0,True,0.18181818181818182,0.18181818181818182,0.0,0.0,True,0.2727272727272727,0.2727272727272727,0.0,0.0,True,0.7272727272727273,0.7272727272727273,0.0,0.0,True,0.2867907146296525,0.3002375563379423,-0.013446841708289803,-0.013446841708289803,False,1.0486422888461289,1.0,0.04864228884612887,0.04864228884612887,True,3880,0.9997422015983501,3878,3879,archuleta_bluff_common_valid,3881,0.9997422015983501,3878
113,reward_jon_p95_oishift875to90_heff,14,completed,8e7fdcf7f68a103b7249dfb8516b8a28dce87f62,a46c01d4fdda860feb330e4af867ce73a003880c6a73745e16d9e466d6e8b009,holdout_2014_2024_08_17,corrected_phase95_historic_screen_v1,11af0f359546ca6499bfae9140aabdd065d51ec67e688c3529cde423613e044a,7,10,False,0.0,0.0,0.0,0.0,True,0.5676033624467094,0.6856296239512203,-0.1180262615045109,-0.1180262615045109,False,0.9721792890262752,0.95801133436373,0.014167954662545168,0.014167954662545168,True,0.9997422015983501,0.9997422015983501,0.0,0.0,True,0.09090909090909091,0.09090909090909091,0.0,0.0,True,0.18181818181818182,0.18181818181818182,0.0,0.0,True,0.09090909090909091,0.2727272727272727,-0.1818181818181818,-0.1818181818181818,False,0.7272727272727273,0.7272727272727273,0.0,0.0,True,0.25365156894183793,0.3002375563379423,-0.04658598739610437,-0.04658598739610437,False,1.2184478948807542,1.0,0.21844789488075422,0.21844789488075422,True,3880,0.9997422015983501,3878,3879,archuleta_bluff_common_valid,3881,0.9997422015983501,3878
114,reward_jon_p95_oishift875to90_hdisceff,14,completed,8e7fdcf7f68a103b7249dfb8516b8a28dce87f62,a46c01d4fdda860feb330e4af867ce73a003880c6a73745e16d9e466d6e8b009,holdout_2014_2024_08_17,corrected_phase95_historic_screen_v1,11af0f359546ca6499bfae9140aabdd065d51ec67e688c3529cde423613e044a,6,10,False,0.0,0.0,0.0,0.0,True,0.46375496401779726,0.6856296239512203,-0.22187465993342304,-0.22187465993342304,False,0.874806800618238,0.95801133436373,-0.08320453374549197,-0.08320453374549197,False,0.9997422015983501,0.9997422015983501,0.0,0.0,True,0.09090909090909091,0.09090909090909091,0.0,0.0,True,0.18181818181818182,0.18181818181818182,0.0,0.0,True,0.09090909090909091,0.2727272727272727,-0.1818181818181818,-0.1818181818181818,False,0.9090909090909091,0.7272727272727273,0.18181818181818177,0.18181818181818177,True,0.21196409822619947,0.3002375563379423,-0.08827345811174284,-0.08827345811174284,False,1.6202567010160756,1.0,0.6202567010160756,0.6202567010160756,True,3880,0.9997422015983501,3878,3879,archuleta_bluff_common_valid,3881,0.9997422015983501,3878
115,reward_jon_p95_peak875_heff,14,completed,8e7fdcf7f68a103b7249dfb8516b8a28dce87f62,a46c01d4fdda860feb330e4af867ce73a003880c6a73745e16d9e466d6e8b009,holdout_2014_2024_08_17,corrected_phase95_historic_screen_v1,11af0f359546ca6499bfae9140aabdd065d51ec67e688c3529cde423613e044a,7,10,False,0.0,0.0,0.0,0.0,True,0.5904936600029949,0.6856296239512203,-0.09513596394822543,-0.09513596394822543,False,0.9750128799587842,0.95801133436373,0.01700154559505418,0.01700154559505418,True,0.9997422015983501,0.9997422015983501,0.0,0.0,True,0.09090909090909091,0.09090909090909091,0.0,0.0,True,0.2727272727272727,0.18181818181818182,0.09090909090909088,0.09090909090909088,True,0.18181818181818182,0.2727272727272727,-0.09090909090909088,-0.09090909090909088,False,0.9090909090909091,0.7272727272727273,0.18181818181818177,0.18181818181818177,True,0.2814860034686412,0.3002375563379423,-0.01875155286930108,-0.01875155286930108,False,1.1890731908608967,1.0,0.1890731908608967,0.1890731908608967,True,3880,0.9997422015983501,3878,3879,archuleta_bluff_common_valid,3881,0.9997422015983501,3878
116,reward_jon_p95_peak875_hdisceff,14,completed,8e7fdcf7f68a103b7249dfb8516b8a28dce87f62,a46c01d4fdda860feb330e4af867ce73a003880c6a73745e16d9e466d6e8b009,holdout_2014_2024_08_17,corrected_phase95_historic_screen_v1,11af0f359546ca6499bfae9140aabdd065d51ec67e688c3529cde423613e044a,7,10,False,0.0,0.0,0.0,0.0,True,0.4885644373424516,0.6856296239512203,-0.1970651866087687,-0.1970651866087687,False,0.9732096857290057,0.95801133436373,0.015198351365275697,0.015198351365275697,True,0.9997422015983501,0.9997422015983501,0.0,0.0,True,0.09090909090909091,0.09090909090909091,0.0,0.0,True,0.18181818181818182,0.18181818181818182,0.0,0.0,True,0.0,0.2727272727272727,-0.2727272727272727,-0.2727272727272727,False,0.7272727272727273,0.7272727272727273,0.0,0.0,True,0.2711671162161152,0.3002375563379423,-0.02907044012182708,-0.02907044012182708,False,1.2045987857200795,1.0,0.2045987857200795,0.2045987857200795,True,3880,0.9997422015983501,3878,3879,archuleta_bluff_common_valid,3881,0.9997422015983501,3878
117,reward_jon_p95_plateau90_96_hsoft,14,completed,8e7fdcf7f68a103b7249dfb8516b8a28dce87f62,a46c01d4fdda860feb330e4af867ce73a003880c6a73745e16d9e466d6e8b009,holdout_2014_2024_08_17,corrected_phase95_historic_screen_v1,11af0f359546ca6499bfae9140aabdd065d51ec67e688c3529cde423613e044a,8,10,False,0.0,0.0,0.0,0.0,True,0.5420861862879865,0.6856296239512203,-0.14354343766323374,-0.14354343766323374,False,0.9652241112828439,0.95801133436373,0.007212776919113928,0.007212776919113928,True,0.9997422015983501,0.9997422015983501,0.0,0.0,True,0.09090909090909091,0.09090909090909091,0.0,0.0,True,0.18181818181818182,0.18181818181818182,0.0,0.0,True,0.2727272727272727,0.2727272727272727,0.0,0.0,True,0.7272727272727273,0.7272727272727273,0.0,0.0,True,0.2570724678485803,0.3002375563379423,-0.043165088489362013,-0.043165088489362013,False,1.1890103338647213,1.0,0.18901033386472132,0.18901033386472132,True,3880,0.9997422015983501,3878,3879,archuleta_bluff_common_valid,3881,0.9997422015983501,3878
118,reward_jon_p95_plateau90_96_heff,14,completed,8e7fdcf7f68a103b7249dfb8516b8a28dce87f62,a46c01d4fdda860feb330e4af867ce73a003880c6a73745e16d9e466d6e8b009,holdout_2014_2024_08_17,corrected_phase95_historic_screen_v1,11af0f359546ca6499bfae9140aabdd065d51ec67e688c3529cde423613e044a,6,10,False,0.0,0.0,0.0,0.0,True,0.6231960437485323,0.6856296239512203,-0.062433580202687966,-0.062433580202687966,False,0.9665121071612571,0.95801133436373,0.008500772797527145,0.008500772797527145,True,0.9997422015983501,0.9997422015983501,0.0,0.0,True,0.09090909090909091,0.09090909090909091,0.0,0.0,True,0.18181818181818182,0.18181818181818182,0.0,0.0,True,0.09090909090909091,0.2727272727272727,-0.1818181818181818,-0.1818181818181818,False,0.6363636363636364,0.7272727272727273,-0.09090909090909094,-0.09090909090909094,False,0.23670780411537226,0.3002375563379423,-0.06352975222257004,-0.06352975222257004,False,1.3160011575245918,1.0,0.3160011575245918,0.3160011575245918,True,3880,0.9997422015983501,3878,3879,archuleta_bluff_common_valid,3881,0.9997422015983501,3878
119,reward_jon_p95_oishift875to90_heff_niip275,14,completed,8e7fdcf7f68a103b7249dfb8516b8a28dce87f62,a46c01d4fdda860feb330e4af867ce73a003880c6a73745e16d9e466d6e8b009,holdout_2014_2024_08_17,corrected_phase95_historic_screen_v1,11af0f359546ca6499bfae9140aabdd065d51ec67e688c3529cde423613e044a,7,10,False,0.0,0.0,0.0,0.0,True,0.5137448565609299,0.6856296239512203,-0.17188476739029035,-0.17188476739029035,False,0.9773312725399279,0.95801133436373,0.019319938176197926,0.019319938176197926,True,0.9997422015983501,0.9997422015983501,0.0,0.0,True,0.09090909090909091,0.09090909090909091,0.0,0.0,True,0.18181818181818182,0.18181818181818182,0.0,0.0,True,0.0,0.2727272727272727,-0.2727272727272727,-0.2727272727272727,False,0.9090909090909091,0.7272727272727273,0.18181818181818177,0.18181818181818177,True,0.2761981747964705,0.3002375563379423,-0.024039381541471783,-0.024039381541471783,False,1.2429883367185155,1.0,0.2429883367185155,0.2429883367185155,True,3880,0.9997422015983501,3878,3879,archuleta_bluff_common_valid,3881,0.9997422015983501,3878
120,reward_jon_p95_oishift875to90_hsoft,15,completed,8e7fdcf7f68a103b7249dfb8516b8a28dce87f62,a46c01d4fdda860feb330e4af867ce73a003880c6a73745e16d9e466d6e8b009,holdout_2014_2024_08_17,corrected_phase95_historic_screen_v1,11af0f359546ca6499bfae9140aabdd065d51ec67e688c3529cde423613e044a,8,10,False,0.0,0.0,0.0,0.0,True,0.5308276914531032,0.6856296239512203,-0.15480193249811713,-0.15480193249811713,False,0.9678001030396702,0.95801133436373,0.009788768675940251,0.009788768675940251,True,0.9997422015983501,0.9997422015983501,0.0,0.0,True,0.09090909090909091,0.09090909090909091,0.0,0.0,True,0.18181818181818182,0.18181818181818182,0.0,0.0,True,0.36363636363636365,0.2727272727272727,0.09090909090909094,0.09090909090909094,True,1.0,0.7272727272727273,0.2727272727272727,0.2727272727272727,True,0.2530672998827497,0.3002375563379423,-0.04717025645519263,-0.04717025645519263,False,1.1286103434806443,1.0,0.12861034348064426,0.12861034348064426,True,3880,0.9997422015983501,3878,3879,archuleta_bluff_common_valid,3881,0.9997422015983501,3878
121,reward_jon_p95_oishift875to90_heff,15,completed,8e7fdcf7f68a103b7249dfb8516b8a28dce87f62,a46c01d4fdda860feb330e4af867ce73a003880c6a73745e16d9e466d6e8b009,holdout_2014_2024_08_17,corrected_phase95_historic_screen_v1,11af0f359546ca6499bfae9140aabdd065d51ec67e688c3529cde423613e044a,8,10,False,0.0,0.0,0.0,0.0,True,0.5445013137395712,0.6856296239512203,-0.14112831021164907,-0.14112831021164907,False,0.9688304997424009,0.95801133436373,0.010819165378670892,0.010819165378670892,True,0.9997422015983501,0.9997422015983501,0.0,0.0,True,0.09090909090909091,0.09090909090909091,0.0,0.0,True,0.2727272727272727,0.18181818181818182,0.09090909090909088,0.09090909090909088,True,0.36363636363636365,0.2727272727272727,0.09090909090909094,0.09090909090909094,True,1.0,0.7272727272727273,0.2727272727272727,0.2727272727272727,True,0.2553779802150458,0.3002375563379423,-0.04485957612289648,-0.04485957612289648,False,1.1840698690863674,1.0,0.18406986908636735,0.18406986908636735,True,3880,0.9997422015983501,3878,3879,archuleta_bluff_common_valid,3881,0.9997422015983501,3878
122,reward_jon_p95_oishift875to90_hdisceff,15,completed,8e7fdcf7f68a103b7249dfb8516b8a28dce87f62,a46c01d4fdda860feb330e4af867ce73a003880c6a73745e16d9e466d6e8b009,holdout_2014_2024_08_17,corrected_phase95_historic_screen_v1,11af0f359546ca6499bfae9140aabdd065d51ec67e688c3529cde423613e044a,7,10,False,0.0,0.0,0.0,0.0,True,0.4798826966253327,0.6856296239512203,-0.20574692732588756,-0.20574692732588756,False,0.9760432766615147,0.95801133436373,0.01803194229778471,0.01803194229778471,True,0.9997422015983501,0.9997422015983501,0.0,0.0,True,0.0,0.09090909090909091,-0.09090909090909091,-0.09090909090909091,False,0.2727272727272727,0.18181818181818182,0.09090909090909088,0.09090909090909088,True,0.2727272727272727,0.2727272727272727,0.0,0.0,True,0.9090909090909091,0.7272727272727273,0.18181818181818177,0.18181818181818177,True,0.2622906847274255,0.3002375563379423,-0.0379468716105168,-0.0379468716105168,False,1.2084904047139187,1.0,0.20849040471391866,0.20849040471391866,True,3880,0.9997422015983501,3878,3879,archuleta_bluff_common_valid,3881,0.9997422015983501,3878
123,reward_jon_p95_peak875_heff,15,completed,8e7fdcf7f68a103b7249dfb8516b8a28dce87f62,a46c01d4fdda860feb330e4af867ce73a003880c6a73745e16d9e466d6e8b009,holdout_2014_2024_08_17,corrected_phase95_historic_screen_v1,11af0f359546ca6499bfae9140aabdd065d51ec67e688c3529cde423613e044a,7,10,False,0.0,0.0,0.0,0.0,True,0.46377376762535866,0.6856296239512203,-0.22185585632586163,-0.22185585632586163,False,0.9162802679031428,0.95801133436373,-0.04173106646058722,-0.04173106646058722,False,0.9997422015983501,0.9997422015983501,0.0,0.0,True,0.09090909090909091,0.09090909090909091,0.0,0.0,True,0.18181818181818182,0.18181818181818182,0.0,0.0,True,0.2727272727272727,0.2727272727272727,0.0,0.0,True,1.0,0.7272727272727273,0.2727272727272727,0.2727272727272727,True,0.21441941508690215,0.3002375563379423,-0.08581814125104015,-0.08581814125104015,False,1.369383771779474,1.0,0.3693837717794739,0.3693837717794739,True,3880,0.9997422015983501,3878,3879,archuleta_bluff_common_valid,3881,0.9997422015983501,3878
124,reward_jon_p95_peak875_hdisceff,15,completed,8e7fdcf7f68a103b7249dfb8516b8a28dce87f62,a46c01d4fdda860feb330e4af867ce73a003880c6a73745e16d9e466d6e8b009,holdout_2014_2024_08_17,corrected_phase95_historic_screen_v1,11af0f359546ca6499bfae9140aabdd065d51ec67e688c3529cde423613e044a,7,10,False,0.0,0.0,0.0,0.0,True,0.5627565482633022,0.6856296239512203,-0.12287307568791805,-0.12287307568791805,False,0.97655847501288,0.95801133436373,0.018547140649149974,0.018547140649149974,True,1.0,0.9997422015983501,0.0002577984016498558,0.0002577984016498558,True,0.0,0.09090909090909091,-0.09090909090909091,-0.09090909090909091,False,0.18181818181818182,0.18181818181818182,0.0,0.0,True,0.36363636363636365,0.2727272727272727,0.09090909090909094,0.09090909090909094,True,1.0,0.7272727272727273,0.2727272727272727,0.2727272727272727,True,0.2726897139152589,0.3002375563379423,-0.027547842422683377,-0.027547842422683377,False,1.1527809488091687,1.0,0.1527809488091687,0.1527809488091687,True,3880,1.0,3879,3879,archuleta_bluff_common_valid,3881,0.9997422015983501,3878
125,reward_jon_p95_plateau90_96_hsoft,15,completed,8e7fdcf7f68a103b7249dfb8516b8a28dce87f62,a46c01d4fdda860feb330e4af867ce73a003880c6a73745e16d9e466d6e8b009,holdout_2014_2024_08_17,corrected_phase95_historic_screen_v1,11af0f359546ca6499bfae9140aabdd065d51ec67e688c3529cde423613e044a,7,10,False,0.0,0.0,0.0,0.0,True,0.5475460142935358,0.6856296239512203,-0.13808360965768451,-0.13808360965768451,False,0.9744976816074189,0.95801133436373,0.016486347243688915,0.016486347243688915,True,0.9997422015983501,0.9997422015983501,0.0,0.0,True,0.0,0.09090909090909091,-0.09090909090909091,-0.09090909090909091,False,0.18181818181818182,0.18181818181818182,0.0,0.0,True,0.36363636363636365,0.2727272727272727,0.09090909090909094,0.09090909090909094,True,0.7272727272727273,0.7272727272727273,0.0,0.0,True,0.2660084073693472,0.3002375563379423,-0.03422914896859508,-0.03422914896859508,False,1.1151974959775965,1.0,0.11519749597759654,0.11519749597759654,True,3880,0.9997422015983501,3878,3879,archuleta_bluff_common_valid,3881,0.9997422015983501,3878
126,reward_jon_p95_plateau90_96_heff,15,completed,8e7fdcf7f68a103b7249dfb8516b8a28dce87f62,a46c01d4fdda860feb330e4af867ce73a003880c6a73745e16d9e466d6e8b009,holdout_2014_2024_08_17,corrected_phase95_historic_screen_v1,11af0f359546ca6499bfae9140aabdd065d51ec67e688c3529cde423613e044a,8,10,False,0.0,0.0,0.0,0.0,True,0.6284691751870424,0.6856296239512203,-0.05716044876417792,-0.05716044876417792,False,0.9763008758371973,0.95801133436373,0.018289541473467286,0.018289541473467286,True,0.9997422015983501,0.9997422015983501,0.0,0.0,True,0.09090909090909091,0.09090909090909091,0.0,0.0,True,0.18181818181818182,0.18181818181818182,0.0,0.0,True,0.45454545454545453,0.2727272727272727,0.18181818181818182,0.18181818181818182,True,1.0,0.7272727272727273,0.2727272727272727,0.2727272727272727,True,0.27596674434571433,0.3002375563379423,-0.02427081199222797,-0.02427081199222797,False,1.0864223902565673,1.0,0.08642239025656728,0.08642239025656728,True,3880,0.9997422015983501,3878,3879,archuleta_bluff_common_valid,3881,0.9997422015983501,3878
127,reward_jon_p95_oishift875to90_heff_niip275,15,completed,8e7fdcf7f68a103b7249dfb8516b8a28dce87f62,a46c01d4fdda860feb330e4af867ce73a003880c6a73745e16d9e466d6e8b009,holdout_2014_2024_08_17,corrected_phase95_historic_screen_v1,11af0f359546ca6499bfae9140aabdd065d51ec67e688c3529cde423613e044a,7,10,False,0.0,0.0,0.0,0.0,True,0.5538858044291254,0.6856296239512203,-0.1317438195220949,-0.1317438195220949,False,0.975785677485832,0.95801133436373,0.01777434312210202,0.01777434312210202,True,1.0,0.9997422015983501,0.0002577984016498558,0.0002577984016498558,True,0.0,0.09090909090909091,-0.09090909090909091,-0.09090909090909091,False,0.18181818181818182,0.18181818181818182,0.0,0.0,True,0.36363636363636365,0.2727272727272727,0.09090909090909094,0.09090909090909094,True,1.0,0.7272727272727273,0.2727272727272727,0.2727272727272727,True,0.2689436023977255,0.3002375563379423,-0.03129395394021678,-0.03129395394021678,False,1.2101611832508157,1.0,0.21016118325081568,0.21016118325081568,True,3880,1.0,3879,3879,archuleta_bluff_common_valid,3881,0.9997422015983501,3878
