update_idx,timesteps,rollout_steps,mean_total_reward,mean_dam_safety.spill_guard_warn98,mean_storage_control.target_oishift875to90_concave0_softupper98,mean_hydropower.positive_efficiency,mean_flooding.penalty_caps_archuleta_bluff,mean_niip.delivery_match_historic_hardmeet_b10oversoft_neg1_logoff025_jon,mean_esa_min_flow.green_logistic_jon,mean_esa_spring_peak_release.farmington_thresholds_actionproxy_smart_ledger_hammer_histfreq_stop_excess_strong_calendar,spr_reward_sum,spr_reward_abs_sum,spr_reward_positive_sum,spr_reward_negative_sum,spr_reward_mean_all_steps,spr_reward_abs_mean_all_steps,spr_reward_abs_share_of_components,spr_reward_nonzero_steps,spr_reward_positive_steps,spr_reward_negative_steps,spr_window_steps,spr_reward_mean_window_steps,spr_opportunity_steps,spr_reward_mean_opportunity_steps,spr_reachable_opportunity_steps,spr_reward_mean_reachable_opportunity_steps,reward_balancing,reward_component_space
0,3600,3600,-4.0329800953855095,0.0,-2.239731093918792,0.0449660227257403,0.0,-1.3214721810105925,0.5252138062423001,-1.0419566454760558,-3751.0439237138007,4758.214077769226,503.5850770277552,-4254.629000741514,-1.0419566454760558,1.3217261327136738,0.1951254033745404,2752,42,2710,480,-4.813699398992851,480,-4.813699398992851,467,-4.682771323739837,none,raw
1,7200,3600,-3.963605101390759,0.0,-2.168640443993381,0.0513234969166879,0.0,-1.367295946899865,0.4742851652815836,-0.9532773749652832,-3431.798549875019,4453.489507277641,510.845478701316,-3942.6440285763542,-0.9532773749652832,1.2370804186882336,0.1885772234009105,2768,79,2689,480,-4.283546825745474,480,-4.283546825745474,450,-4.319421138877764,none,raw
2,10800,3600,-3.843478573675703,0.0,-2.2202533193714498,0.0474344404565567,0.0,-1.299341034590535,0.4835553510008133,-0.8548740122154037,-3077.5464439754533,4233.912427898415,578.1829919614858,-3655.729435936946,-0.8548740122154037,1.1760867855273374,0.1828318888738806,2762,56,2706,444,-3.741376796794043,444,-3.741376796794043,422,-3.622224298815636,none,raw
3,14400,3600,-3.927360019467564,0.0,-2.2476876519215208,0.0455939080120086,0.0,-1.3276108588906503,0.4890614230312515,-0.886716837021754,-3192.1806132783145,3989.448904455026,398.6341455883481,-3590.8147588666766,-0.886716837021754,1.1081802512375072,0.1727775697666568,2740,65,2675,480,-3.8802516605647153,480,-3.8802516605647153,467,-3.860696008890267,none,raw
4,18000,3600,-3.4242129790042077,0.0,-2.2193917191199786,0.0482969592875568,0.0,-1.165812063544305,0.6045057471684613,-0.6918119029467555,-2490.52285060832,4293.773165885473,901.6251576385636,-3392.1480082469097,-0.6918119029467555,1.1927147683015202,0.1902345156572921,2668,57,2611,480,-2.7303963940722,480,-2.7303963940722,451,-2.596894776444484,none,raw
5,21600,3600,-3.902067558898674,0.0,-2.1825099169109965,0.0484097318433054,0.0,-1.356349936563505,0.4554543231671294,-0.867071761961049,-3121.4583430597763,3682.372924116733,280.45729052847145,-3401.9156335882503,-0.867071761961049,1.0228813678102038,0.1649633586131254,2663,45,2618,480,-3.9611773994752095,480,-3.9611773994752095,462,-3.843313260393447,none,raw
6,25200,3600,-3.728129196535997,0.0,-2.272894134783852,0.044281631305145,0.0,-1.347244440251296,0.6296288339018146,-0.7819010831854537,-2814.843899467633,3435.900019103162,310.5280598177513,-3125.371959285396,-0.7819010831854537,0.9544166719731004,0.1464642841209857,2665,49,2616,480,-3.360299877580577,480,-3.360299877580577,467,-3.288705075078656,none,raw
7,28800,3600,-3.3204544105811995,0.0,-2.161269302338904,0.0560537675142903,0.0,-1.2000852065525818,0.732227881366374,-0.7473815550906389,-2690.5735983263,3711.67559808854,510.5509998810929,-3201.1245982074274,-0.7473815550906389,1.0310209994690387,0.1759660806423355,2669,52,2617,480,-3.1670593970978427,480,-3.1670593970978427,452,-3.069321116636058,none,raw
8,32400,3600,-3.2301041753981714,0.0,-2.1316683512708208,0.0557187345614589,0.0,-1.104551315762028,0.5830416621049562,-0.632644904584927,-2277.521656505737,3448.806216799419,585.6422801468206,-2863.163936652584,-0.632644904584927,0.9580017268887276,0.1618427026562824,2607,46,2561,480,-2.322778600733318,480,-2.322778600733318,461,-2.1905461018918966,none,raw
9,36000,3600,-3.483825469338422,0.0,-2.227562230216626,0.0460870600268245,0.0,-1.1766446726223474,0.5461216545451474,-0.6718272831412258,-2418.578219308413,3323.999247255648,452.7105139735974,-2871.2887332820337,-0.6718272831412258,0.92333312423768,0.1557738173857844,2533,51,2482,480,-2.9845720699528915,480,-2.9845720699528915,453,-2.8235951683378366,none,raw
10,39600,3600,-3.631378141186433,0.0,-2.289056623185931,0.0410787406842365,0.0,-1.3584748661104231,0.5009560879021571,-0.5258814780378497,-1893.173320936259,3331.642599268713,719.2346391661977,-2612.4079601024823,-0.5258814780378497,0.9254562775746424,0.1512745776472603,2532,79,2453,480,-1.999602939920449,480,-1.999602939920449,462,-1.8547096948588369,none,raw
11,43200,3600,-3.4805585351233863,0.0,-2.305206176816649,0.0418700895350185,0.0,-1.266041245510119,0.6650509390288385,-0.6162321404184091,-2218.435705506273,3094.421557999068,437.9929262463775,-2656.4286317526776,-0.6162321404184091,0.85956154388863,0.1339321699834421,2507,57,2450,480,-2.5658338371814824,480,-2.5658338371814824,474,-2.4879164315325477,none,raw
12,46800,3600,-3.1662778864970864,0.0,-2.22340685160842,0.0519952486515142,0.0,-1.2871788970418607,0.9074919949313528,-0.6151793824572451,-2214.6457768460823,3121.8345568398154,453.5943899968444,-2668.240166842955,-0.6151793824572451,0.8671762657888376,0.1446707254512327,2520,62,2458,471,-2.5127329911557807,471,-2.5127329911557807,461,-2.4990888553794126,none,raw
13,50400,3600,-3.21596415904368,0.0,-2.254807016775615,0.0471860761393516,0.0,-1.311612521402758,0.8515334852866436,-0.5482641782611104,-1973.7510417399976,2888.497907223362,457.37343274165903,-2431.12447448168,-0.5482641782611104,0.8023605297842672,0.1366738514373034,2404,68,2336,480,-2.2389360501301296,480,-2.2389360501301296,473,-2.224515888789853,none,raw
14,54000,3600,-3.506455066153008,0.0,-2.2420229136792607,0.0459317979225839,0.0,-1.2896896894321346,0.4922721794361902,-0.5129464421365594,-1846.607191691614,2556.396361211646,354.8945847599994,-2201.501776451628,-0.5129464421365594,0.7101101003365683,0.1205947233705376,2466,58,2408,432,-2.110669146738093,432,-2.110669146738093,418,-2.0507705763810837,none,raw
15,57600,3600,-3.254790000872692,0.0,-2.3487648033139585,0.036541215962562,0.0,-1.1313015958651942,0.6743988490709716,-0.4856636655763149,-1748.3891960747335,2527.3167782883224,389.4637911067799,-2137.852987181528,-0.4856636655763149,0.7020324384134229,0.1208679874148004,2399,50,2349,443,-1.9749505775376168,443,-1.9749505775376168,427,-1.939585081989712,none,raw
16,61200,3600,-3.457553714084594,0.0,-2.1858175081222075,0.0511925785924261,0.0,-1.3316037619064922,0.5056916342286829,-0.4970166551740024,-1789.259958626409,2832.066346214882,521.4031937942214,-2310.663152420648,-0.4970166551740024,0.7866850961708005,0.1292490502714494,2428,68,2360,480,-1.896233588268944,480,-1.896233588268944,469,-1.8029720983689304,none,raw
17,64800,3600,-3.522513848241716,0.0,-2.259375344374148,0.0446721565856345,0.0,-1.337250162774961,0.5472413445052381,-0.51780184222623,-1864.086632014428,2723.3830704104257,429.6482191979812,-2293.73485121243,-0.51780184222623,0.7564952973362293,0.1210091542778523,2407,83,2324,480,-2.221207704193246,480,-2.221207704193246,442,-2.096795746729836,none,raw
18,68400,3600,-3.30387915707794,0.0,-2.2193889721005338,0.0450305705916177,0.0,-1.115455075676914,0.4725794121836141,-0.486645093317559,-1751.9223359432124,2893.8776072797123,570.9776356682285,-2322.899971611466,-0.486645093317559,0.8038548909110312,0.14041023194867,2349,92,2257,480,-2.0053230056460807,480,-2.0053230056460807,458,-1.9845093426301708,none,raw
19,72000,3600,-3.423741823201692,0.0,-2.37078944215762,0.0354808528124636,0.0,-1.205668258105664,0.6036703714183463,-0.4864353459209325,-1751.1672453153571,2293.362906442642,271.0978305636354,-2022.265075878993,-0.4864353459209325,0.6370452517896227,0.1038909678710552,2363,75,2288,466,-1.9934611970600191,466,-1.9934611970600191,450,-2.006238186468216,none,raw
20,75600,3600,-3.4997165884954544,0.0,-2.250941030381448,0.0463471275631023,0.0,-1.3107564671767993,0.5240849818241196,-0.5084511985467287,-1830.4243147682232,2445.3134762395503,307.4445807356552,-2137.868895503879,-0.5084511985467287,0.6792537433998751,0.1130351803477276,2326,68,2258,478,-2.2682488207575457,478,-2.2682488207575457,453,-2.188699865315877,none,raw
21,79200,3600,-3.226260976525955,0.0,-2.217897995131238,0.0505757595640817,0.0,-1.25644081792665,0.7810451947324526,-0.5835431178408605,-2100.755224227098,2494.496422786301,196.8705992795916,-2297.6258235067003,-0.5835431178408605,0.6929156729961948,0.1254044112386556,2279,58,2221,480,-2.8920130245750184,480,-2.8920130245750184,425,-2.8741072821603275,none,raw
22,82800,3600,-2.945473024140156,0.0,-2.035154308747172,0.0705829651174143,0.0,-1.3260759807004074,0.8707161803513063,-0.525541879058784,-1891.9507646116224,2283.125008663161,195.58712202576027,-2087.537886637388,-0.525541879058784,0.6342013912953226,0.1102854738358109,2287,75,2212,480,-2.44728934356744,480,-2.44728934356744,466,-2.3864780995413706,none,raw
23,86400,3600,-3.328056336996702,0.0,-2.181646819558762,0.0524834296867474,0.0,-1.3183284797551886,0.4686169496469346,-0.3491814182908418,-1257.0531058470308,2624.025213133431,683.4860536431878,-1940.5391594902217,-0.3491814182908418,0.7288958925370641,0.1227488035205962,2235,122,2113,480,-1.2089764649451675,480,-1.2089764649451675,445,-1.080878129141119,none,raw
24,90000,3600,-3.249208664181028,0.0,-2.2600732141795,0.0467282241554764,0.0,-1.2719297353497594,0.5747000080700256,-0.3386339475352743,-1219.0822111269877,2147.1916491026354,464.05471898781394,-1683.1369301148102,-0.3386339475352743,0.5964421247507321,0.0978506160389802,2195,57,2138,435,-1.4159067337289863,435,-1.4159067337289863,424,-1.3505264625105415,none,raw
25,93600,3600,-3.113711370233278,0.0,-2.2174018733496483,0.0489884005951412,0.0,-1.1158929160499502,0.5677513879048712,-0.3971563677542605,-1429.7629239153378,1840.285617330789,205.26134670772265,-1635.0242706230622,-0.3971563677542605,0.5111904492585524,0.0923927853389379,2088,77,2011,432,-2.1339438873547016,432,-2.1339438873547016,399,-2.0984140363153108,none,raw
26,97200,3600,-2.9553273041370915,0.0,-2.207686832150144,0.0531908627534777,0.0,-1.2746201858061204,0.7777691999710429,-0.3039803487483792,-1094.3292554941654,1866.5459228584505,386.10833368214,-1480.437589176314,-0.3039803487483792,0.5184849785717918,0.0927154133829213,2065,87,1978,460,-1.2757510058234929,460,-1.2757510058234929,453,-1.2704196493353777,none,raw
27,100800,3600,-2.878274078724935,-4.458736250705052e-05,-2.163013579154947,0.059520309319735,0.0,-1.2792932041285572,0.9070030818721792,-0.4024460992453748,-1448.8059572833497,1768.58809149924,159.8910671079458,-1608.6970243912913,-0.4024460992453748,0.4912744698608999,0.0889264671180353,2068,81,1987,441,-2.1161967292914454,441,-2.1161967292914454,407,-2.047620053943607,none,raw
28,104400,3600,-2.8023212411795813,0.0,-2.164079821921712,0.0587259250266158,0.0,-1.2207852977467988,0.9082172982658911,-0.3843993422443906,-1383.837632079806,2266.9315050771884,441.546936498674,-1825.3845685784856,-0.3843993422443906,0.6297031958547745,0.1130964262711637,2069,69,2000,480,-1.9118273906981744,480,-1.9118273906981744,447,-1.9337781826407905,none,raw
29,108000,3600,-3.222400541161349,0.0,-2.210820088199212,0.0502491034835001,0.0,-1.3069674937194593,0.524192698531158,-0.2790547630567887,-1004.5971470044392,2250.9278738546564,623.1653634250887,-1627.7625104295334,-0.2790547630567887,0.6252577427374045,0.106020616606865,2001,83,1918,432,-1.2223261374198031,432,-1.2223261374198031,423,-1.2242494837752946,none,raw
30,111600,3600,-3.0773151363126656,0.0,-2.176651118447532,0.0537991625618962,0.0,-1.2640300770151582,0.6709627728687116,-0.3613958784727969,-1301.0251625020692,1863.7202003385771,281.3475189182554,-1582.3726814203242,-0.3613958784727969,0.5177000556496049,0.0922821149688674,1982,114,1868,480,-1.8093554537646013,480,-1.8093554537646013,465,-1.824462431748589,none,raw
31,115200,3600,-2.696523039200854,0.0,-2.150882793553329,0.0570115365019651,0.0,-1.2401476685399682,0.9132187536321024,-0.2757228683900292,-992.6023262041052,1767.5178349330808,387.4577543644846,-1380.060080568593,-0.2757228683900292,0.4909771763703002,0.0897899663553344,1966,87,1879,432,-1.3645823363701155,432,-1.3645823363701155,403,-1.258416064845758,none,raw
32,118800,3600,-3.36047491852705,0.0,-2.252468373033545,0.0473839700349688,0.0,-1.3582927366755813,0.5706089284943888,-0.3677067088797119,-1323.7441519669628,1894.769404514393,285.5126262737137,-1609.2567782406777,-0.3677067088797119,0.5263248345873314,0.0880226653656579,1958,60,1898,480,-1.8669844749103095,480,-1.8669844749103095,468,-1.8579680621827173,none,raw
33,122400,3600,-2.7340498283098955,0.0,-2.07522270396873,0.0650781201507843,0.0,-1.2618201639740694,0.8307894849213258,-0.2928745625006057,-1054.3484250021804,2062.969268002334,504.3104215000733,-1558.658846502253,-0.2928745625006057,0.5730470188895372,0.101895930008292,1899,56,1843,432,-1.5525064875298311,432,-1.5525064875298311,416,-1.5529102989425465,none,raw
34,126000,3600,-3.2821766169712,0.0,-2.279338315740407,0.0431967336322499,0.0,-1.2836359210758677,0.5433497246703433,-0.3057488408979872,-1100.695827232754,1830.4565513751384,364.8803620711932,-1465.57618930395,-0.3057488408979872,0.5084601531597607,0.0870491819365722,1936,77,1859,480,-1.5686912684447634,460,-1.5913495135250997,456,-1.6009111030599286,none,raw
35,129600,3600,-3.0928566428612814,0.0,-2.279164639215744,0.0419403469492013,0.0,-1.1028739442968234,0.5426353520407822,-0.295393757635964,-1063.4175274894706,1838.2361729023933,387.40932270646334,-1450.8268501959308,-0.295393757635964,0.5106211591395537,0.092146978757136,1909,93,1816,480,-1.5565677743053932,470,-1.5192753707731983,444,-1.4216207010697588,none,raw
36,133200,3600,-3.2649783388272366,0.0,-2.316773427581815,0.0402680126969787,0.0,-1.2852800154060475,0.5775377737428423,-0.280730680574819,-1010.6304500693484,1895.90942856126,442.6394892459572,-1453.2699393152984,-0.280730680574819,0.5266415079336834,0.0868808482314787,1827,63,1764,480,-1.522927281281368,480,-1.522927281281368,463,-1.5175025115129408,none,raw
37,136800,3600,-3.195359704728277,0.0,-2.1976224253033485,0.0494782629748867,0.0,-1.2925314145836748,0.5197407914467854,-0.2744249203441172,-987.9297132388222,1693.8464233900686,352.9583550756226,-1340.888068314446,-0.2744249203441172,0.4705128953861301,0.082218155711875,1880,85,1795,480,-1.4280863038618892,480,-1.4280863038618892,452,-1.4254001040782491,none,raw
38,140400,3600,-2.970979112710997,0.0,-2.131207558148106,0.0600096693449663,0.0,-1.3364993854077354,0.8470967807769877,-0.4103786208415706,-1477.3630350296542,2016.014183811487,269.3255743909189,-1746.688609420574,-0.4103786208415706,0.5600039399476353,0.0971161276990458,1983,54,1929,480,-2.3285110396312176,480,-2.3285110396312176,462,-2.313574668142423,none,raw
39,144000,3600,-2.8266174583829664,0.0,-2.1580608783757254,0.0603672907061027,0.0,-1.285183231259824,0.897569323064345,-0.341309961319146,-1228.7158607489257,1992.8875038018807,382.08582152648046,-1610.801682275405,-0.341309961319146,0.5535798621671892,0.0986257423875374,1889,62,1827,480,-1.873959874193251,480,-1.873959874193251,448,-1.8484827450146797,none,raw
40,147600,3600,-2.7186279968628293,0.0,-2.152454597549037,0.0589068878627889,0.0,-1.2275419412784576,0.9071261811021224,-0.3046645247791907,-1096.7922892050865,1752.691984160329,327.94984747761924,-1424.742136682704,-0.3046645247791907,0.4868588844889803,0.090962510534335,1797,63,1734,480,-1.785223945590551,462,-1.7699426198709476,422,-1.7870673806538333,none,raw
41,151200,3600,-2.7873512495733745,0.0,-2.223357223983335,0.05193589100041,0.0,-1.062180794727596,0.7574094283993341,-0.3111585498308324,-1120.1707793909966,1676.1383082310856,277.9837644200435,-1398.1545438110436,-0.3111585498308324,0.4655939745086349,0.0865113019684111,1730,45,1685,450,-1.9750896183626387,450,-1.9750896183626387,396,-2.026843063106964,none,raw
42,154800,3600,-2.8960284648589245,0.0,-2.264765659216971,0.0474713086038616,0.0,-1.1469605301807082,0.8021481905183568,-0.3339217742146227,-1202.118387172642,1572.7498683775325,185.3157406024453,-1387.4341277750846,-0.3339217742146227,0.4368749634382034,0.0828836001187708,1642,56,1586,480,-2.1322795868937363,480,-2.1322795868937363,424,-2.1634857003939314,none,raw
43,158400,3600,-3.24706591293046,0.0,-2.2660351308126923,0.0450961400614266,0.0,-1.3101534121718872,0.5300376251906843,-0.2460111376337989,-885.640095481676,1442.9681197772595,278.66401214780126,-1164.304107629466,-0.2460111376337989,0.4008244777159054,0.0709255534777297,1666,108,1558,480,-1.4563023779789277,480,-1.4563023779789277,441,-1.4276708456257303,none,raw
44,162000,3600,-2.734357857744692,0.0,-2.2698163718389432,0.0502734059546018,0.0,-1.1710405721096282,0.9411819440192898,-0.2849562626632343,-1025.8425455876438,1255.6073106616416,114.88238253700176,-1140.7249281246425,-0.2849562626632343,0.3487798085171226,0.0655775711675968,1592,78,1514,480,-1.747159177576627,480,-1.747159177576627,443,-1.7592907126476802,none,raw
45,165600,3600,-3.0840654667149083,0.0,-2.3611079118517084,0.037446533146984,0.0,-1.166469805725641,0.6291697995776646,-0.223104081262615,-803.1746925454142,1138.0454736173624,167.43539053597812,-970.610083081387,-0.223104081262615,0.3161237426714895,0.0540182991851876,1514,72,1442,432,-1.45688141452565,432,-1.45688141452565,406,-1.4563729825718004,none,raw
46,169200,3600,-2.7283695642254964,0.0,-2.228388340200993,0.0528391093193951,0.0,-1.218583057060109,0.9205660475580278,-0.2548033245952322,-917.291968542836,1273.857289985565,178.2826607213676,-1095.5746292642,-0.2548033245952322,0.3538492472182125,0.0669750461159215,1505,47,1458,432,-1.7849714686906166,432,-1.7849714686906166,394,-1.7777749412082178,none,raw
47,172800,3600,-2.766042235364148,0.0,-2.153659361929732,0.0576082639458043,0.0,-1.2937873121925685,0.8394314685585134,-0.2156352940126319,-776.2870584454749,1480.380647730733,352.04679464263506,-1128.333853088105,-0.2156352940126319,0.4112168465918703,0.0736389113539631,1589,83,1506,480,-1.284931441379915,480,-1.284931441379915,472,-1.24121368775921,none,raw
48,176400,3600,-2.796689856815016,0.0,-2.2185612629243003,0.0551186216930322,0.0,-1.2548938766386224,0.91934999817671,-0.2977033355980027,-1071.73200815281,1503.416691853163,215.84234185017917,-1287.574350002987,-0.2977033355980027,0.4176157477369897,0.0775658323307192,1586,63,1523,480,-1.8977652703963597,480,-1.8977652703963597,422,-1.887634186689372,none,raw
49,180000,3600,-3.1617752658520475,0.0,-2.2198021252108338,0.0511238854623958,0.0,-1.2766042361494865,0.5270482699837161,-0.2435410636303598,-876.7478290692952,1227.5424346844425,175.39730280757945,-1052.145131876869,-0.2435410636303598,0.3409840096345674,0.0611522684588307,1664,116,1548,432,-1.5888522451885192,432,-1.5888522451885192,405,-1.5634325326440688,none,raw
50,183600,3600,-2.6248256159983185,0.0,-2.166058610858854,0.0609124625042107,0.0,-1.2096258408640437,0.95681683448038,-0.2668704606193403,-960.733658229625,1307.7704068396456,173.5183743050133,-1134.2520325346336,-0.2668704606193403,0.3632695574554571,0.0677363187595964,1599,62,1537,463,-1.691225524034854,463,-1.691225524034854,421,-1.6720540389579688,none,raw
51,187200,3600,-3.2023856048767145,0.0,-2.390328984333573,0.0349993277659119,0.0,-1.2295996444014037,0.6352861544118574,-0.252742458268376,-909.8728497661536,1357.508480188751,223.81781521130333,-1133.6906649774485,-0.252742458268376,0.3770856889413197,0.0632587482264428,1730,58,1672,480,-1.5456451913988074,480,-1.5456451913988074,453,-1.5150133840851567,none,raw
52,190800,3600,-2.968140384259492,0.0,-2.208078261994989,0.0544083223502404,0.0,-1.268435121718652,0.799917968962177,-0.3459532917859284,-1245.431850429342,1559.6425099929345,157.10532978179978,-1402.5371802111365,-0.3459532917859284,0.4332340305535929,0.078792466358189,1822,66,1756,480,-2.15681369215389,480,-2.15681369215389,452,-2.1146226163079387,none,raw
53,194400,3600,-2.9157869025442293,0.0,-2.319305115007821,0.0415835757750501,0.0,-1.0970448121647591,0.6759893181709109,-0.2170098702391932,-781.2355328610957,1424.5712087396316,321.6678379392702,-1102.9033708003628,-0.2170098702391932,0.3957142246498977,0.0720983678758653,1839,64,1775,447,-1.2464860563690103,434,-1.1542086783945398,419,-1.122661988263005,none,raw
54,198000,3600,-2.94280655702589,0.0,-2.3114081973260827,0.0437620272369401,0.0,-1.1829421552552677,0.7346127597246572,-0.2268309943812155,-816.591579772376,1765.9616160532607,474.6850181404442,-1291.2765979128185,-0.2268309943812155,0.490544893348128,0.0813411950195305,1957,55,1902,480,-1.1915641899671872,480,-1.1915641899671872,461,-1.1488509201352948,none,raw
55,201600,3600,-2.815783826542271,0.0,-2.237643858903916,0.0509751190095921,0.0,-1.2814403250055415,0.9087126157411846,-0.2563873787424937,-922.9945634729772,1709.5994673361356,393.3024519315804,-1316.2970154045547,-0.2563873787424937,0.4748887409267043,0.0842925575452034,1953,65,1888,432,-1.5153861553520525,432,-1.5153861553520525,406,-1.4085077116879556,none,raw
56,205200,3600,-2.944952533820239,0.0,-2.1425552616630306,0.0584912060734935,0.0,-1.267964563289224,0.6669697633982844,-0.2598936749534525,-935.6172298324292,1545.1445616027436,304.76366588515947,-1240.3808957175868,-0.2598936749534525,0.4292068226674287,0.0776422394129319,1962,112,1850,480,-1.4300532130838248,480,-1.4300532130838248,426,-1.317621341170038,none,raw
57,208800,3600,-3.167353980847272,0.0,-2.375979527680722,0.0376550789626665,0.0,-1.2401398049100687,0.7068714482024412,-0.2957611763053722,-1064.74023469934,1525.085854927502,230.1728101140845,-1294.913044813422,-0.2957611763053722,0.4236349597020838,0.0702383325020662,1821,58,1763,480,-1.7547692337356025,480,-1.7547692337356025,463,-1.7369839966794849,none,raw
58,212400,3600,-2.84829924305306,0.0,-2.2348720289370427,0.0523729823287658,0.0,-1.1155741843104166,0.8296560565951275,-0.3798820691833991,-1367.575449060237,1776.885722072392,204.65513650607917,-1572.2305855663128,-0.3798820691833991,0.4935793672423311,0.0934848588393298,1909,50,1859,480,-2.349141973901978,480,-2.349141973901978,410,-2.328913674243717,none,raw
59,216000,3600,-2.9879697104474405,0.0,-2.267146942538775,0.044574784721234,0.0,-1.0739269183532705,0.5941677544567298,-0.2856383889464278,-1028.29820020714,1945.1179662688,458.4098830308298,-1486.7080832379684,-0.2856383889464278,0.5403105461857777,0.0972026788065396,1962,79,1883,480,-1.6025769208576404,480,-1.6025769208576404,437,-1.5399188492087883,none,raw
60,219600,3600,-2.9664909162179134,0.0,-2.149055683020948,0.0593372077152007,0.0,-1.2847208582402856,0.7217300050246546,-0.313781587367998,-1129.6137145247928,1608.0415197434895,239.2139026093528,-1368.8276171341404,-0.313781587367998,0.4466781999287471,0.080491641578323,2011,87,1924,480,-1.787072570812795,480,-1.787072570812795,446,-1.7244270205495358,none,raw
61,223200,3600,-2.676587476479293,0.0,-2.161964699711137,0.0569698796411268,0.0,-1.0295811204678336,0.7642569648795844,-0.3062685001457074,-1102.5666005245469,2173.7728432488298,535.6031213621424,-1638.1697218866873,-0.3062685001457074,0.6038257897913416,0.1093892310350207,2075,54,2021,478,-1.6665034637288685,478,-1.6665034637288685,416,-1.5466995364263876,none,raw
62,226800,3600,-2.953984285146661,0.0,-2.3677914344375903,0.0379435073679676,0.0,-1.150951246783949,0.7182086913868643,-0.1913937992021472,-689.0176771277302,2120.7307153226398,715.8565190974609,-1404.8741962251747,-0.1913937992021472,0.5890918653673998,0.1025872340185923,2011,74,1937,480,-0.9410638741330696,480,-0.9410638741330696,459,-0.8794352588061413,none,raw
63,230400,3600,-2.861993023869581,0.0,-2.308450428539265,0.0446705459824614,0.0,-1.27003294131198,0.9001084479998923,-0.2282886480452181,-821.8391329627852,1999.8743232145212,589.0175951258664,-1410.8567280886537,-0.2282886480452181,0.555520645337367,0.0969175189048935,2117,69,2048,480,-1.1358354952598029,480,-1.1358354952598029,441,-1.011898773540774,none,raw
64,234000,3600,-2.7699482182153425,0.0,-2.290152808876325,0.0468590247164028,0.0,-1.2698829709719983,0.8999693339235186,-0.1567407962821808,-564.2668666158512,1978.9436319780043,707.3383826810857,-1271.605249296924,-0.1567407962821808,0.5497065644383345,0.0957916347474454,2066,64,2002,467,-0.6592938258193203,467,-0.6592938258193203,445,-0.5983888403168806,none,raw
65,237600,3600,-3.022738642389753,0.0,-2.115481641832778,0.0632185773085568,0.0,-1.3012760079000296,0.5912068545979186,-0.2604064238537188,-937.463125873388,1642.2124832016916,352.3746786641569,-1289.8378045375423,-0.2604064238537188,0.4561701342226921,0.0798259638528957,2195,118,2077,480,-1.3141101219550095,480,-1.3141101219550095,445,-1.2190209113403696,none,raw
66,241200,3600,-3.0663875081351013,0.0,-2.255999723687566,0.0483940065153736,0.0,-1.284710891800972,0.6367442950379499,-0.2108151964926956,-758.9347073737043,1809.6874638036709,525.3763782149884,-1284.3110855886828,-0.2108151964926956,0.5026909621676864,0.0833031100671631,2076,87,1989,480,-1.0709147777887975,480,-1.0709147777887975,447,-1.0462103729291672,none,raw
67,244800,3600,-2.816086120112539,0.0,-2.302871399093374,0.0451744833193389,0.0,-1.2902667597543054,0.8914872275341557,-0.159609672725591,-574.5948218121279,2035.5711082272803,730.4881432075788,-1305.082965019703,-0.159609672725591,0.5654364189520223,0.0984139847664152,2057,74,1983,480,-0.6957632827017708,480,-0.6957632827017708,434,-0.4813996448899331,none,raw
68,248400,3600,-2.635696218842808,0.0,-2.1680369302382965,0.056771434966701,0.0,-1.0471132017212768,0.783591477432278,-0.2609090010355447,-939.272403727961,1771.1575607764682,415.9425785242561,-1355.2149822522108,-0.2609090010355447,0.4919882113267967,0.0916822300494368,2052,48,2004,432,-1.617567002503138,432,-1.617567002503138,365,-1.4204071744749698,none,raw
69,252000,3600,-2.862930164949125,0.0,-2.289007895672988,0.0462462083214232,0.0,-1.2795538844868242,0.9140014210205284,-0.2546160122455433,-916.617644083956,1579.6950843326626,331.5387201243573,-1248.1563642083106,-0.2546160122455433,0.4388041900924063,0.0780598681468123,2125,49,2076,448,-1.4978877065590168,448,-1.4978877065590168,418,-1.408539438534057,none,raw
70,255600,3600,-2.80275722286238,0.0,-2.2139555968201683,0.0508838570170408,0.0,-1.1023328438547066,0.713543780564687,-0.2508964193610561,-903.227109699802,1972.2980981157496,534.5354942079808,-1437.7626039077663,-0.2508964193610561,0.5478605828099304,0.0977710719806907,2183,70,2113,480,-1.31735850095842,466,-1.2377974436636228,437,-1.0315871518208106,none,raw
71,259200,3600,-2.8420601732275363,0.0,-2.228865569070803,0.0505463281470925,0.0,-1.1038510338507357,0.7074384761738906,-0.267328374667321,-962.3821488023556,1658.5705486158931,348.09419990677134,-1310.4763487091227,-0.267328374667321,0.4607140412821925,0.0835922876046612,2083,83,2000,480,-1.4857061614390836,480,-1.4857061614390836,452,-1.3728741822122836,none,raw
72,262800,3600,-2.927486254378944,0.0,-2.229116167128228,0.0471193041543809,0.0,-1.0669339929556152,0.6218387919080739,-0.3003941902711948,-1081.4190849763015,1517.738049307446,218.159482165573,-1299.5785671418737,-0.3003941902711948,0.4215939025854016,0.0783236926491436,2075,62,2013,432,-1.935316966638537,420,-1.886817679612378,383,-1.82857994219813,none,raw
73,266400,3600,-3.168742800782121,0.0,-2.1660128892781225,0.0570470125813475,0.0,-1.3125445075507791,0.561063547978963,-0.3082959656407145,-1109.8654763065724,1494.1599253369754,192.147224515205,-1302.01270082177,-0.3082959656407145,0.4150444237047154,0.0737783874705576,2227,84,2143,459,-1.7531017542749256,459,-1.7531017542749256,426,-1.7135974723596796,none,raw
74,270000,3600,-3.018962485655882,0.0,-2.197381773215633,0.0540053990983446,0.0,-1.2845359120740067,0.6478804882646718,-0.2389306843262323,-860.1504635744366,1881.7747899486064,510.8121631870908,-1370.962626761516,-0.2389306843262323,0.5227152194301684,0.0864607447056415,2118,78,2040,480,-1.2605230174370277,480,-1.2605230174370277,438,-1.1857872790020283,none,raw
75,273600,3600,-2.3799701373527853,0.0,-1.8884929254385816,0.0907660253234749,0.0,-1.230584584307313,0.9819340288448296,-0.3335926796234628,-1200.9336466444663,2264.428355034802,531.7473541951517,-1732.6810008396112,-0.3335926796234628,0.629007876398556,0.1145141809662608,2155,44,2111,480,-1.858304137137012,480,-1.858304137137012,421,-1.7499139435756983,none,raw
76,277200,3600,-2.838048417766622,0.0,-2.183492044713088,0.0537404180136051,0.0,-1.1127347608233895,0.6772962565354923,-0.272858286471553,-982.2898312975908,1611.4617350468675,314.5859518746396,-1296.8757831722342,-0.272858286471553,0.4476282597352409,0.0818918005330613,2105,56,2049,451,-1.6088783082303617,440,-1.591597194573797,403,-1.5249446061913072,none,raw
77,280800,3600,-2.9243004852182057,0.0,-2.2331615792967043,0.048125547206292,0.0,-1.1637375235904437,0.6798995872673801,-0.2554265186019023,-919.5354669668484,1892.3375300012729,486.4010315172114,-1405.936498484059,-0.2554265186019023,0.5256493138892424,0.0943484760766834,2146,79,2067,480,-1.386386894248368,480,-1.386386894248368,429,-1.3058963639720629,none,raw
78,284400,3600,-2.9014397786743493,0.0,-2.237521571055112,0.0470680267017129,0.0,-1.0828307582468983,0.6101870367165279,-0.2383425127109581,-858.0330457594492,1905.3437778569585,523.6553660487592,-1381.6884118081998,-0.2383425127109581,0.5292621605158218,0.096294713634003,2036,85,1951,480,-1.252013898938447,467,-1.195526954016266,430,-1.027489013830282,none,raw
79,288000,3600,-2.9927808688002906,0.0,-2.341010415345602,0.0419919077071007,0.0,-1.2672120040752242,0.7911839406706662,-0.2177342977766761,-783.8434719960342,1471.962917369686,344.05972268683337,-1127.9031946828593,-0.2177342977766761,0.4088785881582461,0.0689499023215217,1922,70,1852,478,-1.226056224905471,478,-1.226056224905471,452,-1.1734264517658497,none,raw
80,291600,3600,-2.6383385663570817,0.0,-2.083283868783243,0.0642426022230894,0.0,-1.057489705362764,0.634411294998414,-0.1962188879599489,-706.3879966558161,1650.087435545856,471.84971944503127,-1178.237716100832,-0.1962188879599489,0.45835762098496,0.0853839382668088,1950,80,1870,480,-1.067121853239039,469,-0.940808708520712,428,-0.8410313663017107,none,raw
81,295200,3600,-2.701059564736985,0.0,-2.125156977684394,0.0618960719937564,0.0,-1.2563030068724093,0.8460465954218382,-0.2275422468946027,-819.1520888205699,1427.756760730797,304.3023359551166,-1123.4544247756844,-0.2275422468946027,0.3965991002029991,0.0730135507482834,1835,82,1753,480,-1.2815121141712749,480,-1.2815121141712749,406,-1.160046313622525,none,raw
82,298800,3600,-2.556239534339784,0.0,-2.200038667322456,0.0587299426922159,0.0,-1.2559631816057626,0.9522116246706048,-0.1111792542263158,-400.24531521473705,1785.1286443363415,692.4416645608147,-1092.6869797755298,-0.1111792542263158,0.495869067871206,0.0896822570677498,1786,84,1702,480,-0.514112350863331,480,-0.514112350863331,459,-0.4439707974116157,none,raw
83,302400,3600,-2.4793872459573323,0.0,-1.998209635566617,0.0755602857601584,0.0,-1.2925127624739865,0.9542663799526738,-0.218491513629055,-786.5694490645981,1702.5865768824654,458.0085639089419,-1244.5780129735251,-0.218491513629055,0.4729407158006848,0.0866465218123098,1824,70,1754,480,-1.2329955627442473,480,-1.2329955627442473,409,-1.002188281889371,none,raw
84,306000,3600,-2.260559960224572,0.0,-1.755122213607114,0.1014444728792792,0.0,-1.350655050399853,0.974396496301102,-0.2306236618756517,-830.2451827523462,1665.271248063763,417.5130326557147,-1247.7582154080417,-0.2306236618756517,0.4625753466843787,0.0839282755047742,1901,65,1836,480,-1.186661765097768,480,-1.186661765097768,423,-1.0989731298142376,none,raw
85,309600,3600,-2.941555709773949,-5.830787815250221e-06,-2.0390354440956906,0.0749060751724962,0.0,-1.3806004755786316,0.608033862195009,-0.2048538987251205,-737.4740354104341,1639.5704653150997,451.04821495234006,-1188.5222503627567,-0.2048538987251205,0.4554362403653054,0.0802846241110225,1732,132,1600,480,-1.106452799335664,480,-1.106452799335664,445,-1.0957823889659108,none,raw
86,313200,3600,-2.989449498958606,0.0,-2.110363056796629,0.0624193481329225,0.0,-1.3934414974511995,0.6024611930359972,-0.150525488722538,-541.8917594011367,1440.1543690008748,449.1313047998837,-991.0230642010004,-0.150525488722538,0.4000428802780207,0.0711329804974767,1679,102,1577,480,-0.8247462162405347,480,-0.8247462162405347,434,-0.7568513495646925,none,raw
87,316800,3600,-2.1065401173358884,0.0,-1.6611715397421285,0.1164065749528107,0.0,-1.390382288006898,0.9740956769447948,-0.1454885406218609,-523.7587462386994,1933.041178416909,704.641216089113,-1228.3999623277896,-0.1454885406218609,0.5369558828935859,0.0955843842495862,1771,75,1696,480,-0.6298651476742557,480,-0.6298651476742557,433,-0.4858663346866868,none,raw
88,320400,3600,-2.617901420166614,0.0,-2.0336787980405417,0.0729888483191467,0.0,-1.3179052018224602,0.882500455074334,-0.2218067247631121,-798.5042091472038,1395.3430016368711,298.41939624484155,-1096.923605392034,-0.2218067247631121,0.3875952782324642,0.0714362128024842,1741,83,1658,480,-1.303661651262213,480,-1.303661651262213,427,-1.2583102224498974,none,raw
89,324000,3600,-2.723622736478525,0.0,-2.1255168937173767,0.0612401638443848,0.0,-1.1498080311734138,0.6957199710362408,-0.2052579461004915,-738.9286059617696,1801.4074932405804,531.2394436394173,-1270.1680496011656,-0.2052579461004915,0.5003909703446057,0.0917162279592241,1690,89,1601,480,-1.2930755557926763,470,-1.2545890495104275,428,-1.1845730201301092,none,raw
90,327600,3600,-2.9375780726500507,0.0,-2.21947546523259,0.0556026991338802,0.0,-1.4055417447326684,0.7969633794618852,-0.1651269399006298,-594.4569836422673,1665.2097051007909,535.3763607292711,-1129.8333443715198,-0.1651269399006298,0.4625582514168863,0.076303734553111,1663,64,1599,480,-0.931760406954522,480,-0.931760406954522,451,-0.8607252442026523,none,raw
91,331200,3600,-2.579198500009402,0.0,-2.172710239521868,0.063357406323092,0.0,-1.2959854329385825,1.0286580069336613,-0.2025182407149644,-729.065666573872,1575.240903804228,423.0876186151848,-1152.153285189047,-0.2025182407149644,0.4375669177233966,0.0781877749877358,1745,75,1670,480,-1.1999800767351223,480,-1.1999800767351223,435,-1.1292546899833693,none,raw
92,334800,3600,-2.6053498890369964,0.0,-1.982268971915258,0.0807944876897072,0.0,-1.3458576771009352,0.8310644258736102,-0.1890821534891106,-680.6957525607983,1488.7669598322498,404.0356036357347,-1084.7313561965184,-0.1890821534891106,0.4135463777311804,0.07554379845775,1728,90,1638,458,-1.1165071810079843,458,-1.1165071810079843,419,-1.0703409183635373,none,raw
93,338400,3600,-2.7881317867591537,0.0,-1.98925593285771,0.0789509297027823,0.0,-1.3948878756341805,0.6222190692734914,-0.1051579801472781,-378.5687285302015,1422.058714386456,521.7449929281411,-900.3137214583229,-0.1051579801472781,0.3950163095517933,0.0699096563545658,1763,132,1631,480,-0.4520310638586885,480,-0.4520310638586885,450,-0.4008334704197607,none,raw
94,342000,3600,-2.515165300981318,0.0,-2.0658364626430417,0.0715948893488369,0.0,-1.1150812532880177,0.8818417726378459,-0.2876842467665641,-1035.6632883596308,1483.2658947920695,223.80130321622175,-1259.4645915758488,-0.2876842467665641,0.4120183041089083,0.0798852268712454,1549,45,1504,480,-1.9211857876749008,480,-1.9211857876749008,411,-1.964104061689854,none,raw
95,345600,3600,-2.7830250084770847,0.0,-2.006318233966818,0.0772788814282728,0.0,-1.378873581176581,0.6171077837180318,-0.0922198622727786,-331.99150418200315,1160.2123920259717,414.1104439219977,-746.101948103991,-0.0922198622727786,0.3222812200072144,0.0581745293392246,1560,133,1427,480,-0.3891707228241718,480,-0.3891707228241718,444,-0.3264585695534893,none,raw
96,349200,3600,-3.119862435102194,0.0,-2.334627020798305,0.0450902320395021,0.0,-1.4062186969135395,0.7883575997069582,-0.2124645464098196,-764.8723670753509,1262.108131232537,248.61788207859868,-1013.4902491539418,-0.2124645464098196,0.350585592009038,0.0591089002500731,1347,67,1280,480,-1.4255660390371765,480,-1.4255660390371765,455,-1.4125779404616583,none,raw
97,352800,3600,-2.719617505658858,0.0,-2.220255536623407,0.056519337948468,0.0,-1.3712008484900406,0.9657277578470594,-0.1504082148366724,-541.4695734120208,1742.2074073853742,600.3689169866824,-1141.8384903986916,-0.1504082148366724,0.4839465020514928,0.0850787843850063,1520,55,1465,480,-0.927829607654878,480,-0.927829607654878,466,-0.917562140060616,none,raw
98,356400,3600,-2.0058393859459667,0.0,-1.746205007134725,0.1060035859274556,0.0,-1.182941614300228,1.0390147118198476,-0.2217110614329363,-798.1598211585707,1572.804433631582,387.3223062365153,-1185.4821273950708,-0.2217110614329363,0.4368901204532172,0.0844183053783659,1679,51,1628,480,-1.340327739360234,480,-1.340327739360234,430,-1.348466847685074,none,raw
99,360000,3600,-2.8014926394687327,0.0,-2.1585371251258505,0.0634254627821169,0.0,-1.3617314978877493,0.7978198247327442,-0.1424693057264384,-512.8895006151782,1319.9892584740248,403.5498789294324,-916.4393795445952,-0.1424693057264384,0.3666636829094513,0.0614441672937964,1579,68,1511,441,-0.8244453390398939,441,-0.8244453390398939,417,-0.7969225635271916,none,raw
100,363600,3600,-2.8217425757596133,0.0,-2.1110001440548274,0.0686233474771551,0.0,-1.3445508272716864,0.6783784401270172,-0.1131933925747282,-407.4962132690216,1518.2893501311382,555.3965684310691,-962.8927817000708,-0.1131933925747282,0.4217470417030939,0.0747924670615306,1558,102,1456,480,-0.6129775259033325,480,-0.6129775259033325,429,-0.507426466612647,none,raw
101,367200,3600,-2.868696695014409,0.0,-2.210309202762613,0.057565611709139,0.0,-1.3674754317851452,0.8586733641693088,-0.207151033850175,-745.7437218606301,1369.6221321096891,311.93920512453354,-1057.6829269851628,-0.207151033850175,0.3804505922526915,0.0642834729770571,1524,54,1470,480,-1.3318534793010093,480,-1.3318534793010093,457,-1.3254749510929145,none,raw
102,370800,3600,-2.6566263049516583,0.0,-1.9540729791978129,0.0836050110550903,0.0,-1.3563906986319536,0.7292434774564414,-0.1590111186579189,-572.4400271685083,1369.5707675070328,398.5653701692728,-971.0053973377668,-0.1590111186579189,0.3804363243075091,0.0680235819708091,1590,104,1486,444,-0.921924579693806,444,-0.921924579693806,406,-0.912616436779054,none,raw
103,374400,3600,-2.68122257881462,0.0,-1.982700436820968,0.0794476265298223,0.0,-1.4079329120011477,0.7417172354411492,-0.1117540923545552,-402.3147324763987,1668.422747451708,633.054007487665,-1035.368739964047,-0.1117540923545552,0.46345076318103,0.0788912550720731,1732,80,1652,452,-0.4521176369652822,452,-0.4521176369652822,410,-0.3582504523227088,none,raw
104,378000,3600,-2.8747049489764374,0.0,-2.0679821799786526,0.0711602737640294,0.0,-1.3594741746627774,0.6708017411553807,-0.1892106107078583,-681.15819854829,1356.0412825850992,337.44154201841434,-1018.5997405666892,-0.1892106107078583,0.3766781340514164,0.0671693578102411,1751,91,1660,480,-1.077177255051364,480,-1.077177255051364,440,-1.0467556573214931,none,raw
105,381600,3600,-2.399403342244162,0.0,-1.9878589206950268,0.0850307488417973,0.0,-1.278452887584563,1.03168235117036,-0.2498046330709774,-899.2966790555189,1413.062747146635,256.8830340455605,-1156.1797131010746,-0.2498046330709774,0.3925174297629542,0.0742682369266467,1624,46,1578,480,-1.5868739119142894,480,-1.5868739119142894,436,-1.607279048208025,none,raw
106,385200,3600,-2.7573854101837627,0.0,-2.016478902027377,0.072962954840433,0.0,-1.337070579166708,0.6399321493626281,-0.1167310337644394,-420.231721551982,1348.9953713550528,464.38182490154986,-884.6135464535096,-0.1167310337644394,0.3747209364875147,0.0674614280141098,1729,96,1633,432,-0.6009473349610888,432,-0.6009473349610888,400,-0.5473809430711083,none,raw
107,388800,3600,-2.3338441845642026,0.0,-2.0561508925250425,0.0742222183132279,0.0,-1.0740479448213365,0.932523569459118,-0.2103911339799959,-757.4080823279852,2039.379073840228,640.9854957561236,-1398.3935780841005,-0.2103911339799959,0.5664941871778411,0.1075506515054609,1722,47,1675,480,-1.287512922143225,480,-1.287512922143225,419,-1.2058701308494293,none,raw
108,392400,3600,-2.6963105767186306,0.0,-2.151566566013071,0.0637671342055985,0.0,-1.361088275160492,0.8591807911112389,-0.1066036670153362,-383.7732012552105,1705.688396241277,660.9575974930431,-1044.7307987482384,-0.1066036670153362,0.4738023322892435,0.0788448209997909,1679,67,1612,480,-0.5201970584490467,480,-0.5201970584490467,463,-0.5001688045278558,none,raw
109,396000,3600,-2.036304144920513,-0.002711265425873,-1.5381753968532696,0.1234633819997077,0.0,-1.4202525044342955,0.957808801862381,-0.1564371648371327,-563.1737934136778,2349.5233964356366,893.1748015109794,-1456.348594924633,-0.1564371648371327,0.652645387898788,0.1110587236977884,1949,77,1872,480,-0.6271282036970547,480,-0.6271282036970547,468,-0.6026418037852959,none,raw
110,399600,3600,-1.8697998239999287,0.0,-1.4265422998453852,0.1333676457133919,0.0,-1.3618780784808446,0.9673846133046357,-0.1821317029025281,-655.6741304491012,2128.016400339291,736.1711349450924,-1391.8452653941742,-0.1821317029025281,0.5911156667609142,0.102738074380976,2076,68,2008,465,-0.7514278243055466,465,-0.7514278243055466,428,-0.7064681266093633,none,raw
111,403200,3600,-2.1865071153337503,0.0,-1.7629607420165538,0.1008850136258166,0.0,-1.2902889805718591,0.9266214856419788,-0.1607638907313615,-578.7500066329015,1753.7512427906156,587.5006180788714,-1166.2506247117449,-0.1607638907313615,0.4871531229973932,0.0873740596019139,1955,86,1869,432,-0.8557267163657232,432,-0.8557267163657232,385,-0.7500658915741331,none,raw
112,406800,3600,-1.170805925674443,-8.560553301325169e-05,-1.2332511941071294,0.1633992036974046,0.0,-1.24663591922547,1.1212341761138698,0.024533409251832,88.32027330659537,3495.8770503241435,1792.098661815333,-1703.7783885087056,0.024533409251832,0.9710769584233732,0.1658658283608218,2088,66,2022,480,0.7592018538499015,480,0.7592018538499015,445,0.9507138802545094,none,raw
113,410400,3600,-1.8938197896652027,0.0,-1.6602463562626475,0.1069066596215312,0.0,-1.0185793997165171,0.8059895507643245,-0.1278902436803345,-460.4048772492042,2278.7684924376263,909.1818075941958,-1369.5866848433732,-0.1278902436803345,0.6329912478993406,0.1136769416749317,1949,83,1866,480,-0.4897301205571157,480,-0.4897301205571157,437,-0.3797738764835928,none,raw
114,414000,3600,-1.8669970619769365,0.0,-1.329724179979261,0.1419079250383014,0.0,-1.3065386806346515,0.7481793577763881,-0.1208214847789046,-434.9573452040568,2204.772681415808,884.9076681058627,-1319.8650133098863,-0.1208214847789046,0.6124368559488355,0.1038255187614504,2217,120,2097,480,-0.2919145819570642,480,-0.2919145819570642,462,-0.2660090998706659,none,raw
115,417600,3600,-2.522454162053974,0.0,-2.086419827691422,0.0717361134107814,0.0,-1.302714430768237,0.8985183592833437,-0.1035743770844381,-372.8677575039775,1894.4959777752529,760.8141101356483,-1133.6818676396078,-0.1035743770844381,0.526248882715348,0.0931094985380097,1820,61,1759,480,-0.5168473366267357,480,-0.5168473366267357,430,-0.3760868880193995,none,raw
116,421200,3600,-1.3381677926231996,0.0,-1.0279778771181594,0.1705682168334072,0.0,-1.2836363354953015,0.8303212056672974,-0.0274430060403782,-98.79482174536156,2209.1264188129176,1055.1657985337667,-1153.9606202790978,-0.0274430060403782,0.6136462274480327,0.1047827845073288,2216,122,2094,435,0.6224351076365316,435,0.6224351076365316,414,0.711187606940504,none,raw
117,424800,3600,-0.295651068514926,-0.0610526320904363,0.123216524304338,0.2750930801497601,-9.857875022784966e-05,-1.375401471955729,1.1047413588155026,-0.3621493510939469,-1303.737663938209,3150.7309031961186,923.4966196288832,-2227.234283567126,-0.3621493510939469,0.8752030286655885,0.142769664057399,2738,70,2668,450,-1.249831771528938,450,-1.249831771528938,450,-1.249831771528938,none,raw
118,428400,3600,-0.2137209383611661,-0.0818710876696569,0.0824883597822816,0.2759655155818086,-0.0001673827369427,-1.386032575371802,1.1433994203422264,-0.2475031898392443,-891.0114834212798,3673.976974837224,1391.4827457078964,-2282.4942291292364,-0.2475031898392443,1.0205491596770069,0.1615525201251275,2652,86,2566,480,-0.2995177103440909,480,-0.2995177103440909,466,-0.2679741114772902,none,raw
119,432000,3600,-2.6607062470814244,0.0,-2.309242688033601,0.0470957733866543,0.0,-1.177191636401562,0.8124106990571719,-0.0337783971346624,-121.60222968478472,1559.4551972386162,718.9264837769257,-840.5287134616996,-0.0337783971346624,0.4331819992329489,0.0778679349003882,1548,70,1478,432,-0.0782255966550023,432,-0.0782255966550023,402,0.0444830785530614,none,raw
120,435600,3600,-0.7626526212865914,0.0,-0.5025453445389383,0.2106723372690798,0.0,-1.251953270056736,0.9899323283769512,-0.2087586700459849,-751.5312121655458,2498.9754760318683,873.7221319331195,-1625.2533440986622,-0.2087586700459849,0.6941598544532968,0.1181335699578774,2177,75,2102,432,-0.7185198934105607,432,-0.7185198934105607,408,-0.7017050035583758,none,raw
121,439200,3600,0.2533822674097448,-0.0511719035849665,0.5410467041322703,0.3122389052634615,-4.1616518474108e-06,-1.4243059404531702,1.1651996961556574,-0.2896210325551937,-1042.6357171986974,3876.661851729649,1417.0130672654002,-2459.6487844642024,-0.2896210325551937,1.076850514369347,0.168485335623004,2718,79,2639,480,-0.6527233073775841,480,-0.6527233073775841,480,-0.6527233073775841,none,raw
122,442800,3600,-2.01021193476874,0.0,-1.8186713305204605,0.0934099493087507,0.0,-1.083527284645581,0.7630906620569216,0.0354860657062128,127.74983654236608,2039.8717145716616,1083.810775557026,-956.06093901464,0.0354860657062128,0.5666310318254616,0.1034643133520067,1731,87,1644,432,0.6416864003009366,415,0.7355225534118913,394,0.8770353861156268,none,raw
123,446400,3600,0.7052719097461603,-0.0546374335417961,0.9108178751457612,0.3442551452902632,-3.358705792386808e-05,-1.3900908081316516,1.1977990588564602,-0.302838340770818,-1090.2180267749447,3648.555277649237,1279.1686254370793,-2369.3866522121225,-0.302838340770818,1.013487577124788,0.1602034728685689,2957,83,2874,480,-0.6068139585937673,480,-0.6068139585937673,478,-0.6064373258069682,none,raw
124,450000,3600,-2.1786247678552657,0.0,-1.894198167867884,0.0884545292909668,0.0,-1.1457917894342382,0.7609375021401695,0.0119731582572757,43.10336972619281,2053.4429229509374,1048.273146338576,-1005.169776612366,0.0119731582572757,0.5704008119308159,0.1020450786012655,1685,83,1602,480,0.3236149115188314,467,0.3824824765603745,456,0.4218247393327476,none,raw
125,453600,3600,-2.8809374767851037,0.0,-2.325347323708676,0.0470271830594665,0.0,-1.3224546056999404,0.8312292925882258,-0.1113920246139014,-401.01128861004526,1422.2600654103233,510.6243884001532,-911.6356770101836,-0.1113920246139014,0.3950722403917565,0.0662808623026654,1605,70,1535,480,-0.6561522077175972,480,-0.6561522077175972,452,-0.6008408741009117,none,raw
126,457200,3600,-1.511744518030848,0.0,-1.548954611807298,0.1236995224865918,0.0,-1.060784022577442,0.9317248062366728,0.0425697929851136,153.251254746409,2758.7067718057565,1455.979013276059,-1302.727758529618,0.0425697929851136,0.7663074366127102,0.1359427925177984,2035,72,1963,480,0.7024056703067726,480,0.7024056703067726,422,1.0134744868246852,none,raw
127,460800,3600,-1.812883883443215,0.0,-1.6846403130481566,0.1080123705990605,0.0,-1.0719409617574505,0.7908697250778107,0.0448152939892431,161.33505836127526,1945.273046823596,1053.3040525924446,-891.9689942311529,0.0448152939892431,0.5403536241176655,0.0975899487503631,1929,84,1845,432,0.7699638077803509,420,0.8404598938752343,404,0.955404509877545,none,raw
128,464400,3600,-1.694079237823672,-0.0049133389539122,-1.1948980759392749,0.1518091077387261,0.0,-1.3219747017298773,0.709688639674907,-0.0337908700321482,-121.64713211573378,2031.5921570636283,954.9725124739624,-1076.6196445896674,-0.0337908700321482,0.5643311547398967,0.0972063392864398,2089,118,1971,432,0.4826352781209734,432,0.4826352781209734,411,0.5582643615658162,none,raw
129,468000,3600,-2.255060851906148,0.0,-1.9130620039053088,0.0907808007024572,0.0,-1.3093904608636957,0.9218340168516174,-0.0452232083127172,-162.80354992578197,1670.015813412271,753.606131743255,-916.409681669024,-0.0452232083127172,0.4638932815034086,0.0767799241029216,1861,70,1791,442,-0.0143918417105344,442,-0.0143918417105344,423,0.0401304764897383,none,raw
130,471600,3600,-2.0114079094317283,0.0,-1.9458973752427724,0.0877780298952478,0.0,-1.0835080894614608,0.9626955289273776,-0.0324760049079108,-116.91361766847923,2219.113980378256,1051.1001813548808,-1168.013799023332,-0.0324760049079108,0.616420550105071,0.1169491016896227,1906,53,1853,432,0.0299041385308063,432,0.0299041385308063,363,0.3309543376945914,none,raw
131,475200,3600,-1.827020953435745,0.0,-1.5878891397506767,0.1172054066465779,0.0,-1.2942970922261108,0.9425307897941366,-0.004570919994014,-16.455311978450478,1983.066306471066,983.3054972463236,-999.760809224756,-0.004570919994014,0.5508517517975183,0.0918906731766484,1893,87,1806,480,0.3339765064776477,480,0.3339765064776477,453,0.4490035527607757,none,raw
132,478800,3600,-1.0825162081304087,0.0,-1.2154207065985287,0.1485637106952347,0.0,-1.0455423416237215,0.9931964543802414,0.0366866740692313,132.07202664923267,2951.4427552368616,1541.7573909430105,-1409.6853642937558,0.0366866740692313,0.8198452097880171,0.1454549687637344,1962,84,1878,480,0.6993936506180805,463,0.7959786319542074,430,0.9798138471511838,none,raw
133,482400,3600,-1.4797695775614517,0.0,-1.4871324473112602,0.1294259049041038,0.0,-1.2599189992818636,1.0555835992327214,0.0822723623352439,296.1805044068783,2231.1149885832974,1263.6477464950788,-967.4672420881814,0.0822723623352439,0.6197541634953604,0.1092106601308936,1918,79,1839,432,1.068436356661398,432,1.068436356661398,396,1.307182959831314,none,raw
134,486000,3600,1.7758871180308695,-0.019722920373554,1.658935107420337,0.3871909150417185,0.0,-1.3055902451973525,1.2462146687748588,-0.1911404047363687,-688.1054570509274,3089.8407108933025,1200.867626921123,-1888.9730839720453,-0.1911404047363687,0.8582890863592507,0.1420187126622365,3028,102,2926,432,-0.2426326852818179,432,-0.2426326852818179,413,-0.2546659983822988,none,raw
135,489600,3600,-2.016403405355413,0.0,-2.035226038141742,0.0757921689228416,0.0,-0.962400490273382,0.7944447664294644,0.1109861871072229,399.5502735860026,2329.998808302707,1364.7745409443248,-965.224267358322,0.1109861871072229,0.6472218911951964,0.1178161946083027,1646,98,1548,480,1.0205453346603104,480,1.0205453346603104,444,1.233735360422165,none,raw
136,493200,3600,-0.1193602625838078,-0.0199810950224596,-0.4370654276247208,0.2195863332117254,-2.587921002598972e-05,-1.0878802335763214,1.0503614937367554,0.1556445491900985,560.3203770843546,2862.21922068548,1711.269798884878,-1150.9494218005066,0.1556445491900985,0.7950608946348556,0.1366003961798071,2322,90,2232,432,2.084488983589292,432,2.084488983589292,398,2.358583303321046,none,raw
137,496800,3600,0.2152613702791131,0.0,0.3037752608006213,0.255389757552981,0.0,-1.2782733834956717,1.0533072660043852,-0.1189375283750215,-428.1751021500777,2369.4179452914527,970.6214215706844,-1398.7965237207268,-0.1189375283750215,0.658171651469848,0.1105669022479702,2474,88,2386,432,-0.0336966012129843,432,-0.0336966012129843,419,0.0135520887302391,none,raw
138,500400,3600,0.088909864932664,-0.09442368049952,0.2594278565237057,0.2857239445520453,-1.6249785581321877e-05,-1.3672513254363905,1.1926943387828683,-0.1872450176329398,-674.0820634785836,2881.788386057578,1103.8531612894683,-1777.9352247680645,-0.1872450176329398,0.8004967739048828,0.1351555626674644,2636,78,2558,480,-0.2771439536060703,480,-0.2771439536060703,460,-0.2213268412703599,none,raw
139,504000,3600,0.1095811767506489,-0.012301458565705,-0.1979314498119131,0.2430854547655523,-1.7570713697634548e-06,-1.0852460219008209,1.067173168796835,0.0948032433262029,341.29167597433053,2814.2976554941165,1577.7946657342015,-1236.502989759844,0.0948032433262029,0.7817493487483657,0.1345492323666395,2171,86,2085,432,1.6643544357446105,432,1.6643544357446105,397,1.93498305354637,none,raw
140,507600,3600,-0.1846015214504667,0.0,-0.0309446394954869,0.2370458592590787,0.0,-1.3111504122883666,1.082471752116134,-0.1620240812019926,-583.2866923271736,1770.0249864346524,593.3691470537514,-1176.655839380899,-0.1620240812019926,0.491673607342959,0.0833564901240215,2333,114,2219,480,-0.3977899100453038,480,-0.3977899100453038,458,-0.3527159442171916,none,raw
141,511200,3600,1.23380123872892,-0.197707072395619,1.437003271655384,0.3958756678667248,-0.0004789739513623,-1.3648165878363194,1.2014596363939447,-0.2375347051141817,-855.1249384110544,3957.187147087972,1551.0311043383963,-2406.1560427495124,-0.2375347051141817,1.0992186519688811,0.1689787001529014,3251,89,3162,480,-0.1113598253934395,480,-0.1113598253934395,469,-0.09888048145398,none,raw
142,514800,3600,1.1872947999747057,-0.1809049742345636,1.50303946570473,0.4193565943604529,-0.0004269936883638,-1.326000611976366,1.2025702757675882,-0.4303389554337542,-1549.2202395615152,3589.2731348511,1020.026447644746,-2569.2466872062982,-0.4303389554337542,0.9970203152364168,0.1553972414127449,3181,83,3098,480,-1.7662130617431335,480,-1.7662130617431335,459,-1.8269203659017463,none,raw
143,518400,3600,2.3487457501870166,-0.0363181188493708,2.0311273484142447,0.4220801433492812,-2.169712758218062e-05,-1.272604211209558,1.2688630258442188,-0.0643807422869235,-231.7706722329246,3457.0657904821333,1612.647559124562,-1844.4182313574784,-0.0643807422869235,0.9602960529117036,0.149132827008128,3161,114,3047,480,0.8147173582170631,480,0.8147173582170631,480,0.8147173582170631,none,raw
144,522000,3600,2.3860631082697528,-0.0316413650583746,1.8911274346026392,0.4124493993572517,-3.880104062934102e-05,-1.1012380041663217,1.256405590056824,-0.0410011484246002,-147.60413432856086,3239.939534312179,1546.1676999917674,-1693.7718343203323,-0.0410011484246002,0.8999832039756053,0.1482908042113686,3095,125,2970,432,1.1832285211653908,432,1.1832285211653908,417,1.2287308554266403,none,raw
145,525600,3600,1.393485394607738,-0.1821455642731951,1.483866958035044,0.3909147226450266,-0.0001734212655422,-1.330319056181534,1.2147838433662703,-0.1834420852057874,-660.3915067408346,3431.8447829999054,1385.7266381294653,-2046.1181448703303,-0.1834420852057874,0.9532902174999738,0.1483403111315828,3294,135,3159,480,0.327410742883609,480,0.327410742883609,480,0.327410742883609,none,raw
146,529200,3600,2.1656789304411763,-0.0306533385441321,1.8539304593999373,0.3924466355551013,-1.158021255326487e-05,-1.252533975057706,1.2443759890176664,-0.0418752608100424,-150.750938916153,3023.519639165029,1436.3843501243755,-1587.1352890405158,-0.0418752608100424,0.8398665664347302,0.1355686521536828,3112,141,2971,480,1.0001451129862262,480,1.0001451129862262,480,1.0001451129862262,none,raw
147,532800,3600,1.5730427907514644,-0.1688247179743348,1.572575571455194,0.3981230485949532,-0.0002701221290283,-1.330095773278737,1.205646778003394,-0.1041119896926432,-374.8031628935157,3575.435605674739,1600.3162213905375,-1975.1193842840669,-0.1041119896926432,0.993176557131872,0.1532712434896782,3223,137,3086,480,0.7388450536348796,480,0.7388450536348796,480,0.7388450536348796,none,raw
148,536400,3600,2.2204774039565303,-0.0904847604718826,1.8868139722311013,0.3972532742226918,-0.000158391628057,-1.263141684156327,1.2499575164564352,0.0402374824463084,144.8549368067104,3266.1485596516663,1705.5017482291555,-1560.646811422436,0.0402374824463084,0.9072634887921296,0.1409070475806734,3205,150,3055,480,1.621862397935176,480,1.621862397935176,477,1.6345221960675187,none,raw
149,540000,3600,1.0996656343365128,-0.2612807058701463,1.1453834400739862,0.4034659864527927,-0.0004336546469288,-1.2146467881572829,1.1525666519734874,-0.1253892940211674,-451.4014584762028,3670.086771687387,1609.3426566055434,-2060.744115081758,-0.1253892940211674,1.0194685476909409,0.161653836660997,3262,99,3163,455,0.7303650228207543,455,0.7303650228207543,436,0.792068445487286,none,raw
150,543600,3600,2.146810225158503,-0.0100632172691428,1.957280015278604,0.3765505930964137,0.0,-1.3475109332779909,1.1751422417228097,-0.004588473645677,-16.518505124437382,2407.4353874824983,1195.458441179018,-1211.9769463034377,-0.004588473645677,0.6687320520784718,0.1076759480294547,2979,151,2828,480,0.9270859429233684,480,0.9270859429233684,480,0.9270859429233684,none,raw
151,547200,3600,2.5501796212361176,-0.0432839869662498,2.0231841334852243,0.3863926718796244,-0.0001247155777542,-1.0958354188049029,1.2008275410813958,0.0790193969078595,284.4698288682945,2935.7948295247097,1610.132329196472,-1325.6625003281586,0.0790193969078595,0.8154985637568638,0.1319881052774216,3095,151,2944,480,1.6719765301367102,480,1.6719765301367102,471,1.7161987266616925,none,raw
152,550800,3600,2.3675420548605164,-0.0822979896810423,1.8723301190723172,0.3968095796788478,-0.0005078635270769,-1.1373004156469493,1.2117754560181624,0.1067331698957453,384.2394116246832,2979.728813526864,1681.9841125757405,-1297.7447009510322,0.1067331698957453,0.8277024482019066,0.133860571620019,3085,164,2921,480,1.7518088201663056,480,1.7518088201663056,456,1.8571078184051864,none,raw
153,554400,3600,1.4101821299392374,-0.2524812765190695,1.157093520798361,0.4101844510049457,-0.0003491715013778,-1.187467041145854,1.213927119602051,0.0692745304152555,249.3883094949201,3564.9115634209784,1907.1499364578915,-1657.761626962975,0.0692745304152555,0.9902532120613828,0.1561216896839852,3254,150,3104,480,1.8370538437507096,480,1.8370538437507096,478,1.8460943358754056,none,raw
154,558000,3600,2.308231574112239,-0.0561962213026953,1.8374730597870932,0.4125438631424445,-0.0001298675607045,-1.2267749323078725,1.2505408992621665,0.090774773761375,326.78918554095,2911.278241192933,1619.0337133668909,-1292.2445278259183,0.090774773761375,0.8086884003313702,0.1297237574862832,3133,156,2977,480,1.660662080709602,480,1.660662080709602,467,1.7154555629376105,none,raw
155,561600,3600,2.2429228234347023,-0.0210143942479561,1.9626580260812057,0.3811354623185033,0.0,-1.2198626716047294,1.2323525844720444,-0.0923461813593305,-332.44625289359,2453.3194013077223,1060.43657420706,-1392.882827100613,-0.0923461813593305,0.6814776114743673,0.1120862555888485,3062,146,2916,480,0.2278058606348935,480,0.2278058606348935,480,0.2278058606348935,none,raw
156,565200,3600,2.163719543747033,-0.0905420809371491,1.7568413829672411,0.398286248244579,-0.0002007661658588,-1.2293656477354835,1.3077591781522997,0.02094122949899,75.38842619636402,3274.3322588099254,1674.8603425031151,-1599.4719163067423,0.02094122949899,0.9095367385583126,0.1435658719149552,3197,117,3080,432,1.437981810539174,432,1.437981810539174,432,1.437981810539174,none,raw
157,568800,3600,2.392520351572958,-0.0250787607339299,1.95434361057938,0.4058239189011576,0.0,-1.2476959687842288,1.2826108716866385,0.0225166784394506,81.06004238202229,2347.783373509244,1214.4217079456334,-1133.3616655635744,0.0225166784394506,0.6521620481970122,0.1068254789501319,3057,150,2907,480,1.070863131320121,480,1.070863131320121,478,1.0740885000704143,none,raw
158,572400,3600,2.1291072427473328,-0.0906992623955715,1.746415540698066,0.4260777119608469,-0.0001600161551066,-1.1854919299721511,1.25840748806949,-0.0254422937900597,-91.59225764421508,3679.407886519396,1793.9078144375144,-1885.5000720817263,-0.0254422937900597,1.0220577462553877,0.1580671204140568,3275,129,3146,480,0.9957655729599488,480,0.9957655729599488,480,0.9957655729599488,none,raw
159,576000,3600,2.384316130729405,-0.0970132741312693,1.864423093965824,0.3999186586384332,-0.0009458130211748,-1.1363262266023877,1.2732456004764312,0.0810140939667319,291.65073828023486,3224.447297015852,1758.049017648,-1466.3982793677542,0.0810140939667319,0.8956798047266255,0.1416421149680875,3268,143,3125,432,1.9554926740490213,432,1.9554926740490213,408,2.0919768577517,none,raw
160,579600,3600,2.2929807719232245,-0.0900153738465672,1.7845725642389498,0.4148278845534326,-0.0002092855846524,-1.1124499376268302,1.2594541596555142,0.0368007636912122,132.48274928836403,3478.8311793419043,1805.656964315085,-1673.174215026732,0.0368007636912122,0.96634199426164,0.1539145701551293,3376,143,3233,472,1.8116313929211567,472,1.8116313929211567,465,1.8402677522410409,none,raw
161,583200,3600,2.600369774514709,-0.0760054198990208,1.8549853207676663,0.4021871163170001,-0.000194609282788,-1.1061803091073297,1.3432747395095586,0.1823029337892467,656.2905616412881,3615.001249095727,2135.6459053684803,-1479.355343727182,0.1823029337892467,1.004167013637702,0.1560802459647149,3373,158,3215,480,2.6539964534332694,480,2.6539964534332694,470,2.712057911861739,none,raw
162,586800,3600,2.163880556567973,-0.0726426720065106,1.759414965277717,0.4294027846659425,-0.0001388240844258,-1.142952730855751,1.2594765718628271,-0.0686795386692581,-247.2463392093292,3075.386195997108,1414.0699283938245,-1661.3162676031468,-0.0686795386692581,0.8542739433325299,0.1367715689910415,3345,141,3204,480,0.8335774017795105,480,0.8335774017795105,480,0.8335774017795105,none,raw
163,590400,3600,1.492176235231503,-0.2591355100384291,1.153527342037073,0.4322026506922771,-0.0003771718686581,-1.0851897020092538,1.247825074159308,0.0033235559712698,11.96480149657128,3597.1412742729194,1804.553037884692,-1792.5882363881312,0.0033235559712698,0.9992059095202552,0.1571439849870319,3437,127,3310,432,1.8494588465596815,432,1.8494588465596815,428,1.8652202457378984,none,raw
164,594000,3600,1.2871474275908743,-0.26941774074666,1.1347373532090497,0.4359948773964939,-0.0003702097226502,-1.1076378644424545,1.25959342183117,-0.1657524091320435,-596.7086728753567,3589.441143614388,1496.366235369469,-2093.0749082448447,-0.1657524091320435,0.9970669843373298,0.1579367131473787,3456,104,3352,444,0.4064359821629779,444,0.4064359821629779,441,0.412502022716284,none,raw
165,597600,3600,1.5729262590939308,-0.2134873879029374,1.364360539744498,0.4296501504569112,-0.0003391523032567,-1.1425668451111912,1.2302998655000494,-0.0949909143422979,-341.96729163227246,3447.57475131997,1552.8037298437837,-1894.771021476069,-0.0949909143422979,0.957659653144436,0.151571558840413,3442,135,3307,480,0.8120526175093428,480,0.8120526175093428,478,0.8165218460052857,none,raw
166,601200,3600,1.113323172369015,-0.268904021084021,1.117150969397548,0.452502412755799,-0.0003533845987351,-1.1179193083313697,1.244371211003188,-0.313524710123655,-1128.6889564451585,3875.866500721441,1373.5887721380714,-2502.2777285832985,-0.313524710123655,1.0766295835337336,0.1674782830219407,3458,81,3377,480,-0.6300098873309516,480,-0.6300098873309516,457,-0.6416393981882158,none,raw
167,604800,3600,-2.4920005117180537,0.0,-2.118938463265247,0.07246630298625,0.0,-1.234079471106656,0.8366350352215156,-0.0480839138404281,-173.1020898255412,1351.3849723347228,589.1414412545935,-762.2435310801324,-0.0480839138404281,0.375384714537423,0.0654312517910031,893,85,808,480,-0.3131308331961363,480,-0.3131308331961363,467,-0.3014880059062718,none,raw
168,608400,3600,2.3086102000971893,-0.1115194510026548,1.73739683621117,0.4272941776524734,-0.000800202945859,-1.071375827208663,1.28902215534633,0.0385925101015868,138.9330363657128,3701.392691325191,1920.1628638454008,-1781.2298274796738,0.0385925101015868,1.0281646364792196,0.1619079518662978,3311,154,3157,480,1.3727991759429117,480,1.3727991759429117,465,1.4290380783459442,none,raw
169,612000,3600,2.417101350201168,-0.0098319835132002,1.9777965555842545,0.3979316944598007,0.0,-1.1784480923651353,1.2311306757377616,-0.0014775010831204,-5.319003899233476,2733.1971556199783,1363.9390758603604,-1369.258079759565,-0.0014775010831204,0.7592214321166606,0.1246838840381835,3285,162,3123,480,1.125012013249484,480,1.125012013249484,458,1.1797549358399886,none,raw
170,615600,3600,1.8284200962553991,-0.1983363969573758,1.4859020842346535,0.457123824470947,-0.000381196960139,-1.137177324487241,1.3190865278579624,-0.0977974242485699,-352.0707272948518,3867.9848999692495,1757.9570863371216,-2110.0278136320308,-0.0977974242485699,1.0744402499914585,0.161384271388313,3474,133,3341,480,1.0379250024854372,480,1.0379250024854372,478,1.0468293770461132,none,raw
171,619200,3600,1.965580548936236,-0.1519923573073464,1.585630527873241,0.4473483415091059,-0.0001710417547526,-1.1378050980369838,1.3109896828138272,-0.0884195059603702,-318.3102214573327,3479.484386594024,1580.5870825683032,-1898.897304025656,-0.0884195059603702,0.966523440720562,0.149793089489318,3467,128,3339,480,0.9259498832420602,480,0.9259498832420602,459,0.9838390420213204,none,raw
172,622800,3600,-2.1687490490133707,0.0,-2.065623405242603,0.0796346970875255,0.0,-1.1222530152290289,0.9669357126459258,-0.0274430378437254,-98.7949362374116,1476.2199945145403,688.7125291385696,-787.5074653759724,-0.0274430378437254,0.4100611095873723,0.076007426509096,1074,50,1024,432,-0.1436783290714808,432,-0.1436783290714808,425,-0.1318958361098018,none,raw
173,626400,3600,2.042868737215726,-0.1565010762550667,1.5902729884698508,0.449944349942122,-0.0001599174540754,-1.1149368398273751,1.326710348725744,-0.0524611183422871,-188.8600260322339,3900.7419752467536,1855.9409746072129,-2044.8010006394609,-0.0524611183422871,1.0835394375685428,0.1640673133957984,3458,140,3318,480,1.3347476309513542,480,1.3347476309513542,473,1.357747048311001,none,raw
174,630000,3600,2.3374898820342302,-0.012916288327992,1.9799701114413475,0.4106879450312095,0.0,-1.204997222803807,1.264604265275776,-0.0998589308156848,-359.4921509364655,2695.986153537101,1168.2470013003028,-1527.7391522367504,-0.0998589308156848,0.7488850426491948,0.1216644598719329,3380,142,3238,480,0.6261074480107425,480,0.6261074480107425,475,0.6378271162149528,none,raw
175,633600,3600,2.578682795825354,-0.0023030554470111,2.0381155444810126,0.4135527610659393,0.0,-1.2263916414954457,1.3209647801423927,0.0347444042810531,125.07985541179129,2792.406346734358,1458.7431010730515,-1333.663245661255,0.0347444042810531,0.7756684296484327,0.1219523404806765,3335,169,3166,480,1.5052653107211071,480,1.5052653107211071,469,1.5419615756846314,none,raw
176,637200,3600,1.9295150953658675,-0.1854570192339713,1.463496477525085,0.4619799005409172,-0.0003054965040689,-1.1148179909054603,1.3078200196078875,-0.0032007976225522,-11.52287144118822,4085.1470299530415,2036.8120792558475,-2048.3349506970785,-0.0032007976225522,1.1347630638758448,0.1723624130213915,3499,132,3367,480,1.7623099813507397,480,1.7623099813507397,478,1.7716138508351176,none,raw
177,640800,3600,1.711601874944948,-0.1903849630717883,1.393077047582988,0.4627376679029521,-0.0003945175770333,-1.0974402348623955,1.274489840441673,-0.1304829659850991,-469.7386775463567,3769.3649485344527,1649.8131354939892,-2119.551813040388,-0.1304829659850991,1.047045819037348,0.1633907017112493,3518,125,3393,480,0.8950630969385377,480,0.8950630969385377,478,0.90262989184897,none,raw
178,644400,3600,2.4820870492346714,-0.0042948760908831,2.0090466272363847,0.4229399908534967,0.0,-1.2105560711832808,1.3138020498693566,-0.0488506728925038,-175.8624224130138,2838.046099031666,1331.0918383093103,-1506.954260722304,-0.0488506728925038,0.7883461386199072,0.1260980397285199,3428,142,3286,480,0.9395582365142586,480,0.9395582365142586,475,0.958149877555474,none,raw
179,648000,3600,2.483126582864497,-0.0202438195742612,1.93317941009815,0.4383015006016232,0.0,-1.1730933337719636,1.3562798213391594,-0.0512969923669685,-184.6691725210867,2879.960832141734,1347.6458298102864,-1532.3150023313506,-0.0512969923669685,0.7999891200393706,0.1300668164921889,3412,150,3262,480,0.9659464642374388,480,0.9659464642374388,480,0.9659464642374388,none,raw
180,651600,3600,2.5657256776370923,-0.0285973625265967,1.9286040102588888,0.4240799636772758,0.0,-1.1788462192712723,1.3459406111905412,0.0745446778634768,268.3608403085167,3058.229030291321,1663.2949352998626,-1394.934094991354,0.0745446778634768,0.8495080639698114,0.1311055577505599,3350,159,3191,480,1.7528430030793605,480,1.7528430030793605,479,1.7558760782423652,none,raw
181,655200,3600,2.602323403084301,-0.0404838574658385,1.909657585528772,0.452335868950051,-0.0001227336407188,-1.0737275390055494,1.3374858782653527,0.0171782024543951,61.841528835822416,3230.7198067855634,1646.2806678106044,-1584.4391389747911,0.0171782024543951,0.8974221685515453,0.1421846801724474,3429,143,3286,480,1.4394649993324562,480,1.4394649993324562,476,1.455578557918481,none,raw
182,658800,3600,2.6390065353094703,-0.0106626880365944,1.9950125524400093,0.4205766988715443,0.0,-1.0904935991311562,1.375040205488946,-0.0504666381073204,-181.6798971863535,2582.4922468896684,1200.4061748516242,-1382.0860720379603,-0.0504666381073204,0.7173589574693523,0.1143337780466987,3312,149,3163,480,0.7653220082636109,480,0.7653220082636109,476,0.772154571393,none,raw
183,662400,3600,2.7300276131209102,-0.0313547971055001,1.947465756549488,0.4465434926168515,-1.2645253785522469e-05,-1.0612797273703536,1.391186126780907,0.0374794079487182,134.92586861538584,2887.8391400644546,1511.382504339863,-1376.4566357244585,0.0374794079487182,0.8021775389067929,0.1288473023679285,3383,133,3250,434,1.7059786846775464,434,1.7059786846775464,434,1.7059786846775464,none,raw
184,666000,3600,2.791114866346082,-0.0842616921976465,1.84053866896542,0.4627040392845555,-0.0007137247304127,-0.929046935300386,1.417416100091388,0.0844784118628173,304.1222827061424,3797.543432502706,2050.8328576043737,-1746.7105748982392,0.0844784118628173,1.054873175695196,0.1638138149474144,3424,144,3280,480,1.91058735797695,480,1.91058735797695,456,2.069252063185841,none,raw
185,669600,3600,2.233205101880675,-0.1338415547768316,1.671938960974694,0.5035489071849828,-0.0002709997540116,-1.0243122115674903,1.3413800456949685,-0.1252380474123805,-450.8569706845698,3491.1058085672203,1520.1244189412398,-1970.9813896258445,-0.1252380474123805,0.9697516134908946,0.1497098103394193,3521,102,3419,480,0.7177650830036125,480,0.7177650830036125,463,0.770111515532748,none,raw
186,673200,3600,2.1733605623269168,-0.1397633424912414,1.6615148911810416,0.5071355276617854,-0.0002294888064685,-0.9938267743959852,1.3521286477501528,-0.2135989001256722,-768.9560404524201,3843.663697759607,1537.353828653513,-2306.3098691060104,-0.2135989001256722,1.0676843604887798,0.1632930788152455,3510,124,3386,480,0.2299524324325136,480,0.2299524324325136,475,0.2454752473236353,none,raw
187,676800,3600,2.820280310475727,-0.0404091807843723,2.042139314495321,0.498449137742646,-5.347587943625692e-05,-0.9246980656506092,1.4446171714347498,-0.1997645982994568,-719.1525538780446,3332.272455896616,1306.5599510092193,-2025.7125048872888,-0.1997645982994568,0.92563123774906,0.1438730149899062,3501,95,3406,468,0.018819204364131,468,0.018819204364131,452,0.0570894116450987,none,raw
188,680400,3600,2.3015277367228317,-0.1411114553201062,1.6505897478042273,0.5169897402252088,-0.0002773986778343,-1.0121650277567993,1.3676917824251928,-0.0801896564295776,-288.6827631464795,3277.659224391855,1494.488230622634,-1783.1709937691185,-0.0801896564295776,0.910460895664404,0.1418861850391604,3466,108,3358,432,1.0558719957951717,432,1.0558719957951717,430,1.0620094172109682,none,raw
189,684000,3600,2.7375962120692323,-0.0163992706749296,2.0405673144029945,0.4533957263738929,-3.8593067928967946e-05,-1.1076774353405112,1.3763024301726072,-0.0085539592864464,-30.79425343120713,2470.49158519093,1219.84866587985,-1250.6429193110257,-0.0085539592864464,0.6862476625530362,0.1105997147124702,3411,148,3263,480,1.154779794351938,480,1.154779794351938,480,1.154779794351938,none,raw
190,687600,3600,2.992608047962228,-0.0841109208503395,1.909934410388796,0.4724826985439017,-0.0009301418263709,-0.9178685934288874,1.4809860974315647,0.1321145003054198,475.61220109951125,3581.231842401381,2028.4220217503891,-1552.8098206508812,0.1321145003054198,0.9947866228892726,0.1539802673013495,3475,151,3324,432,2.579909079636014,432,2.579909079636014,410,2.7576403435673877,none,raw
191,691200,3600,1.919829524011972,-0.1944113369226084,1.374656294815025,0.5269648117296423,-0.0006526257682348,-0.9476910683261556,1.3056452748032097,-0.1446818297731333,-520.85458718328,3614.188623255709,1546.6670180361623,-2067.5216052194774,-0.1446818297731333,1.003941284237697,0.1596804917069915,3497,88,3409,480,0.4020804774812023,480,0.4020804774812023,461,0.4552930719320953,none,raw
192,694800,3600,2.7182687962361443,-0.0050846836032212,2.0272444757403543,0.4414903719024524,0.0,-1.0743001739817115,1.3393956917502805,-0.010476886038537,-37.71678973873349,2730.20708176834,1346.245146014793,-1383.9619357534957,-0.010476886038537,0.7583908560467612,0.1244686935495897,3436,135,3301,480,1.068973305978034,480,1.068973305978034,479,1.0710705760726391,none,raw
193,698400,3600,2.845863146534927,-0.0004820984835183,2.067824365722298,0.4439474238116874,0.0,-1.060244404941982,1.4005375426339397,-0.0057196829265809,-20.59085853569132,2345.7020624580864,1162.555601961172,-1183.1464604968323,-0.0057196829265809,0.6515839062383574,0.1081518818971995,3386,150,3236,432,1.3399634161267004,432,1.3399634161267004,427,1.3527012868794108,none,raw
194,702000,3600,2.8160923248349787,-0.0139542211459399,2.018695223192108,0.4481636298258943,-5.224788196611812e-05,-1.056617423689946,1.3988593742523032,0.0209979902987906,75.59276507564621,2752.609306528076,1414.1010358018189,-1338.5082707261415,0.0209979902987906,0.764613696257799,0.1240026246520171,3433,140,3293,449,1.4876586227922346,449,1.4876586227922346,444,1.5119991659061172,none,raw
195,705600,3600,2.282164109176083,-0.1490664653483324,1.6347194545693808,0.5146778318982305,-0.0003209390914552,-0.950895682064532,1.4097940936943352,-0.176744185877905,-636.2790691604582,3360.307010408906,1362.0139706241746,-1998.2930397846544,-0.176744185877905,0.933418614002474,0.1438338875878924,3509,107,3402,480,0.2367645750050767,480,0.2367645750050767,476,0.2413403482089045,none,raw
196,709200,3600,3.133842942159067,-0.0329029760321414,2.0895196939230374,0.4647987293301982,-0.0003677617780333,-0.9461958581589068,1.4396321275015698,0.1193589825655254,429.6923372358917,3256.6175706609897,1843.154953948408,-1413.4626167125311,0.1193589825655254,0.904615991850275,0.1422657692749224,3505,154,3351,470,2.2058687101998573,470,2.2058687101998573,457,2.2969237542689247,none,raw
197,712800,3600,3.1397715854954247,-0.0563332192025114,2.0321546002416437,0.5119573241820652,-6.460569730075839e-05,-0.975354381126416,1.4845838971004537,0.1428279693997701,514.1806898391726,3295.164644833334,1904.6726673362143,-1390.4919774970338,0.1428279693997701,0.915323512453704,0.1389622611189287,3508,148,3360,480,2.3555198512557083,480,2.3555198512557083,460,2.476794346789477,none,raw
198,716400,3600,3.051580543494072,-0.0366593466223122,1.9878477656233853,0.4571718346089683,-0.0003096852432202,-0.9876018057966872,1.4489974364969789,0.1821343463093992,655.6836467138373,2909.428105853436,1782.5558762836035,-1126.872229569757,0.1821343463093992,0.8081744738481768,0.129849479817826,3434,176,3258,480,2.340371545385066,480,2.340371545385066,467,2.417669049985907,none,raw
199,720000,3600,2.4799768312932104,-0.1141725777678894,1.753240441460531,0.541667381777074,-0.000343687429977,-0.9243511965415064,1.4031988600306011,-0.1792623885427361,-645.3445987538499,3058.632656410497,1206.6440288282697,-1851.988627582148,-0.1792623885427361,0.8496201823362493,0.1339592152834404,3521,87,3434,432,0.0199718340829105,432,0.0199718340829105,414,0.0455406634716113,none,raw
200,723600,3600,2.50458254646885,-0.1298957612056205,1.6305377490246076,0.5432066833347771,-0.0002698367832347,-0.9089321077358412,1.3616128353189842,0.0083229839635919,29.962742268931017,3393.416354515722,1711.6895483922715,-1681.7268061233626,0.0083229839635919,0.942615654032145,0.148440565245261,3487,111,3376,480,1.3146051804787833,480,1.3146051804787833,462,1.3805303614097673,none,raw
201,727200,3600,2.4375322099170686,-0.1150893319406535,1.7202479560261352,0.531951794299709,-0.0002831239539838,-0.9937752341068788,1.3488838169430963,-0.0544036688593255,-195.85320789357195,3104.9884775440696,1454.5676348251918,-1650.4208427187673,-0.0544036688593255,0.8624967993177971,0.1373054234661709,3522,130,3392,480,0.8247168444572966,480,0.8247168444572966,464,0.874089370287129,none,raw
202,730800,3600,2.900719821071511,-0.0884035838958315,1.8875848486278888,0.5198531925741798,-0.0008636539137157,-0.798367552662303,1.4686126389331249,-0.0876960742158818,-315.70586717717447,3128.7437859555325,1406.5189593891428,-1722.2248265663136,-0.0876960742158818,0.869095496098759,0.1391518303944161,3515,115,3400,452,0.6134216015498247,452,0.6134216015498247,428,0.6970718609140332,none,raw
203,734400,3600,2.8495855102212952,-0.0147741364307169,2.046567332028506,0.4639754093776906,0.0,-0.9735668587878352,1.364270128649545,-0.0368863642034194,-132.79091113231013,2528.659874040234,1197.9344814539086,-1330.725392586215,-0.0368863642034194,0.7024055205667317,0.1154265866791785,3496,151,3345,480,0.9166590597580904,480,0.9166590597580904,480,0.9166590597580904,none,raw
204,738000,3600,2.479853373685489,-0.1323914994698506,1.6911779304297407,0.5474881878008344,-0.0003295927460067,-0.8706576823603943,1.4046686481528623,-0.1601026186967337,-576.3694273082414,2653.3737087056206,1038.5021406986534,-1614.8715680069151,-0.1601026186967337,0.7370482524182279,0.1180083011698588,3515,120,3395,445,0.3027021589779904,445,0.3027021589779904,435,0.321180419523666,none,raw
205,741600,3600,2.448003624534726,-0.1345253822714866,1.654566974482795,0.5488047997826858,-0.0002868368985841,-0.8838311524166286,1.3569756115908624,-0.0937003917680308,-337.3214103649109,2913.2593660800603,1287.968977857519,-1625.2903882224273,-0.0937003917680308,0.8092387128000168,0.1303486107091748,3507,133,3374,480,0.647527276164726,480,0.647527276164726,476,0.6565330926825379,none,raw
206,745200,3600,3.207754791283126,-0.023398410593676,2.0682318885317352,0.4565150353487203,-0.0001604128100939,-0.8976685671948045,1.4562162435983763,0.1480190124645234,532.8684448722845,2465.668370318395,1499.2684075952948,-966.3999627230158,0.1480190124645234,0.6849078806439985,0.1075587634970112,3468,162,3306,436,2.3034001833944333,436,2.3034001833944333,429,2.342074619528037,none,raw
207,748800,3600,3.2747826419637485,-0.0822682254981307,1.8813915152340164,0.5120461162434942,-0.0007912525410375,-0.8048253592404974,1.4675102657118522,0.3017195802844795,1086.1904890241262,3510.5524242680053,2298.3714566460253,-1212.1809676218743,0.3017195802844795,0.9751534511855572,0.1526975047979744,3461,157,3304,480,3.176611172657107,480,3.176611172657107,455,3.3742437063818693,none,raw
208,752400,3600,3.0769963630077357,-0.0735428264580408,1.912966342032468,0.5251893955412856,-5.2283206021548685e-05,-0.9161403072061624,1.4161968924457942,0.2123791476367779,764.5649314924007,3472.3400289623537,2118.452480227348,-1353.8875487349371,0.2123791476367779,0.9645388969339872,0.1485886734954928,3493,146,3347,480,2.664898919166656,480,2.664898919166656,471,2.726079530178393,none,raw
209,756000,3600,3.145652635151362,-0.0004595727629131,2.0689771993569126,0.4458227049775538,0.0,-0.8811314109765139,1.3345043055792225,0.1779394114363516,640.5818811708659,2477.803382957836,1559.1926320643372,-918.6107508934516,0.1779394114363516,0.6882787174882878,0.1152900861574905,3414,172,3242,480,2.155572284463764,480,2.155572284463764,461,2.261817318149317,none,raw
210,759600,3600,3.410281006699014,-0.0285678184290467,2.0714464364774714,0.4766776034912076,-2.0047725933318065e-05,-0.8294734015628801,1.4612887546512994,0.2589294782010248,932.1461215236892,3061.2147654550263,1996.6804434893363,-1064.534321965631,0.2589294782010248,0.8503374348486185,0.1349730873088618,3434,170,3264,480,2.799187304135061,480,2.799187304135061,470,2.869665000563882,none,raw
211,763200,3600,2.6029846688171125,-0.1051864405174402,1.7662258493448282,0.5381211433640299,-0.0002703918078948,-0.9055815374424026,1.340247293822496,-0.0305712476650428,-110.05649159415417,3075.1240578993747,1482.5337831525455,-1592.5902747467096,-0.0305712476650428,0.8542011271942708,0.136750956200795,3531,131,3400,480,0.901985831874448,480,0.901985831874448,466,0.9418268931631744,none,raw
212,766800,3600,2.671432395074371,-0.1012984512523195,1.8057954285592035,0.5356142079820169,-0.0002491770880679,-0.8839402596485555,1.3687244997241332,-0.0532138563167165,-191.56988274017957,3319.654070862633,1564.0420940611452,-1755.6119768013266,-0.0532138563167165,0.9221261307951758,0.1443096520999702,3530,121,3409,480,0.702663691102759,480,0.702663691102759,459,0.7499523943460538,none,raw
213,770400,3600,3.449200895058004,-0.0210745429111012,2.137266323890967,0.4870887937520536,0.0,-0.8504608127892146,1.4594621431177646,0.2369189901129966,852.908364406788,3033.9095837977875,1943.408974102248,-1090.500609695463,0.2369189901129966,0.842752662166052,0.1333697659259299,3508,173,3335,480,2.659016747067136,480,2.659016747067136,461,2.77539750056749,none,raw
214,774000,3600,3.2488342283404847,0.0,2.0748360413347617,0.4334581716428794,0.0,-0.7935655649163288,1.3926102404338732,0.1414953376730104,509.3832156228377,2467.0243717985027,1488.2037937106636,-978.8205780877872,0.1414953376730104,0.6852845477218062,0.1147197511500992,3427,165,3262,480,1.8645313093506888,480,1.8645313093506888,471,1.9027902150185587,none,raw
215,777600,3600,3.1943382332281587,0.0,2.0394462368573416,0.423484080130029,0.0,-0.7205656872190868,1.4197361964519464,0.0322374071645184,116.05466579226656,2209.749589989296,1162.902127890755,-1046.8474620984575,0.0322374071645184,0.6138193305525821,0.1015089634442518,3469,164,3305,433,1.129408847278585,433,1.129408847278585,414,1.1848312081323094,none,raw
216,781200,3600,3.1763382006237304,-0.0104133398791372,1.9944045524588203,0.4610817669566072,0.0,-0.7092314107808864,1.3982685643858397,0.0422280659375978,152.02103737535236,2576.577550849668,1364.2992941124526,-1212.278256737078,0.0422280659375978,0.7157159863471301,0.1208104760998793,3468,121,3347,457,1.1465930174419967,457,1.1465930174419967,451,1.1599535828097003,none,raw
217,784800,3600,3.6822497115431663,-0.0148124455654756,2.1955180240685404,0.5378443669749147,0.0,-0.6914984957502373,1.4750807157148862,0.1801175470638552,648.4231694298787,3326.972927784502,1987.698048607113,-1339.2748791772522,0.1801175470638552,0.9241591466068062,0.1440247988445192,3556,142,3414,480,2.316124397465059,480,2.316124397465059,461,2.427519714744094,none,raw
218,788400,3600,3.3752414055145024,-0.0576593660292534,1.9294755345474195,0.5187816216613164,-0.0006535764976349,-0.6888772731692588,1.5630765557846489,0.1110979069180749,399.9524649050699,3462.702547732142,1931.3275063185483,-1531.3750414134936,0.1110979069180749,0.961861818814484,0.1520385891353672,3504,147,3357,480,1.662851748279245,480,1.662851748279245,443,1.874068587503379,none,raw
219,792000,3600,3.4434917952548454,-0.0516292364118475,2.042890142415677,0.5489339944945341,-1.6808753943793894e-05,-0.691840117447611,1.4949755860410932,0.1001782351085174,360.64164639066286,3443.257874730762,1901.9497605606837,-1541.308114170003,0.1001782351085174,0.956460520758545,0.147599485235157,3577,149,3428,480,1.8590046308995007,480,1.8590046308995007,470,1.9111875558343672,none,raw
220,795600,3600,3.6464271305749016,-0.0214722826010138,2.073429268228872,0.4727301027503327,-0.0001511514593885,-0.6631426226540855,1.5395626727502254,0.2454711415270245,883.6961094972883,3044.027534259048,1963.8618218781328,-1080.165712380837,0.2454711415270245,0.8455632039608467,0.1367891613458949,3515,184,3331,480,2.698116285624175,480,2.698116285624175,464,2.800748239421196,none,raw
221,799200,3600,2.4698633727581343,-0.1374343019445218,1.6296164621985811,0.5807283371658672,-0.0007961017065796,-0.7142932739297547,1.329458485340771,-0.2174162291058743,-782.6984247811475,3769.913362079184,1493.6074686489633,-2276.305893430133,-0.2174162291058743,1.0471981561331063,0.1670900488778717,3518,71,3447,480,-0.551799489110032,480,-0.551799489110032,449,-0.5462262198351113,none,raw
222,802800,3600,3.0432356766201623,-0.0776821218222887,1.9021074511047291,0.5587275503488853,-0.0001780567580996,-0.7009259594053228,1.4006334720898863,-0.0394466616089566,-142.0079817922439,2934.199173034473,1396.0955956210555,-1538.1035774133034,-0.0394466616089566,0.8150553258429093,0.1315289978886458,3538,106,3432,452,0.769317090282256,452,0.769317090282256,437,0.8070744609222973,none,raw
223,806400,3600,3.607232725009736,-0.0053936514879253,2.143401265032967,0.5135113557391917,0.0,-0.6285821630364035,1.509745346942546,0.0745505754870582,268.3820717534098,2462.749625881932,1365.5658488176184,-1097.1837770641966,0.0745505754870582,0.6840971183005367,0.1118335210746756,3524,131,3393,432,1.6705950638339713,432,1.6705950638339713,432,1.6705950638339713,none,raw
224,810000,3600,3.756448600268114,-0.0083604861570182,2.191488345802885,0.5208539452178728,0.0,-0.6369729418071177,1.462302901367295,0.2271368376321925,817.6926154758933,3360.076106992815,2088.884361234296,-1271.191745758411,0.2271368376321925,0.9333544741646708,0.147333317244661,3539,144,3395,480,2.6173905435892,480,2.6173905435892,473,2.6792915494344505,none,raw
225,813600,3600,3.24208962864941,0.0,1.8638118141031168,0.3961508184945712,0.0,-0.5624569373362954,1.4223795924936895,0.1222043423422646,439.9356324321525,2269.6788352592725,1354.807233845692,-914.8716014135264,0.1222043423422646,0.6304663431275757,0.109498264378013,3435,170,3265,480,1.6649986981712357,480,1.6649986981712357,480,1.6649986981712357,none,raw
226,817200,3600,3.15717123576427,-0.0687089583718653,1.960221385854876,0.5832981906171707,-0.0003224561886625,-0.629212915790961,1.452863667551618,-0.1409676789158222,-507.48364409696006,2827.999057701043,1160.257706802013,-1667.7413508989782,-0.1409676789158222,0.7855552938058453,0.1251798264119775,3554,102,3452,480,-0.0892237920914808,480,-0.0892237920914808,461,-0.0667257730043852,none,raw
227,820800,3600,3.833391757011608,-0.0090199207250481,2.1444808120863184,0.5341800625456085,0.0,-0.5520339503977553,1.5429645316478993,0.1728202236974902,622.152805310965,2722.394412855431,1672.2736090831158,-1050.1208037721592,0.1728202236974902,0.7562206702376196,0.122428099864875,3522,150,3372,432,2.45651398549841,432,2.45651398549841,432,2.45651398549841,none,raw
228,824400,3600,3.3695552580643886,-0.0534646918044598,2.0081670237021325,0.5871999824905172,-1.0867432758921673e-05,-0.6255541367990566,1.4674165270895712,-0.0141985823995813,-51.114896638493015,2666.7685374889106,1307.8268204252008,-1358.9417170636657,-0.0141985823995813,0.7407690381913641,0.1187645711148718,3551,112,3439,480,0.8799607851638137,480,0.8799607851638137,456,0.9649447245480184,none,raw
229,828000,3600,3.516335045502573,0.0,1.923997503402616,0.4566057755579947,0.0,-0.511541504728446,1.5110831125065047,0.1361901590065993,490.2845724237575,2317.007869336123,1403.6462208799517,-913.3616484561514,0.1361901590065993,0.6436132970378119,0.1126991346915395,3391,148,3243,480,1.722177463086947,480,1.722177463086947,477,1.7361111579938548,none,raw
230,831600,3600,3.5268690005445387,-0.0048487693922307,1.9817078103328272,0.4958312211863689,0.0,-0.5685427318966487,1.5184970345722006,0.1042244369628799,375.2079730663677,2412.4577695890475,1393.8328713276517,-1018.6248982612766,0.1042244369628799,0.6701271582191799,0.1147240437778029,3453,154,3299,480,1.5879592101093147,480,1.5879592101093147,473,1.6159880303722147,none,raw
231,835200,3600,2.839274551598614,-0.1233206725000517,1.7530929709048164,0.6150588988080713,-0.0008141173623177,-0.5190097442440006,1.3841997471322167,-0.2699325300845812,-971.7571083044924,3578.2506911662567,1303.246791430828,-2275.0038997353663,-0.2699325300845812,0.9939585253239602,0.1578113726600908,3570,64,3506,480,-0.9572642694244234,480,-0.9572642694244234,459,-0.941461992445043,none,raw
232,838800,3600,3.3022928231224067,-0.0783272691020404,1.8982825980808824,0.6017021269639913,-0.0003053946453489,-0.487400325112867,1.42764662428839,-0.0593055390826917,-213.4999406976902,2650.7496843188646,1218.6248718105403,-1432.1248125082316,-0.0593055390826917,0.7363193567552402,0.121872028156282,3573,136,3437,480,0.7482292902131294,480,0.7482292902131294,450,0.832089198469125,none,raw
233,842400,3600,2.99223167249312,-0.1119911417175886,1.7715046289734735,0.6178949437232316,-0.0009030667978478,-0.5127950302298865,1.3830319638559596,-0.1545106293161127,-556.2382655380057,3407.506148778587,1425.6339416202388,-1981.8722071582656,-0.1545106293161127,0.9465294857718296,0.1524745410067925,3567,72,3495,480,-0.1029611421766497,480,-0.1029611421766497,425,-0.0033294912975239,none,raw
234,846000,3600,4.043113861559525,-0.0159367109646443,2.162944656919521,0.5289414686533064,0.0,-0.4723038519808367,1.5410810988883286,0.2983871993403025,1074.193917625089,3291.2583989662417,2182.7261582956157,-1108.532240670527,0.2983871993403025,0.9142384441572894,0.1450371238916629,3543,159,3384,473,3.1536023275192924,473,3.1536023275192924,455,3.308012683757166,none,raw
235,849600,3600,3.5461940406081784,-0.0674954367869473,1.9365403849238785,0.5995172082892471,-0.0002954329066737,-0.4812903843520189,1.4479846154587368,0.1112330834609829,400.4391004595385,2934.110135876141,1667.2746181677878,-1266.835517708259,0.1112330834609829,0.8150305932989281,0.1327643799295871,3570,125,3445,455,1.9327990365107504,455,1.9327990365107504,434,2.042674986672758,none,raw
236,853200,3600,3.672174066748703,0.0,1.901283760535852,0.4321820441794141,0.0,-0.3802722958387395,1.5618616358255872,0.1571189233077557,565.6281239079208,2177.663420650146,1371.6457722790258,-806.017648371114,0.1571189233077557,0.6049065057361516,0.1044224500438007,3310,163,3147,460,1.8996697619370124,460,1.8996697619370124,457,1.9166750576310243,none,raw
237,856800,3600,3.5124609980882573,-0.0782680230929136,1.915034668487159,0.5745793815154093,-0.0003083477530915,-0.4297922643717609,1.4572341920947962,0.0739813918537416,266.33301067347,2791.558523060066,1528.945766866732,-1262.612756193249,0.0739813918537416,0.7754329230722405,0.1258322658244813,3553,121,3432,480,1.498471114898564,480,1.498471114898564,456,1.600580605760442,none,raw
238,860400,3600,3.550763293145056,0.0,1.902111647454427,0.4559430629737354,0.0,-0.4226149431438998,1.5439047915894812,0.0714187372893013,257.10745424148485,1804.8401174652467,1030.9737858533704,-773.8663316118624,0.0714187372893013,0.5013444770736797,0.0907181769009762,3352,148,3204,432,1.3808666587901826,432,1.3808666587901826,432,1.3808666587901826,none,raw
239,864000,3600,3.6585090758338144,0.0,1.888498725574,0.4209271542726487,0.0,-0.3764693965411643,1.560681114724566,0.1648714792973755,593.5373254705519,2201.718234085408,1397.6277797779708,-804.0904543074329,0.1648714792973755,0.6115883983570577,0.1070482334283528,3350,179,3171,480,1.8806421933100468,480,1.8806421933100468,480,1.8806421933100468,none,raw
240,867600,3600,4.009406300882822,-0.0183509818253141,2.093652724901144,0.4993912713141986,0.0,-0.3667743881668596,1.508201069933388,0.2932866054993875,1055.8317797977952,3204.184977144884,2130.008378471308,-1074.17659867351,0.2932866054993875,0.8900513825402455,0.1444633962508679,3544,162,3382,480,3.096707202760266,480,3.096707202760266,462,3.2553213170735984,none,raw
241,871200,3600,3.4995244010750604,-0.071458405588279,1.9624049094526448,0.5889219740650689,-0.0002970156537962,-0.3414169560627319,1.449422634351298,-0.0880527400240405,-316.989864086546,2709.028470749707,1196.0193033315504,-1513.0091674180858,-0.0880527400240405,0.7525079085415853,0.123886690192016,3576,112,3464,453,0.5637656184028838,453,0.5637656184028838,434,0.627550161922283,none,raw
242,874800,3600,2.8147669368527324,0.0,1.4316059417121263,0.3379751350537347,0.0,-0.6216004754740679,1.4725844764508282,0.1942018615480126,699.1267015728456,2057.688324094979,1378.40751283394,-679.2808112610819,0.1942018615480126,0.5715800900263831,0.1089473622712011,3116,190,2926,480,1.9881104876474056,480,1.9881104876474056,480,1.9881104876474056,none,raw
243,878400,3600,3.895668402691113,-0.0583696383770495,1.968333630989766,0.5401197847179666,-0.000716899651565,-0.3722013677936703,1.5928470598224298,0.2256558366989007,812.3610121160427,3512.6992012905816,2162.530106703282,-1350.1690945872433,0.2256558366989007,0.9757497781362728,0.155437068212528,3543,161,3382,480,2.65534283887303,480,2.65534283887303,456,2.8493866105883163,none,raw
244,882000,3600,3.459550649317712,0.0,1.677839543606981,0.3699958990249712,0.0,-0.3365011477653432,1.555920580829777,0.1922957775928579,692.2647993342887,2209.9486403009737,1451.1067198176206,-758.8419204833358,0.1922957775928579,0.613874622305826,0.1103405632231562,3288,159,3129,480,2.042879272492196,480,2.042879272492196,477,2.060539687698369,none,raw
245,885600,3600,4.031681437992698,-0.0262567818422475,2.141253137282429,0.5439736855939052,0.0,-0.3786735962262703,1.55302413569194,0.1983608550966329,714.0990783478786,3024.8302592212526,1869.4646687845363,-1155.3655904366435,0.1983608550966329,0.840230627561459,0.1336499615986822,3574,163,3411,480,2.4592992842912755,480,2.4592992842912755,464,2.5725458037103115,none,raw
246,889200,3600,3.838341918848778,0.0,1.8545342436935552,0.4175757647828101,0.0,-0.2432164487560386,1.5748356011366578,0.2346127630361086,844.6059469299912,2363.853712932747,1604.2298299313522,-759.6238830013665,0.2346127630361086,0.6566260313702075,0.1149319707872387,3402,166,3236,480,2.435664279579456,480,2.435664279579456,476,2.4577546703758717,none,raw
247,892800,3600,3.5983622379269864,-0.0594013976698942,1.9488982321854624,0.5804705686108027,-0.0005631674068487,-0.3171987151504856,1.459750479226681,-0.0135937654520214,-48.93755562727728,2921.007341449897,1436.034892911273,-1484.9724485385627,-0.0135937654520214,0.8113909281805269,0.1359616379645298,3558,108,3450,480,0.808047542317824,480,0.808047542317824,446,0.9466987010666766,none,raw
248,896400,3600,3.361434973837337,0.0,1.6527579031228214,0.3737124733223988,0.0,-0.3336485401284703,1.5704524224483325,0.0981607159527584,353.3785774299305,1827.4517301980889,1090.415153814023,-737.0365763840883,0.0981607159527584,0.5076254806105802,0.0941997833704378,3351,172,3179,480,1.3032283959614654,480,1.3032283959614654,480,1.3032283959614654,none,raw
249,900000,3600,4.203537695281686,-4.407034611372012e-05,2.268242375217741,0.5421081861680082,0.0,-0.3099473558201592,1.4971617969663802,0.2060167593041499,741.6603334949399,2948.8075995233944,1845.233966509105,-1103.5736330141726,0.2060167593041499,0.8191132220898317,0.132978881892269,3564,138,3426,480,2.515500938445759,480,2.515500938445759,460,2.6695962329148517,none,raw
250,903600,3600,3.025771095894686,0.0,1.3781555680600304,0.3556597909920476,0.0,-0.5604843887997606,1.5748502061490168,0.2775899158484212,999.3236970543164,2268.624493735057,1633.9740953946696,-634.6503983403562,0.2775899158484212,0.6301734704819603,0.1228419047596679,3180,196,2984,432,2.930282042633588,432,2.930282042633588,419,3.019897405058486,none,raw
251,907200,3600,3.731518004442203,-0.0363974268627948,2.082521635227894,0.5973026059671876,-0.0001721613671024,-0.4000967909106718,1.4049646461215617,0.0833954960030297,300.2237856109071,2923.6931209353147,1611.958453273052,-1311.7346676621742,0.0833954960030297,0.8121369780375874,0.133873229857173,3577,116,3461,480,1.6574953379563646,480,1.6574953379563646,450,1.823425032810464,none,raw
252,910800,3600,3.383086014437312,0.0,1.5844918636449283,0.349996163384194,0.0,-0.2502164761245769,1.5802358155915852,0.1185786489367304,426.8831361722296,1767.4475655140604,1097.1653508431505,-670.2822146709232,0.1185786489367304,0.490957657087239,0.0914452216948697,3391,173,3218,432,1.5785306514707629,432,1.5785306514707629,432,1.5785306514707629,none,raw
253,914400,3600,3.500935130148557,0.0,1.6218505190965231,0.3575719897616333,0.0,-0.1779002640021927,1.6068929053123906,0.0925199759710292,333.07191349570536,1755.40161418919,1044.2367638424523,-711.1648503467333,0.0925199759710292,0.4876115594969972,0.0903817521987046,3312,159,3153,432,1.377803170067044,432,1.377803170067044,432,1.377803170067044,none,raw
254,918000,3600,4.269104781908876,-0.0002874870793365,2.231094468565617,0.5180805100891948,0.0,-0.293009258238904,1.558341212138481,0.2548853339668442,917.5872022806392,2818.283682440882,1867.9354423607067,-950.3482400800704,0.2548853339668442,0.7828565784558005,0.1278217810933365,3562,154,3408,465,2.8412581294273123,465,2.8412581294273123,445,3.0115925556499565,none,raw
255,921600,3600,3.778565053695525,-0.0360704091687278,2.1104870506847964,0.5900414114934929,-0.0002034664848249,-0.2619329122733287,1.4415516054173243,-0.0653082292486024,-235.1096252949688,2073.795994235493,919.3431844702576,-1154.4528097651923,-0.0653082292486024,0.5760544428431924,0.0978444806418883,3555,110,3445,432,0.5568017816956058,432,0.5568017816956058,403,0.6505514105783116,none,raw
256,925200,3600,4.249086530213891,-0.0001400094674831,2.1835088536195726,0.5042515606689034,0.0,-0.218889093432216,1.5874463840621913,0.1929088326113691,694.471797400929,2612.8331968233656,1653.6524971121412,-959.1806997111904,0.1929088326113691,0.7257869991176016,0.1199982699297631,3560,160,3400,480,2.2635843802020768,480,2.2635843802020768,473,2.3174475353452983,none,raw
257,928800,3600,4.267690544300583,-0.0013176574065017,2.219813084106728,0.5310599324321034,0.0,-0.1916770031601035,1.5340819537447166,0.175730232810969,632.6288381194885,2738.1293872902465,1685.3791127048412,-1052.7502745853412,0.175730232810969,0.760591496469513,0.1256174216394948,3545,144,3401,480,2.161957270309468,480,2.161957270309468,466,2.265639154722041,none,raw
258,932400,3600,3.9103863213645913,-0.0190983648224117,1.968464096107735,0.4595137628105809,-0.000132402771471,-0.2288362926458144,1.6230566154580717,0.107418911103685,386.708079973266,2103.350423050259,1245.02925151176,-858.3211715384748,0.107418911103685,0.5842640064028497,0.1017137749934827,3436,178,3258,480,1.4749243277081383,480,1.4749243277081383,463,1.561487274047923,none,raw
259,936000,3600,4.342223558351753,-0.0026147885283336,2.1936280754410244,0.5284069457898026,0.0,-0.1715334986253059,1.5368243087772249,0.2575125143048373,927.0450514974142,2696.5499408906926,1811.7974961940229,-884.7524446965979,0.2575125143048373,0.7490416502474146,0.1247718285107182,3514,161,3353,480,2.682983807857112,480,2.682983807857112,454,2.875328704417699,none,raw
260,939600,3600,4.359391775131032,-0.0388371553000732,2.0087849331631764,0.5364930817472243,-0.0007152945754503,-0.1669948932923346,1.6313483032784823,0.3893128025090308,1401.5260890325108,3375.30906045986,2388.4175747461604,-986.8914857136292,0.3893128025090308,0.9375858501277388,0.152491749624935,3468,146,3322,480,3.688227475932714,480,3.688227475932714,456,3.95603923955662,none,raw
261,943200,3600,4.022091579313403,-0.0385781651664899,2.098703962809522,0.6056330138769654,-0.0001808228427801,-0.1499658935867813,1.4364383162334056,0.070041166648151,252.1481999333438,2552.332111856,1402.2401558946,-1150.091955961252,0.070041166648151,0.7089811421822222,0.1187082632231316,3551,126,3425,478,1.4561648111215653,478,1.4561648111215653,469,1.4956441005354697,none,raw
262,946800,3600,3.949222041086856,-0.0325647591715067,2.1378525096140777,0.6065762464995428,-0.0002252452205176,-0.150162947550938,1.4733205623378918,-0.0855743233039242,-308.06756389412726,1982.9462776266944,837.439356866288,-1145.5069207603724,-0.0855743233039242,0.5508184104518595,0.0941565732205573,3550,105,3445,432,0.3614482309530185,432,0.3614482309530185,409,0.4429268934756881,none,raw
263,950400,3600,4.106810813561185,0.0,1.823252700117776,0.3994591003036383,0.0,0.0802209437442894,1.584870855695555,0.2190072134011208,788.425968244035,2239.191601380515,1513.8087848122375,-725.3828165682155,0.2190072134011208,0.621997667050143,0.1097841792462862,3295,147,3148,480,2.1821614522209307,480,2.1821614522209307,480,2.1821614522209307,none,raw
264,954000,3600,3.840137565941671,0.0,1.6117425548370157,0.3759456651941648,0.0,-0.0308969362667701,1.62060674343919,0.2627395380927656,945.8623371339564,2290.9530438306488,1618.4076904822682,-672.5453533483352,0.2627395380927656,0.6363758455085136,0.1152334618174533,3134,173,2961,480,2.441339490304393,480,2.441339490304393,480,2.441339490304393,none,raw
265,957600,3600,4.365914744468885,-0.0220455102524016,2.131385804636611,0.5086802347504474,-0.0001526193494115,-0.0987311770585639,1.6360908606826303,0.2106871541984835,758.4737551145408,2550.558391411622,1654.5160732630363,-896.0423181485074,0.2106871541984835,0.7084884420587838,0.1173702868188419,3512,172,3340,480,2.2810370281120496,480,2.2810370281120496,468,2.360070278656569,none,raw
266,961200,3600,3.9925625501904554,-0.0357794869045842,2.1223710986155164,0.5940936053568208,-0.0001993000709381,-0.0724122770094138,1.4486475477055596,-0.0641586373897996,-230.9710946032787,2328.8823561073013,1048.9556307519824,-1279.926725355227,-0.0641586373897996,0.6469117655853615,0.1087534781277307,3539,110,3429,480,0.3265431804509121,480,0.3265431804509121,464,0.3773479472283264,none,raw
267,964800,3600,3.9657043801613487,-0.0002217788488651,1.898403374895213,0.4895306745785956,0.0,-0.1418150348989592,1.6230519807905155,0.096755159956246,348.31857584248576,1829.39952562371,1088.8590507331123,-740.5404748906052,0.096755159956246,0.5081665348954749,0.0916705513247338,3291,146,3145,480,1.3133750788141263,480,1.3133750788141263,480,1.3133750788141263,none,raw
268,968400,3600,3.6597178612736103,0.0,1.6256397261160005,0.3892864649751181,0.0,-0.1228203755878391,1.6157820258940487,0.1518300204035328,546.5880734527184,1833.9653883895,1190.27673092113,-643.6886574684045,0.1518300204035328,0.5094348301081943,0.0964209021659266,3087,131,2956,438,1.7940788499462113,438,1.7940788499462113,438,1.7940788499462113,none,raw
269,972000,3600,3.966954840723726,-0.0435129304454763,1.987152971973956,0.585338681136159,-0.0003397338480569,-0.1747603665799041,1.4720507624664658,0.1410254592979511,507.691653472624,3494.0001727406816,2000.8459131065897,-1493.1542596340057,0.1410254592979511,0.9705556035390782,0.1601521751383087,3470,107,3363,480,1.8567936494128867,480,1.8567936494128867,441,2.121049998273607,none,raw
270,975600,3600,4.224146398964416,-0.0238816161996424,2.176620317316863,0.5990033462539697,-0.0002062862275729,-0.017516835159903,1.4418985195190723,0.0482289536313808,173.62423307297118,2522.794428048942,1348.2093305608932,-1174.585097487908,0.0482289536313808,0.700776230013595,0.1177388963859098,3502,105,3397,432,1.3524485538466622,432,1.3524485538466622,415,1.4392423818608304,none,raw
271,979200,3600,4.450494889674139,-0.0358670446861755,2.0246101316253444,0.4841973419953243,-0.0004919221687726,-0.0022244773454745,1.6494473727058363,0.3308234908508421,1190.9645670630316,3090.951314931634,2140.957940997296,-949.9933739342708,0.3308234908508421,0.8585975874810094,0.1410243869498206,3494,179,3315,480,3.156710068181577,480,3.156710068181577,448,3.4615633125690866,none,raw
272,982800,3600,4.474096942326675,-0.024863631630838,1.949575336663508,0.4681508506523157,-0.0003286480191953,0.0235586167057833,1.649988383981963,0.4080160381162556,1468.85773721852,3361.9672063456032,2415.412471782006,-946.5547345634895,0.4080160381162556,0.9338797795404452,0.1546743030041213,3451,190,3261,480,3.6825163802745178,480,3.6825163802745178,452,3.9933645726614633,none,raw
273,986400,3600,4.217633494885845,-0.0245144713375414,1.9924085477964808,0.518401934052156,-0.0003122553992436,0.0045945598329803,1.6514215448626364,0.0756336349634694,272.2810858684901,2842.386527588721,1557.3338067285667,-1285.0527208600918,0.0756336349634694,0.7895518132190892,0.1333817583073902,3462,138,3324,480,1.2207110828887189,480,1.2207110828887189,450,1.388559674527073,none,raw
274,990000,3600,4.40181466054831,-0.024883308873945,2.066933273836948,0.5355519202301889,-0.0003338818174322,0.0487093173846843,1.6402522362420755,0.1355850988837366,488.10635598145177,3140.3286201726123,1814.217488076988,-1326.1111320955538,0.1355850988837366,0.8723135056035034,0.1433432875996559,3512,129,3383,480,1.7395025029757356,480,1.7395025029757356,445,1.9857180235028735,none,raw
275,993600,3600,3.517260634116893,0.0,1.6606968328434728,0.444899808475963,0.0,-0.1338633782760841,1.590594722775782,-0.0450673573203224,-162.24248635316076,1985.9614564064077,911.8594850266428,-1074.101971379762,-0.0450673573203224,0.5516559601128909,0.1013964637990017,3223,137,3086,480,0.2168813419577806,480,0.2168813419577806,472,0.2257613106299082,none,raw
276,997200,3600,4.262483840756661,-0.0130933578865987,2.184553676957489,0.576694868980444,-0.0001445486904767,0.0107977873646929,1.4192550514660665,0.0844203566835529,303.91328406079043,2850.6368282215167,1577.2750561410774,-1273.3617720802954,0.0844203566835529,0.7918435633948657,0.1330160814333409,3551,133,3418,480,1.466858032269428,480,1.466858032269428,449,1.6226498567089178,none,raw
277,1000800,3600,3.8291934016815503,0.0,1.4345749195082051,0.3683606504311236,0.0,0.1140445041683301,1.6563315041266684,0.2558818208273959,921.1745549786252,2389.262748017334,1655.2186514979671,-734.0440965193671,0.2558818208273959,0.6636840966714818,0.124571877215082,3201,166,3035,480,2.3765027017358884,480,2.3765027017358884,480,2.3765027017358884,none,raw
278,1004400,3600,4.507323544806697,-0.0201805281162531,2.0809532699042634,0.5591908315372227,-0.0001247461583682,0.04637952483969,1.695475716546078,0.1456294753179471,524.2661111446096,2796.626119753684,1660.4461154491078,-1136.1800043045084,0.1456294753179471,0.7768405888204678,0.1287970614416263,3503,134,3369,480,1.7540103471178865,480,1.7540103471178865,451,1.94142995651756,none,raw
279,1008000,3600,3.463131420489776,0.0,1.4646699879397698,0.4248253662718443,0.0,-0.1473648026169767,1.608092156366176,0.1129087124668621,406.4713648807037,1888.17677350556,1147.3240691931542,-740.8527043124295,0.1129087124668621,0.5244935481959888,0.0994308626899051,3185,156,3029,480,1.315040594128022,480,1.315040594128022,469,1.3551303597589546,none,raw
280,1011600,3600,4.448998598727759,-0.0203414926362106,2.177993200238418,0.601787096637665,-0.0001960601356079,0.0713761449607586,1.432822046911717,0.1855576654353536,668.0075955672733,3122.2800936050594,1895.143844586098,-1227.1362490188542,0.1855576654353536,0.8673000260014054,0.1429063691567198,3547,124,3423,480,2.0850275722186624,480,2.0850275722186624,444,2.297861392466157,none,raw
281,1015200,3600,3.999860560200695,-0.0336273751348103,2.059541296204558,0.6109504493296344,-0.0003406963418345,0.0288190339161278,1.3964197730734782,-0.0619019183917229,-222.8469062102025,3267.970751817953,1522.5619228038297,-1745.408829014046,-0.0619019183917229,0.9077696532827648,0.1518346267382196,3540,92,3448,480,0.2684124430283119,480,0.2684124430283119,437,0.4075952607435776,none,raw
282,1018800,3600,4.099062134725456,-0.0366745493611186,2.0835593840044795,0.6219455647345004,-0.00037646514742,0.113956479118449,1.4088881131243147,-0.0922363878795586,-332.0509963664112,3169.7580320912166,1418.8535178623683,-1750.9045142287816,-0.0922363878795586,0.8804883422475601,0.1467113411569948,3554,83,3471,480,0.0527829249327949,480,0.0527829249327949,427,0.1961446522809945,none,raw
283,1022400,3600,4.715119594337788,-0.0080128056826915,2.1896137631147843,0.6010910004273126,0.0,0.198377202376485,1.530185731883953,0.2038646999094146,733.9129196738927,2828.281464825636,1781.0971922497693,-1047.184272575838,0.2038646999094146,0.7856337402293433,0.1287845480962637,3546,132,3414,480,2.296417197245978,480,2.296417197245978,462,2.427895150379713,none,raw
284,1026000,3600,3.626221806229829,0.0,1.253785442723272,0.359591550239077,0.0,0.0516788637207628,1.6668540209092937,0.2943119288112582,1059.5229437205296,2296.763165013935,1678.1430543672188,-618.6201106467227,0.2943119288112582,0.6379897680594264,0.1216854842464293,3167,179,2988,480,2.6078589940709973,480,2.6078589940709973,480,2.6078589940709973,none,raw
285,1029600,3600,4.603074513220798,-0.0227003960629469,1.969125738585596,0.5322811233998623,-0.0002815471112937,0.152669805718489,1.710174997845091,0.2618047950779299,942.4972622805476,3239.906456191768,2091.201859236128,-1148.7045969555977,0.2618047950779299,0.8999740156088243,0.1477135558444624,3521,167,3354,480,2.5710222134324696,480,2.5710222134324696,452,2.7974194280819447,none,raw
286,1033200,3600,4.759257713091922,0.0,2.150468894800715,0.5395188492899428,0.0,0.254085845180321,1.586872104973156,0.2283120152042059,821.9232547351413,2679.98972861784,1750.9564916764737,-929.0332369413218,0.2283120152042059,0.7444415912827332,0.1242944685238372,3492,151,3341,480,2.3324479356689287,480,2.3324479356689287,462,2.45954696360558,none,raw
287,1036800,3600,4.50823362317739,-0.0226087436124719,2.150176804027457,0.6037454472910097,-0.0001923996326728,0.2152778176585407,1.4677430003383298,0.0940916984305812,338.7301143500926,2600.266907726418,1469.498511038171,-1130.7683966880852,0.0940916984305812,0.7222963632573384,0.1213634280493867,3557,121,3436,480,1.5389207339129256,480,1.5389207339129256,441,1.7632242122085064,none,raw
288,1040400,3600,4.827951352689157,0.0,2.2036430647822822,0.5525745991167886,0.0,0.2945213332712975,1.5454133316216074,0.2317990168497024,834.4764606589289,2780.144511088069,1807.310485873469,-972.8340252145316,0.2317990168497024,0.7722623641911303,0.1288010825167505,3554,143,3411,480,2.412375423643665,480,2.412375423643665,456,2.6000173113759044,none,raw
289,1044000,3600,4.377283910110515,-0.0341516061126288,2.030304381601773,0.5951464949196429,-0.0003602500950439,0.1658383555533124,1.5458508649349751,0.0746556698205656,268.7604113540364,3319.7535171665977,1794.2569642602678,-1525.4965529062565,0.0746556698205656,0.9221537547684994,0.1518970630710447,3519,104,3415,480,1.2817777297248938,480,1.2817777297248938,437,1.5203254669299808,none,raw
290,1047600,3600,4.150792817978266,-0.0274614763854012,2.083979596491752,0.6056338976910436,-0.0001376179638013,0.2108042651344904,1.404784649595625,-0.1268104960825193,-456.5177858970695,3107.0833192413907,1325.282766672129,-1781.8005525692151,-0.1268104960825193,0.8630786997892752,0.1451028157899265,3552,88,3464,480,-0.1813024570433386,480,-0.1813024570433386,442,-0.0841306552935716,none,raw
291,1051200,3600,4.752823471267216,-0.0009553773019767,2.030872136749485,0.5115577156496973,0.0,0.2731916101297392,1.701875555313186,0.2362818342827538,850.6146034179139,2348.4665767070246,1599.54059006244,-748.9259866445378,0.2362818342827538,0.6523518268630624,0.1115001577224025,3478,172,3306,467,2.3830397376224344,467,2.3830397376224344,450,2.525905368069567,none,raw
292,1054800,3600,3.943202437278039,0.0,1.2910312103956918,0.3467740873430668,0.0,0.3520215759429594,1.6633496064646476,0.2900259582879658,1044.0934498366769,2217.0147494996977,1630.5540996681889,-586.4606498315413,0.2900259582879658,0.6158374304165827,0.1153825250484961,3135,181,2954,480,2.52076303511288,480,2.52076303511288,480,2.52076303511288,none,raw
293,1058400,3600,4.287536453505842,-0.0237569699420815,2.091755748781257,0.6100613837710929,-0.0001023293934994,0.2852959815970343,1.405166689108457,-0.0808840526544558,-291.182589556041,2990.3414005990294,1349.5794055214765,-1640.761995077508,-0.0808840526544558,0.830650389055286,0.1404360153573828,3542,82,3460,480,0.0709803855148447,480,0.0709803855148447,443,0.2055311302107931,none,raw
294,1062000,3600,4.672221136150571,-0.0194338026496601,1.9639061943829048,0.5386220767649293,-0.0001387710756947,0.2587688203818634,1.7264955510308193,0.2040010654751898,734.4038357106833,2834.7001377613824,1784.5519867360117,-1050.148151025317,0.2040010654751898,0.7874167049337173,0.1322105665366058,3523,147,3376,458,2.1665669657142392,458,2.1665669657142392,421,2.4790090390417374,none,raw
295,1065600,3600,0.4797373698534082,0.0,-0.2343358199928556,0.2166891994416832,0.0,-1.293409320981484,1.6314061560852444,0.1593871571411898,573.7937657082836,1625.1129768176756,1099.4533712629916,-525.6596055547346,0.1593871571411898,0.4514202713382432,0.0896103787995283,2381,146,2235,440,1.5560078938877275,440,1.5560078938877275,440,1.5560078938877275,none,raw
296,1069200,3600,5.032719167713076,0.0,2.213368241008513,0.5850361238771342,0.0,0.4181578428588263,1.5371982257971506,0.2789587379905318,1004.2514567659148,2762.8189958679177,1883.5352263169175,-879.2837695509775,0.2789587379905318,0.7674497210744216,0.126434001022709,3548,145,3403,480,2.661488780543013,480,2.661488780543013,463,2.801954140468553,none,raw
297,1072800,3600,5.01755364265862,0.0,2.16026658993114,0.572129895547549,0.0,0.4359739026750471,1.6184696068913849,0.2307136489171467,830.5691361017282,2476.2913315056853,1653.4302338037105,-822.8610977019608,0.2307136489171467,0.6878587031960237,0.1142807679694372,3534,154,3380,480,2.3117223717518884,480,2.3117223717518884,463,2.442427540012246,none,raw
298,1076400,3600,5.041242104798762,0.0,2.117534124649205,0.5272756014893556,0.0,0.452550062352816,1.5886410892293574,0.3552412276604677,1278.8684195776837,2833.235007019546,2056.0517132985924,-777.183293720905,0.3552412276604677,0.7870097241720961,0.1303058680515096,3543,149,3394,480,3.2094960460778097,480,3.2094960460778097,468,3.319662780983017,none,raw
299,1080000,3600,4.454812429515619,-0.020389566048016,2.0830662521607346,0.6041042496488431,-5.4943798379003695e-05,0.2683208161052072,1.4655891511801236,0.0541764716205275,195.03529783389925,2796.2040535923165,1495.6196757130772,-1300.5843778791966,0.0541764716205275,0.7767233482200879,0.132267196232857,3536,88,3448,432,1.098519643064329,432,1.098519643064329,370,1.4892692568075387,none,raw
300,1083600,3600,4.859817335054718,-0.0018951798973064,2.066018223222077,0.5227166612234923,0.0,0.3262181581078901,1.684691400233769,0.2620680674010941,943.4450426439388,2350.708387880686,1647.0767152622698,-703.6316726183471,0.2620680674010941,0.6529745521890795,0.110782844631037,3519,166,3353,480,2.4608036863769613,480,2.4608036863769613,463,2.612426940181139,none,raw
301,1087200,3600,5.0776366102897255,-0.0162259331788382,1.937235972682457,0.5314042983848007,-0.0001159222379018,0.3215883795011616,1.735083505652261,0.5686663157382968,2047.1987366578685,3823.672180331952,2935.435458494862,-888.2367218370259,0.5686663157382968,1.0621311612033202,0.1703366497411962,3503,157,3346,475,4.791224706994512,475,4.791224706994512,437,5.346316071064667,none,raw
302,1090800,3600,4.434907354097613,0.0,1.428390666499337,0.3941418370947884,0.0,0.59364120839626,1.7168951083138464,0.3018385341783313,1086.6187230419928,2402.768066109272,1744.693394575607,-658.0746715336259,0.3018385341783313,0.667435573919242,0.1195762454205407,3328,145,3183,480,2.641964740812494,480,2.641964740812494,480,2.641964740812494,none,raw
303,1094400,3600,4.149029603204237,0.0,1.4025109362848962,0.409615939722434,0.0,0.48957545482281,1.731284077415665,0.1160431964997077,417.755507398948,1769.420279695374,1093.5878935471835,-675.8323861482264,0.1160431964997077,0.491505633248715,0.0919078737546617,3262,98,3164,432,1.4026526430979902,432,1.4026526430979902,432,1.4026526430979902,none,raw
304,1098000,3600,4.115788220978639,0.0,1.506822538299151,0.4486130479374104,0.0,0.2705650076613847,1.6555742990783269,0.2342133281290375,843.1679812645353,2219.222358773983,1531.1951700192897,-688.0271887547514,0.2342133281290375,0.6164506552149953,0.1169665872949203,3350,126,3224,480,2.1679861521401307,480,2.1679861521401307,480,2.1679861521401307,none,raw
305,1101600,3600,4.830484964072626,-0.0207071521466171,2.005583217530686,0.5401997448776471,-0.0002471863653314,0.3232926354269045,1.695955046508612,0.2864086630966178,1031.071187147824,2806.688365605156,1918.879776376468,-887.8085892286715,0.2864086630966178,0.7796356571125433,0.1292869575810022,3543,166,3377,480,2.635044226914296,480,2.635044226914296,441,3.001608049251995,none,raw
306,1105200,3600,5.175836945915556,0.0,2.149964182922114,0.5551652478736867,0.0,0.4844760276062327,1.59812632851063,0.388105156926541,1397.1785649355477,2896.84054529889,2147.009555117186,-749.8309901816408,0.388105156926541,0.8046779292496916,0.1314952136923786,3548,154,3394,480,3.4066439401069024,480,3.4066439401069024,466,3.5453674358374,none,raw
307,1108800,3600,4.850458055446345,-0.0002273770672596,2.039889768505566,0.5304615204095604,0.0,0.3735475980510083,1.6911007817989665,0.2156857681195803,776.4687652304893,2214.701874741908,1495.5853199861667,-719.1165547556984,0.2156857681195803,0.6151949652060855,0.1053291175163448,3532,181,3351,480,2.070228891640286,480,2.070228891640286,463,2.194623190670021,none,raw
308,1112400,3600,5.056612021747148,-0.0188952631373619,2.076189982444123,0.5928406080006583,-0.0002160912386661,0.2684657026927664,1.6307789124260332,0.5074481717378945,1826.81341825642,3669.120237009585,2747.966827632952,-921.1534093765551,0.5074481717378945,1.019200065835996,0.1629687312790898,3571,149,3422,480,4.299486757958921,480,4.299486757958921,454,4.661434995041103,none,raw
309,1116000,3600,4.839594427260729,-0.0198556413198297,1.9110628533746707,0.5330317925314462,-0.0001926608000942,0.3973388895026146,1.744973926362667,0.2732352681679701,983.6469654046924,2882.736922160294,1933.1919437824647,-949.5449783778153,0.2732352681679701,0.8007602561556372,0.1338344969434171,3526,147,3379,450,2.6714273045379024,450,2.6714273045379024,416,2.9937556689824283,none,raw
310,1119600,3600,4.285167559173165,0.0,1.415049845948927,0.4084691729236873,0.0,0.6539395768142343,1.7102794244623811,0.0974295394492622,350.74634201734415,1659.7862204673622,1005.2662812423902,-654.5199392250196,0.0974295394492622,0.4610517279076006,0.0869115756127484,3435,165,3270,480,1.1291317206119122,480,1.1291317206119122,480,1.1291317206119122,none,raw
311,1123200,3600,4.59657791688702,0.0,1.721708353142123,0.50940577094705,0.0,0.4955547868548422,1.6635109450138803,0.206398055553628,743.032999993061,2152.941530614776,1447.9872653039035,-704.954265310884,0.206398055553628,0.59803931405966,0.1084658441798976,3489,163,3326,480,1.9823682487322676,480,1.9823682487322676,480,1.9823682487322676,none,raw
312,1126800,3600,4.512769060591753,0.0,1.7555068962915528,0.5174660942629963,0.0,0.5054565890015189,1.678351590552463,0.055987894709478,201.55642095412085,1787.996930972349,994.776675963259,-793.2202550091181,0.055987894709478,0.4966658141589858,0.0904158045132569,3499,131,3368,480,0.8511995020225197,480,0.8511995020225197,480,0.8511995020225197,none,raw
313,1130400,3600,4.743878375156136,0.0,1.4835805422508312,0.415838200388452,0.0,0.7930690297495046,1.7283979125821742,0.3229926924125921,1162.7736926853318,2426.0053780826483,1794.3895353839682,-631.6158426986573,0.3229926924125921,0.6738903828007357,0.119828566032857,3425,186,3239,480,2.8170371417159057,480,2.8170371417159057,480,2.8170371417159057,none,raw
314,1134000,3600,5.192816932077743,0.0,2.210183521373823,0.5948832100621961,0.0,0.5639780269901823,1.5622058733355162,0.2615663019645449,941.6386870723616,2506.239948253165,1723.9393176627188,-782.3006305903916,0.2615663019645449,0.696177763403657,0.115202834304333,3568,112,3456,460,2.541921667257913,460,2.541921667257913,446,2.658729170258207,none,raw
315,1137600,3600,4.8537448761837245,-0.019017246606361,1.915814728986583,0.5261234860361773,-0.00011804718494,0.4155178415648263,1.695630141302458,0.3197939785156225,1151.258322656241,3010.2318689552617,2080.7450958057307,-929.4867731495124,0.3197939785156225,0.8361755191542394,0.1394877799579365,3545,163,3382,480,2.866525362398108,480,2.866525362398108,448,3.1473387381317437,none,raw
316,1141200,3600,4.87409039887438,-0.0164834194300352,1.8823066523856729,0.5350327318979201,-9.475580103290256e-05,0.4335310858972223,1.727808143954897,0.3119899550792543,1123.1638382853157,2928.796746631127,2025.98029245818,-902.8164541729036,0.3119899550792543,0.8135546518419797,0.1367885733279911,3513,158,3355,480,2.763259736889867,480,2.763259736889867,443,3.095786477578018,none,raw
317,1144800,3600,5.215061024694652,0.0,2.1981011286344123,0.599671202282055,0.0,0.6358946501899164,1.5702459954374743,0.2111480450888494,760.1329623198578,2473.3046893664364,1616.7188258430965,-856.5858635232662,0.2111480450888494,0.6870290803795657,0.1131519562806099,3574,120,3454,480,2.075142293053477,480,2.075142293053477,470,2.142645288651403,none,raw
318,1148400,3600,5.000877369620915,-0.0072924559110643,2.187871409000476,0.6387679992678,-1.2761923947704633e-05,0.5200416141700092,1.445891840855975,0.2156097293640228,776.1950257104821,2693.9128520284075,1735.0539388694008,-958.858913158954,0.2156097293640228,0.7483091255634465,0.1255651349703551,3572,112,3460,480,2.1171563383726144,480,2.1171563383726144,455,2.3071862646747787,none,raw
319,1152000,3600,5.24375833930396,0.0,2.15884222798264,0.5930193239091054,0.0,0.678546482824644,1.591746366455002,0.2216039334844695,797.7741605440901,2342.7326888419257,1570.2534246929458,-772.4792641488975,0.2216039334844695,0.6507590802338682,0.1085712090857589,3522,103,3419,432,2.3698568763173244,432,2.3698568763173244,415,2.5165437924305123,none,raw
320,1155600,3600,4.955633136630446,-0.008885859831981,2.179591870675751,0.6413050105322932,-8.349949219320958e-05,0.4958877166619433,1.4556184064935334,0.1921994882674794,691.918157762926,2570.104025522392,1631.011091642609,-939.0929338797232,0.1921994882674794,0.7139177848673312,0.120755372112734,3543,97,3446,432,2.1924394992924983,432,2.1924394992924983,410,2.37599686347109,none,raw
321,1159200,3600,5.246500843532849,0.0,2.158775055972205,0.5904863055614195,0.0,0.6804696754699088,1.5952969330990685,0.2214728705605946,797.3023340181405,2380.051929510572,1588.6771317643672,-791.3747977462098,0.2214728705605946,0.6611255359751589,0.1094255472604749,3557,130,3427,480,2.130894325779225,480,2.130894325779225,471,2.19302718453103,none,raw
322,1162800,3600,4.007142895739525,0.0,1.1600008958582428,0.3879787101221892,0.0,0.5884635633955412,1.6816444520496483,0.1890552747617232,680.5989891422038,1854.840526495096,1267.719757818678,-587.1207686764864,0.1890552747617232,0.5152334795819712,0.1020743365688736,3430,185,3245,480,1.793449143698143,480,1.793449143698143,480,1.793449143698143,none,raw
323,1166400,3600,4.426398906091022,0.0,1.5434017673371505,0.4390028641218625,0.0,0.4855934704022979,1.7178377984477855,0.240563006288799,866.0268226396764,2205.252038626151,1535.6394306328973,-669.6126079932332,0.240563006288799,0.6125700107294864,0.1153248618585517,3497,168,3329,459,2.3003599352405355,459,2.3003599352405355,446,2.4002187428584545,none,raw
324,1170000,3600,5.315165690720702,0.0,2.0767974206697213,0.5336464917665468,0.0,0.7595309334626535,1.602321231951075,0.3428696150021588,1234.3306140077716,2675.569430346249,1954.950022176993,-720.6194081692355,0.3428696150021588,0.7432137306517359,0.122898583147062,3561,164,3397,480,3.025283599567082,480,3.025283599567082,466,3.157547836060873,none,raw
325,1173600,3600,5.080318204906588,0.0,2.0932109632468445,0.5754202183504432,0.0,0.7118506683256596,1.6416748379437356,0.0581615206716025,209.38147441776903,2143.6199114873816,1176.500692952572,-967.119218534788,0.0581615206716025,0.5954499754131616,0.1006195687445734,3564,138,3426,480,0.8840076317147666,480,0.8840076317147666,466,0.9517655009856308,none,raw
326,1177200,3600,4.796612405120007,-0.0211058251728962,2.091072468701874,0.6172896249596479,-0.0001165877390852,0.5966266561199906,1.408731640892811,0.1041144217806026,374.81191841016965,2872.833737331006,1623.8228278705408,-1249.0109094604009,0.1041144217806026,0.798009371480835,0.1344366912649147,3577,100,3477,480,1.264336390171441,480,1.264336390171441,425,1.6162773785447726,none,raw
327,1180800,3600,4.98551306767816,-0.0015904453340228,2.16603430572028,0.6037413872104948,0.0,0.735376227370347,1.4774559642725311,0.0044956325139981,16.18427705039349,1959.6929916945444,987.938634372494,-971.7543573220588,0.0044956325139981,0.5443591643595956,0.0935594590835057,3562,123,3439,480,0.4921657087672436,480,0.4921657087672436,470,0.5364201944832138,none,raw
328,1184400,3600,4.224851378516759,0.0,1.4067739905546377,0.4616116615852197,0.0,0.5077342172555852,1.7024649819069906,0.1462665277615231,526.5594999414833,1971.9409450132412,1249.2502224773818,-722.6907225358901,0.1462665277615231,0.5477613736147893,0.1017966007475317,3536,144,3392,480,1.526574546487637,480,1.526574546487637,480,1.526574546487637,none,raw
329,1188000,3600,4.521691750096749,0.0,1.2343635243696247,0.3867021545619781,0.0,0.9322739333858088,1.7645648499847202,0.2037872889626481,733.6342402655333,2047.7282833285356,1390.681261797045,-657.0470215315237,0.2037872889626481,0.5688134120357042,0.1046966388198354,3527,154,3373,480,1.9377243205197208,480,1.9377243205197208,480,1.9377243205197208,none,raw
330,1191600,3600,5.457259171664967,0.0,2.1165588834926443,0.5476368711748402,0.0,0.7953344475263064,1.6279395632324003,0.3697894089229422,1331.2418721225922,2760.713678381745,2045.977775252145,-714.735903129564,0.3697894089229422,0.7668649106615957,0.1250780475240775,3574,132,3442,452,3.442791567655693,452,3.442791567655693,438,3.578873980888254,none,raw
331,1195200,3600,5.079166114931286,0.0,1.6637633149124753,0.4487977030814057,0.0,1.1514314818098323,1.6847560982261138,0.1304175216436011,469.503077916964,1902.922508662949,1186.212793289953,-716.7097153730351,0.1304175216436011,0.528589585739708,0.0897182526251246,3557,176,3381,480,1.413458097094345,480,1.413458097094345,480,1.413458097094345,none,raw
332,1198800,3600,4.878286546754341,-0.0213216512048729,2.125680070263705,0.6165451121471378,-0.000129479143806,0.6444978444445519,1.4422649592898276,0.0707496942980748,254.69889947306945,3083.4763049543003,1669.0876022136429,-1414.3887027406026,0.0707496942980748,0.856521195820639,0.140951462507331,3551,74,3477,432,1.137862466098102,432,1.137862466098102,389,1.4191753292524731,none,raw
333,1202400,3600,5.451006115391436,0.0,2.1959176060525523,0.5894692479943676,0.0,0.7922155577690135,1.5709108952163764,0.3024928145956458,1088.974132544325,2815.768996153153,1952.3715643486912,-863.3974318043865,0.3024928145956458,0.782158054486987,0.1258710352922698,3581,113,3468,480,2.723787048620681,480,2.723787048620681,473,2.7846331046064514,none,raw
334,1206000,3600,5.00299574511546,-0.00326705375222,2.1792250068170063,0.6092433603856573,0.0,0.7026335740627077,1.4667773675887146,0.0483834879842968,174.18055674346868,2138.093937393932,1156.1372470687013,-981.956690325202,0.0483834879842968,0.5939149826094253,0.1013019662844652,3586,109,3477,444,0.9098976352704552,444,0.9098976352704552,423,1.0111513472020208,none,raw
335,1209600,3600,5.284307092306101,-0.0145796706131084,1.928038255116869,0.5296090979086483,-0.0001194140483173,0.6968265843529847,1.7317688334504322,0.4127634034831917,1485.9482525394903,3333.182242597806,2409.565247568603,-923.616995029152,0.4127634034831917,0.9258839562771684,0.1492542588640636,3560,165,3395,480,3.519040236510881,480,3.519040236510881,440,3.961734421759085,none,raw
336,1213200,3600,5.326924924301501,0.0,2.1392426898902714,0.5776640958667255,0.0,0.7954872232370054,1.6370973613058606,0.1774335582362544,638.760809650516,2682.158522309939,1660.459665980155,-1021.6988563296665,0.1774335582362544,0.7450440339749831,0.1202614855312354,3585,116,3469,480,1.773900531104835,480,1.773900531104835,465,1.872619754558039,none,raw
337,1216800,3600,4.9492063681175935,-0.0227146730108407,2.14371246392841,0.6251028641743048,-0.0002203042951652,0.6688276948392516,1.4161317892101828,0.1183665402861294,426.1195450300661,3144.7261091047144,1785.422827067336,-1359.3032820372946,0.1183665402861294,0.8735350303068651,0.1417752867509455,3581,88,3493,480,1.354010887289255,480,1.354010887289255,435,1.6563906843818006,none,raw
338,1220400,3600,5.442031218524753,0.0,2.10293418949937,0.5301961446870139,0.0,0.8670293697483533,1.5981548619308537,0.3437166530635809,1237.3799510288914,2726.465404302008,1981.9226776654243,-744.5427266365369,0.3437166530635809,0.7573515011950023,0.1229314752459733,3572,154,3418,480,3.008112471076216,480,3.008112471076216,458,3.192647987246519,none,raw
339,1224000,3600,5.368769758426869,0.0,2.184252524731708,0.5881580634863828,0.0,0.8251234666550907,1.566790927088599,0.2044447731338388,736.0011832818196,2456.693602288949,1596.3473927853488,-860.3462095035275,0.2044447731338388,0.6824148895247081,0.111073560696301,3583,98,3485,452,2.101357221202514,452,2.101357221202514,428,2.265575770616674,none,raw
340,1227600,3600,5.481123309230122,0.0,2.0962846763634624,0.5498481716670801,0.0,0.928888755511357,1.5932412360031865,0.3128604697441094,1126.2976910787938,2729.707874856316,1928.0027829675284,-801.7050918887445,0.3128604697441094,0.7582521874600877,0.1230242906792912,3577,135,3442,480,2.786188102585061,480,2.786188102585061,458,2.955923327823001,none,raw
341,1231200,3600,1.928988536601537,0.0,0.2370285514494587,0.3001602933892793,0.0,-0.5749049976202982,1.649294671205865,0.3174100176066053,1142.6760633837794,2229.825390051006,1686.2507267173933,-543.574663333648,0.3174100176066053,0.6193959416808349,0.1209061026342022,3477,172,3305,432,3.07079165481286,432,3.07079165481286,431,3.077220405752101,none,raw
342,1234800,3600,0.6408704398633664,0.0,-0.4945510402829234,0.213005082378742,0.0,-0.8972260046604087,1.653832918702867,0.1658094833997542,596.9141402391152,1802.9369002902208,1199.9255202646864,-603.0113800255937,0.1658094833997542,0.5008158056361723,0.1013133701091216,3489,172,3317,442,1.745007836079976,442,1.745007836079976,442,1.745007836079976,none,raw
343,1238400,3600,5.061845452239116,-0.000990887591101,2.176783243308774,0.6034328363097873,0.0,0.8355460963275562,1.4723056568741428,-0.0252314903208254,-90.83336515497152,2264.357200166986,1086.761917505987,-1177.5952826609275,-0.0252314903208254,0.6289881111574961,0.1046829617324946,3582,110,3472,480,0.2968074907920606,480,0.2968074907920606,436,0.4518105666875228,none,raw
344,1242000,3600,5.146455202063597,-0.0138659012654514,1.878037484071709,0.5244036552985172,-8.345688170946002e-05,0.7609541794014663,1.752900135578635,0.2441091038361325,878.7927738100769,3019.2450417151344,1949.0189077625785,-1070.2261339525392,0.2441091038361325,0.838679178254204,0.1373425348582897,3562,151,3411,456,2.4171088361447923,456,2.4171088361447923,416,2.786888201474961,none,raw
345,1245600,3600,5.403968782780705,-0.0009395347805115,2.1870760121913464,0.6149502181261989,0.0,0.7408149185500322,1.4763915082689347,0.3856756498245172,1388.432339368262,3286.6170414013195,2337.524690384745,-949.0923510164744,0.3856756498245172,0.9129491781670332,0.1461357586409163,3596,147,3449,480,3.414721021692719,480,3.414721021692719,437,3.9076198084415465,none,raw
346,1249200,3600,5.209128521381516,-0.0013587021633493,2.1782960520112424,0.6037368157832369,0.0,0.8498460918586219,1.4608376673262558,0.1177705918968521,423.9741308286676,2762.406363662148,1593.1902472453737,-1169.2161164166794,0.1177705918968521,0.7673351010172633,0.1247454596328778,3593,101,3492,480,1.3501987339910393,480,1.3501987339910393,420,1.7474294727660498,none,raw
347,1252800,3600,5.4904442292263,0.0,2.1363244143418414,0.5543215908885448,0.0,0.8860630524731169,1.5999574791575073,0.3137776889975264,1129.599680391095,2779.4033801569512,1954.501530273997,-824.9018498829173,0.3137776889975264,0.772056494488042,0.1243416304566348,3591,138,3453,480,2.7937509005640653,480,2.7937509005640653,456,2.998569222954525,none,raw
348,1256400,3600,5.395108477396684,0.0,2.1660896490594994,0.5813171227509105,0.0,0.9337578054821366,1.5633111668593525,0.1506327342446922,542.277843280892,2302.062845355278,1422.170344318109,-879.8925010371958,0.1506327342446922,0.6394619014875772,0.1044534370107704,3558,113,3445,432,1.7685701104753244,432,1.7685701104753244,416,1.8848763731212888,none,raw
349,1260000,3600,2.0178134835151207,0.0,0.411048783400701,0.3236640589664511,0.0,-0.3728105668575668,1.6055209389846965,0.0503902682460311,181.40496568571223,1569.9583073488875,875.6816365173436,-694.276670831598,0.0503902682460311,0.4360995298191354,0.0890899448107185,3548,160,3388,480,0.7669445208956731,480,0.7669445208956731,480,0.7669445208956731,none,raw
350,1263600,3600,2.4638797398764614,0.0,0.5607608835130399,0.3482096255512248,0.0,-0.1386852186753543,1.633480876150727,0.06011357268702,216.40886167327224,1546.260620422945,881.3347410481472,-664.9258793748522,0.06011357268702,0.4295168390063736,0.0856540573749388,3554,159,3395,480,0.8507780865756717,480,0.8507780865756717,480,0.8507780865756717,none,raw
351,1267200,3600,5.177416151721732,-0.0050357685763423,1.9742431138578065,0.5511895127105948,-4.382639297278909e-06,0.7131461627206029,1.7070734364619709,0.2368040760749806,852.4946738699304,2852.0648527242874,1852.2797632970744,-999.7850894271538,0.2368040760749806,0.7922402368678576,0.1307490056548526,3585,127,3458,467,2.3060614144609524,467,2.3060614144609524,430,2.647407858931277,none,raw
352,1270800,3600,5.325860753479258,0.0,2.188007677344235,0.6151039811271265,0.0,0.8654974300544979,1.4788604481762944,0.1783912143031628,642.2083714913862,2451.5006125680397,1546.8544920296622,-904.6461205382824,0.1783912143031628,0.680972392380011,0.1121664297659172,3584,137,3447,480,1.812935934759022,480,1.812935934759022,439,2.1088692665481616,none,raw
353,1274400,3600,5.574090226317704,0.0,2.0954398510387424,0.5503915539850021,0.0,0.9658771594650328,1.6155534995318783,0.3468281606069448,1248.5813781850013,2749.1958461809177,1998.8886121829244,-750.3072339979382,0.3468281606069448,0.7636655128280326,0.122502759754265,3577,146,3431,480,3.0301464767603,480,3.0301464767603,465,3.175712371887164,none,raw
354,1278000,3600,5.326634950209409,0.0,2.1442530499564536,0.5863412076452085,0.0,0.942159566865042,1.5480206918031931,0.1058604410094995,381.0975876341983,2225.66185438473,1303.379721009475,-922.282133375242,0.1058604410094995,0.6182394039957583,0.1015476405545519,3581,118,3463,480,1.226503432884518,480,1.226503432884518,460,1.3509148018869688,none,raw
355,1281600,3600,5.51328943229358,0.0,2.1339435713786368,0.5766693212326457,0.0,0.961152897536219,1.556074578916835,0.2854490643674659,1027.6166317228774,2626.653539117012,1827.1350854199104,-799.5184536970456,0.2854490643674659,0.7296259830880588,0.1174703181337687,3572,135,3437,480,2.551932710547601,480,2.551932710547601,460,2.7124789579823063,none,raw
356,1285200,3600,4.302162134756153,0.0,1.2723238254513478,0.370837910513064,0.0,0.8193358282508464,1.6960083360568805,0.1436562343516985,517.1624436661147,1755.9440621548013,1136.55325291046,-619.3908092443933,0.1436562343516985,0.4877622394874448,0.0911884774468281,3549,196,3353,480,1.451385051288412,480,1.451385051288412,480,1.451385051288412,none,raw
357,1288800,3600,5.2696799948558,-0.0002688016562437,2.1612997185499423,0.6017160531950965,0.0,0.9435140841001616,1.5279929564473254,0.0354259911843883,127.5335682637979,2118.7507743251417,1123.142171294499,-995.608603030639,0.0354259911843883,0.5885418817569839,0.0968257873291607,3579,101,3478,480,0.6863806760160294,480,0.6863806760160294,440,0.8869350927158556,none,raw
358,1292400,3600,0.9330193244561412,0.0,-0.0983117213059163,0.260547714446444,0.0,-1.0181589117784726,1.5962351234241774,0.1927071200406181,693.7456321462255,1949.2291436061887,1321.4873878762317,-627.7417557300334,0.1927071200406181,0.5414525398906079,0.1021139961119819,3506,172,3334,480,1.795017703423473,480,1.795017703423473,480,1.795017703423473,none,raw
359,1296000,3600,5.296000998256107,0.0,2.186880083097108,0.622353455289567,0.0,0.8232629123709315,1.4834224399561835,0.1800821045078378,648.2955762282162,2368.3053510634354,1508.300463645766,-860.0048874175648,0.1800821045078378,0.657862597517621,0.108686497829732,3585,127,3458,480,1.7703097235190737,480,1.7703097235190737,443,2.035294539688237,none,raw
360,1299600,3600,5.534892558571882,0.0,2.160695746543782,0.5861468724323013,0.0,0.9493409615961635,1.5558510395513605,0.2828579380728512,1018.2885770622646,2667.5630036690245,1842.925790365596,-824.6372133033578,0.2828579380728512,0.7409897232413957,0.1185558285088251,3578,120,3458,480,2.5336082858943576,480,2.5336082858943576,459,2.7114422467770267,none,raw
361,1303200,3600,0.7351781205346196,0.0,-0.4022928035718759,0.2035576294535726,0.0,-0.9664872955360524,1.5763457831567314,0.3240548081694408,1166.597309409987,2347.868174032395,1757.232741721121,-590.6354323111951,0.3240548081694408,0.6521856038978875,0.1338621139536383,3524,215,3309,480,2.784453110839032,480,2.784453110839032,480,2.784453110839032,none,raw
362,1306800,3600,3.390947411777258,0.0,1.0135283377515598,0.4245199203680739,0.0,0.1825770594122478,1.6412520193838205,0.1290700736449556,464.6522651218402,1796.1380276713426,1130.395146396627,-665.742881274788,0.1290700736449556,0.4989272299087062,0.0925538066180886,3565,144,3421,476,1.3627178263425168,476,1.3627178263425168,471,1.386566139549343,none,raw
363,1310400,3600,3.027187163353794,0.0,0.7912822613785524,0.3969773985459452,0.0,-0.0053341456511812,1.653483878443177,0.1907777700517312,686.7999721862325,1825.1330661259597,1255.966519156129,-569.1665469698949,0.1907777700517312,0.506981407257211,0.0948210476624735,3523,157,3366,432,2.012009028564695,432,2.012009028564695,432,2.012009028564695,none,raw
364,1314000,3600,5.375748370948713,-0.0001628025698894,2.058378491793003,0.5666885921927055,0.0,0.7869017498869958,1.6028818594316043,0.3610604858011281,1299.817748884061,3412.584738528,2356.20124370598,-1056.3834948219342,0.3610604858011281,0.9479402051466668,0.1520087362177271,3581,144,3437,480,3.118709526270833,480,3.118709526270833,438,3.59934283416656,none,raw
365,1317600,3600,5.509076900399394,-0.0012268341457246,2.005018503881636,0.549025779811542,0.0,0.8809177215685698,1.680372076191326,0.3949696600444893,1421.8907761601615,3228.77988145292,2325.335328806493,-903.4445526463728,0.3949696600444893,0.8968833004035888,0.1429540299430113,3573,157,3416,480,3.365651905916906,480,3.365651905916906,447,3.7479694972098585,none,raw
366,1321200,3600,5.331924629927704,0.0,2.177985113018278,0.6000436642563466,0.0,0.9919914144212882,1.526553279324031,0.0353511598619227,127.26417550292192,2227.2901997332265,1177.277187618095,-1050.01301211511,0.0353511598619227,0.6186917221481185,0.100571377720199,3573,96,3477,480,0.6799285854862909,480,0.6799285854862909,446,0.8517222646093869,none,raw
367,1324800,3600,1.884679925855655,0.0,0.3085228780451755,0.2612946857646682,0.0,-0.7441321467739193,1.7048607397882476,0.3541337706936009,1274.8815744969634,2320.86310390996,1797.8723392034435,-522.990764706512,0.3541337706936009,0.6446841955305443,0.1515540104800199,3543,210,3333,432,3.364940117796096,432,3.364940117796096,423,3.4362981817681164,none,raw
368,1328400,3600,4.867911711861444,0.0,1.6617170082127517,0.5070798369339284,0.0,0.7766104863498902,1.7103830421408222,0.2121213380595202,763.6368170142729,2000.7229231351137,1382.179870074692,-618.5430530604806,0.2121213380595202,0.5557563675375315,0.0954447589012533,3535,142,3393,432,2.2127627517210997,432,2.2127627517210997,425,2.2523071030796062,none,raw
369,1332000,3600,5.367689019129611,0.0,2.066673920223702,0.5810575751581617,0.0,0.8537879055299382,1.5493715628566078,0.3167980569005953,1140.4730048421432,3435.516195529153,2287.994600185606,-1147.5215953434815,0.3167980569005953,0.9543100543136536,0.1523330501109052,3579,113,3466,480,2.7979641583054677,480,2.7979641583054677,421,3.433067664691157,none,raw
370,1335600,3600,5.325619828829335,0.0,2.202662253715204,0.6183467794591551,0.0,0.9319109883645592,1.4519128184125838,0.1207869857368847,434.8331486527852,2781.512748544647,1608.1729485986757,-1173.33979994592,0.1207869857368847,0.7726424301512909,0.1246868932095236,3586,93,3493,432,1.4749987989598117,432,1.4749987989598117,402,1.7301480156678573,none,raw
371,1339200,3600,5.189459157117009,0.0,2.1522429708146147,0.5949031925601352,0.0,0.9816491728251486,1.4685297043372605,-0.0078658843861334,-28.317183790080552,2224.170999633699,1097.9269079217895,-1126.2440917118402,-0.0078658843861334,0.6178252776760275,0.1023678597102955,3585,99,3486,480,0.3625538342440428,480,0.3625538342440428,439,0.5213667213249589,none,raw
372,1342800,3600,5.385760308246633,0.0,2.163304960249264,0.5969132977905613,0.0,0.9617050824226692,1.4523863999342816,0.211450568299749,761.2220458790966,2536.183929079596,1648.702987479287,-887.4809416002048,0.211450568299749,0.7044955358554432,0.1158272149501532,3585,132,3453,480,2.0105630202541422,480,2.0105630202541422,437,2.3387658379419185,none,raw
373,1346400,3600,5.668994670950859,-0.0017390183560749,2.015501175204924,0.5640076720815729,0.0,0.8976793727525754,1.7287389797484285,0.4648064891825361,1673.30336105713,3091.5120357801507,2382.4076984185986,-709.1043373614912,0.4648064891825361,0.858753343272264,0.1367599016696723,3549,165,3384,432,4.328651437980222,432,4.328651437980222,407,4.730157068404063,none,raw
374,1350000,3600,3.825799525916227,0.0,1.0896623174796904,0.3360796460580385,0.0,0.6008411580049567,1.6822040514303764,0.117012352492582,421.24446897329545,1717.1007193741898,1069.172594173754,-647.9281252004859,0.117012352492582,0.4769724220483861,0.0957349543658073,3580,195,3385,480,1.2543207486789651,480,1.2543207486789651,480,1.2543207486789651,none,raw
375,1353600,3600,5.345241684479536,0.0,2.2078904076966865,0.6153309438193953,0.0,0.9792272627464746,1.4418262325857578,0.100966829570448,363.48058645361294,2804.194063652797,1583.8373250531615,-1220.3567385995773,0.100966829570448,0.7789427954591103,0.1254567103373426,3594,103,3491,480,1.1927481237554125,480,1.1927481237554125,427,1.4947227673819308,none,raw
376,1357200,3600,1.869652147634414,0.0,0.4235859670698906,0.3427779751467861,0.0,-0.5447946026876638,1.5806363765627292,0.0674464354976032,242.8071677913717,1544.29853026083,893.552849026147,-650.7456812347489,0.0674464354976032,0.4289718139613416,0.0783660937810937,3547,166,3381,480,0.8740023319519133,480,0.8740023319519133,480,0.8740023319519133,none,raw
377,1360800,3600,5.413996112716074,0.0,2.093025588032547,0.5573475497568637,0.0,0.9980286056797238,1.5976359344775433,0.1679584334304117,604.6503603494824,2409.4516251776904,1507.05099276353,-902.4006324140768,0.1679584334304117,0.669292118104914,0.1096095610111823,3575,100,3475,432,1.8874808188261092,432,1.8874808188261092,409,2.0543509782268887,none,raw
378,1364400,3600,5.374138955730531,-0.0016114543223569,1.995960104372133,0.5483430675041465,0.0,0.9404079980380368,1.6821652368546272,0.2088740050797124,751.9464182869649,2924.912147997959,1838.429283142421,-1086.4828648554972,0.2088740050797124,0.8124755966660997,0.1310092903503351,3595,136,3459,480,1.996857095324088,480,1.996857095324088,440,2.3186222083632524,none,raw
379,1368000,3600,4.0805803379908,0.0,1.4526198101747942,0.4735725551030542,0.0,0.5186980395447135,1.6009284528062069,0.0347614804115064,125.14132948142309,1832.1349048780396,978.6381171797608,-853.4967876983109,0.0347614804115064,0.508926362466122,0.0892417999854905,3578,114,3464,460,0.6969719977284614,460,0.6969719977284614,451,0.7279035757143605,none,raw
380,1371600,3600,5.013050888102056,0.0,2.0006947488326854,0.5214802898696563,0.0,0.469307956736587,1.6877020653587032,0.3338658230917324,1201.9169631302366,2664.013968004932,1932.96546556754,-731.0485024373248,0.3338658230917324,0.74000388000137,0.1250164143568111,3594,182,3412,480,2.913558209528756,480,2.913558209528756,455,3.141374412703232,none,raw
381,1375200,3600,4.316450914975398,0.0,1.755582244020906,0.4852886976447126,0.0,0.2127885147166603,1.6727386729596816,0.1900527911948788,684.1900483015639,1887.343497336923,1285.766772819271,-601.5767245177201,0.1900527911948788,0.5242620825935898,0.0934554342107349,3587,166,3421,432,2.0426158718883536,432,2.0426158718883536,416,2.1206434747728693,none,raw
382,1378800,3600,4.807378805004475,-0.0104555245657797,2.1643110901237543,0.6227940827024654,-2.9978173569419843e-05,0.5577348859726354,1.4524187933708386,0.0206054652599529,74.17967493583076,3166.0550580527806,1620.1173664942826,-1545.9376915584703,0.0206054652599529,0.8794597383479946,0.1456757603507789,3598,59,3539,437,0.6735486139034289,437,0.6735486139034289,374,1.0545175894619272,none,raw
383,1382400,3600,4.420861843170132,0.0,1.760953687224558,0.4903518889270564,0.0,0.2673260419629156,1.6679370360994663,0.2342931924988673,843.4554929959223,2391.1509658661,1617.303229431002,-773.847736435109,0.2342931924988673,0.664208601629472,0.1150973492821261,3588,160,3428,480,2.1583782809733507,480,2.1583782809733507,465,2.266103090078898,none,raw
384,1386000,3600,5.2923428854677415,0.0,2.191475419317912,0.6235329234340939,0.0,0.7008648954799581,1.4690938721222877,0.3073757706383822,1106.5527742981758,2677.112745913726,1891.8327601059163,-785.279985807748,0.3073757706383822,0.7436424294204794,0.1239596112373349,3558,117,3441,432,3.064555526228532,432,3.064555526228532,392,3.4927609043276218,none,raw
385,1389600,3600,4.796621717411068,-7.597102643174674e-09,2.201724747423073,0.6166552420493148,0.0,0.5800631925955966,1.4299765286130897,-0.0317979839780159,-114.4727423208574,3051.2112836862634,1468.3692706826848,-1582.8420130035374,-0.0317979839780159,0.847558689912851,0.1408882294027751,3600,68,3532,480,0.1988091364555326,480,0.1988091364555326,414,0.4722552889113447,none,raw
386,1393200,3600,4.426999247672373,-0.0058123472096762,1.9450584543210343,0.5315752813327862,0.0,0.1997384361788104,1.713613957105779,0.0428254577100446,154.1716477561607,2355.7160287991137,1254.9438382776511,-1100.772190521447,0.0428254577100446,0.6543655635553094,0.1137994250008394,3593,138,3455,480,0.7329865677459912,480,0.7329865677459912,439,0.9879512078546644,none,raw
387,1396800,3600,5.31583118397639,0.0,2.130554206502473,0.5681594460531487,0.0,0.7298081028030621,1.6176925849406758,0.2696168439349949,970.6206381659816,2432.902744066025,1701.7616911160028,-731.1410529500279,0.2696168439349949,0.6758063177961181,0.1120090418005675,3598,159,3439,480,2.4385173939791347,480,2.4385173939791347,458,2.621154768701467,none,raw
388,1400400,3600,4.508040807058844,0.0,1.831126916820322,0.4767483013056277,0.0,0.4139141694049847,1.702396015655798,0.0838554010681116,301.87944384520193,1632.2954570780537,967.0874504616486,-665.2080066164577,0.0838554010681116,0.4534154047439037,0.0788018840076233,3583,152,3431,432,1.129796993027864,432,1.129796993027864,415,1.2125002295017775,none,raw
389,1404000,3600,4.358829856612203,0.0,1.8443188056327928,0.5216418738126153,0.0,0.2542051034425965,1.7055747970962436,0.0330892783809109,119.12140217127956,1949.5152358069508,1034.3183189891408,-915.1969168178396,0.0330892783809109,0.5415320099463752,0.0955596346919731,3585,111,3474,442,0.698821371677667,442,0.698821371677667,435,0.7359838129363119,none,raw
390,1407600,3600,4.402486330093816,0.0,1.7785317582128015,0.4856422179687905,0.0,0.3355450908889327,1.6765574758264516,0.1262097846344763,454.3552246841149,1731.7309284443322,1093.0430765642618,-638.687851880142,0.1262097846344763,0.4810363690123145,0.0846703025570812,3574,171,3403,480,1.3275904238841687,480,1.3275904238841687,467,1.3739822525522944,none,raw
391,1411200,3600,5.387786895166307,0.0,2.144324750319389,0.569751945306408,0.0,0.7319855908252211,1.5503889706678506,0.391335636395531,1408.8082910239116,2930.8132210942754,2169.8107560590747,-761.0024650351943,0.391335636395531,0.8141147836372987,0.1334374588597059,3596,147,3449,480,3.336064683158536,480,3.336064683158536,461,3.518137983026476,none,raw
392,1414800,3600,5.378858170451389,0.0,2.1099771969323,0.5527252175179671,0.0,0.692261395824413,1.592745465095464,0.4311488938394118,1552.1360178218824,3017.9905911749006,2285.06330449836,-732.9272866764925,0.4311488938394118,0.8383307197708058,0.136872274358593,3595,152,3443,480,3.633456407220743,480,3.633456407220743,462,3.816243991857363,none,raw
393,1418400,3600,5.343330887076445,0.0,2.0913083307890905,0.5454317037122756,0.0,0.7034850232332959,1.591707844498924,0.4113979808124311,1481.032730924752,2814.8774532595994,2147.955092092142,-666.9223611674207,0.4113979808124311,0.7819104036832221,0.1292243878732511,3599,165,3434,480,3.489079954951413,480,3.489079954951413,465,3.6466857737984806,none,raw
394,1422000,3600,4.896723826244836,0.0,2.147319805146226,0.5922437068356277,0.0,0.6849256653569246,1.516909350634599,-0.044674705568097,-160.8289400451493,2160.79787061076,999.9844652828352,-1160.8134053279282,-0.044674705568097,0.6002216307252111,0.1020851349686461,3599,85,3514,480,0.0750863421852516,480,0.0750863421852516,446,0.2229556043831765,none,raw
395,1425600,3600,4.260054169876708,0.0,1.7573031591906392,0.4882060113556467,0.0,0.2085581905461568,1.6510111425273026,0.1549756679263781,557.9124045349613,2055.7391339125406,1306.825769223783,-748.9133646888072,0.1549756679263781,0.571038648309039,0.1011900842609358,3547,156,3391,480,1.5396090890913543,480,1.5396090890913543,463,1.62367210867159,none,raw
396,1429200,3600,4.591918979622424,0.0,1.8008867949307537,0.4696915075406117,0.0,0.4174177672309608,1.6813832293595514,0.2225396834794631,801.1428605260671,2096.5536795816115,1448.8482700538273,-647.7054095278123,0.2225396834794631,0.5823760221060031,0.0991470460334535,3568,182,3386,480,2.0451109615177305,480,2.0451109615177305,460,2.165956768199105,none,raw
397,1432800,3600,4.490094936084933,0.0,1.7891170859566412,0.4793024759171913,0.0,0.2916259647733598,1.7313334917442045,0.198715918743644,715.3773074771187,1993.82233343517,1354.5998204561477,-639.222512979061,0.198715918743644,0.5538395370653251,0.0945033354142172,3561,181,3380,480,1.8622720639272656,480,1.8622720639272656,464,1.96231373752013,none,raw
398,1436400,3600,5.039339417854402,-0.0002164491938535,1.976115342933534,0.5178341775980826,0.0,0.3876240121137066,1.7070305610677936,0.4509517793362531,1623.4264056105112,3099.2318303598963,2361.329117985148,-737.9027123746703,0.4509517793362531,0.8608977306555268,0.1436508292451693,3588,177,3411,475,3.8168354351065776,475,3.8168354351065776,441,4.268952365262574,none,raw
399,1440000,3600,4.617853073241292,0.0,1.7475113982662145,0.4828343932319953,0.0,0.3907570267584036,1.738199355149107,0.2585508989165859,930.7832360997093,2103.7251388718023,1517.2541874857586,-586.4709513860747,0.2585508989165859,0.5843680941310562,0.0992120681166059,3497,153,3344,432,2.565456336851611,432,2.565456336851611,417,2.675856020124225,none,raw
400,1443600,3600,4.949573761620203,0.0,2.1937265480915067,0.6174169014692069,0.0,0.5574014077731207,1.448760049376384,0.1322688497963408,476.1678592668269,2744.5185983061438,1610.3432287864437,-1134.17536951966,0.1322688497963408,0.762366277307262,0.129217982972414,3599,103,3496,480,1.4102616394150536,480,1.4102616394150536,426,1.806626047686044,none,raw
401,1447200,3600,4.748943588736001,-0.0002998053948484,2.068848307396298,0.5889439365649666,0.0,0.3596226348976164,1.4928602670698836,0.2389682490745663,860.2856966684387,3495.952491152361,2178.119093910364,-1317.833397241953,0.2389682490745663,0.9710979142089892,0.16286463691784,3579,121,3458,480,2.1970657179616686,480,2.1970657179616686,417,2.827649389091905,none,raw
402,1450800,3600,4.394510024792657,0.0,1.7081081333264336,0.4735669175417336,0.0,0.3333547499003697,1.685835288198012,0.1936449365744995,697.1217716681982,1917.3761267808932,1307.2489492245702,-610.1271775564038,0.1936449365744995,0.5326044796613593,0.0951268283913509,3542,183,3359,480,1.815035524030202,480,1.815035524030202,470,1.8713978403490716,none,raw
403,1454400,3600,4.7351522812908255,-0.00341465593001,1.938564669895664,0.5272897315227995,0.0,0.3279636458491005,1.7208955205731913,0.2238533691199633,805.8721288318682,2875.613861117541,1840.7429949746752,-1034.8708661428466,0.2238533691199633,0.7987816280882059,0.1364027286706711,3586,147,3439,480,2.068175888004139,480,2.068175888004139,432,2.53436965298106,none,raw
404,1458000,3600,5.413296971827901,0.0,2.095963096707904,0.5586163861035177,0.0,0.8596592886086244,1.5548977104998665,0.3441604921789747,1238.977771844309,2957.2401494647843,2098.1089606544783,-859.131188810201,0.3441604921789747,0.8214555970735512,0.1347415299885963,3595,148,3447,480,2.974268123255315,480,2.974268123255315,452,3.248389903181677,none,raw
405,1461600,3600,4.590463645822343,-0.0006628638592114,2.138565009325194,0.6065143955136931,0.0,0.4774058509947729,1.40593543354572,-0.0372941775346801,-134.25903912484864,2785.911135071808,1325.8260479734724,-1460.0850870983195,-0.0372941775346801,0.7738642041866134,0.1344957057365347,3596,65,3531,480,0.1332439260782499,480,0.1332439260782499,431,0.3728617975840458,none,raw
406,1465200,3600,5.250485352602684,0.0,2.101316924892831,0.5715692119466942,0.0,0.8228845227395731,1.5591239875502632,0.1955906991239342,704.1265168461632,2541.697078854772,1622.9117978504055,-918.7852810042754,0.1955906991239342,0.7060269663485478,0.1178081675372157,3590,108,3482,480,1.8646053339334112,480,1.8646053339334112,461,1.999587633766983,none,raw
407,1468800,3600,4.353399835533864,0.0,1.660746201350525,0.4765442734471841,0.0,0.3567276109355629,1.6677174291087455,0.1916643212206258,689.9915563942529,2089.9874049403224,1389.9894806673208,-699.9979242730693,0.1916643212206258,0.5805520569278674,0.1066089693922135,3539,155,3384,480,1.8049436838692432,480,1.8049436838692432,476,1.8290527952246811,none,raw
408,1472400,3600,4.982800608870263,0.0,2.061583528255292,0.5656931184533364,0.0,0.8371736199018626,1.593826084344238,-0.0754757480288281,-271.71269290378126,1769.955295743012,749.1213014196522,-1020.8339943233948,-0.0754757480288281,0.4916542488175033,0.0851676498488369,3563,81,3482,432,-0.197701416747554,432,-0.197701416747554,418,-0.1480751424347674,none,raw
409,1476000,3600,4.744173502259784,-0.0094911604400689,2.1561252373407616,0.6143396558843548,-1.536935484735074e-05,0.5844097818182696,1.4180516258961104,-0.0192462608543344,-69.2865390756041,2932.294153795946,1431.503807360156,-1500.790346435757,-0.0192462608543344,0.8145261538322072,0.1364423102140126,3597,66,3531,480,0.2696890015428501,480,0.2696890015428501,417,0.6176049966738975,none,raw
410,1479600,3600,5.062763667641541,-0.0016218423608774,2.029272242814806,0.5750192744859957,0.0,0.5841837854047787,1.6326130019683551,0.243297204048122,875.8699345732393,2865.2203412143235,1870.5451378937316,-994.6752033205294,0.243297204048122,0.795894539226201,0.1341730999426442,3593,124,3469,480,2.2175997488235994,480,2.2175997488235994,429,2.6990114667017737,none,raw
411,1483200,3600,4.594893477924763,0.0,1.7367919953020534,0.5027402842558565,0.0,0.5893994551859912,1.6738661767614134,0.0920955641530658,331.54403095103686,1955.5953929332672,1143.569711942171,-812.0256809911405,0.0920955641530658,0.5432209424814631,0.0990495658210756,3544,130,3414,480,1.0640540675444454,480,1.0640540675444454,480,1.0640540675444454,none,raw
412,1486800,3600,5.536948923945117,0.0,2.0814131382110177,0.5602870589244727,0.0,0.9459988662507538,1.647031273662132,0.3022185887584361,1087.98691953037,2694.650258989967,1891.318589260168,-803.3316697297874,0.3022185887584361,0.7485139608305463,0.1214303456893898,3590,142,3448,480,2.6627477420597168,480,2.6627477420597168,458,2.8718725480345597,none,raw
413,1490400,3600,5.550653545767677,0.0,2.0632411170018714,0.5404118181595314,0.0,0.938872902482154,1.5894473862185716,0.4186803208611455,1507.249155100124,2879.98280892329,2193.6159820116536,-686.3668269115586,0.4186803208611455,0.7999952247009139,0.1303632823673854,3593,170,3423,480,3.527377277664289,480,3.527377277664289,466,3.678080716865297,none,raw
414,1494000,3600,5.156568797525639,0.0,2.142876458434781,0.599092110681553,0.0,0.7302402685693882,1.4688328809958064,0.2155270833714357,775.8975001371687,2587.755466807428,1681.8264834722274,-905.9289833350756,0.2155270833714357,0.7188209630020632,0.1213526809998049,3581,106,3475,432,2.2483831253754056,432,2.2483831253754056,400,2.5140245616815005,none,raw
415,1497600,3600,5.010102743722188,0.0,1.7309786806621772,0.4653507814116768,0.0,1.0492578208636532,1.677915380792082,0.0866000836315122,311.76030107344405,1860.49845703017,1086.1293790518223,-774.3690779783885,0.0866000836315122,0.516805126952825,0.087614138739311,3541,159,3382,480,1.01546797616413,480,1.01546797616413,460,1.0949992851118624,none,raw
416,1501200,3600,5.254720901086564,0.0,1.961363741062314,0.5189547598111652,0.0,0.817014651708812,1.6900409364194242,0.2673468149928962,962.4485339744264,2392.780684435081,1677.6146092046995,-715.1660752302932,0.2673468149928962,0.664661301231967,0.1118059491355189,3592,164,3428,480,2.38489051651235,480,2.38489051651235,456,2.60661165706346,none,raw
417,1504800,3600,4.853730588322764,-0.0039350199848616,1.916939832917884,0.5319459139265638,0.0,0.5523528415461091,1.7234112949047424,0.1330157280470655,478.8566209694359,2645.7394368951504,1562.2980289322695,-1083.4414079628696,0.1330157280470655,0.734927621359764,0.1255182267044301,3592,134,3458,480,1.3875174486569457,480,1.3875174486569457,440,1.7458410046085489,none,raw
418,1508400,3600,5.25585235154101,0.0,2.139479780405688,0.592790165594091,0.0,0.7959035711629389,1.5276428431290228,0.2000359879200001,720.1295565120006,2651.408922890032,1685.7692397010078,-965.6396831890358,0.2000359879200001,0.7365024785805643,0.1212964171156305,3598,93,3505,480,1.92563096829712,480,1.92563096829712,454,2.145252336237002,none,raw
419,1512000,3600,4.506987439155475,0.0,1.611337271280034,0.4537645227230309,0.0,0.5798749230008099,1.6954073514148087,0.1666033696616949,599.7721307821017,1809.572261743213,1204.6721962626884,-604.9000654806065,0.1666033696616949,0.502658961595337,0.0924738020254955,3571,190,3381,480,1.620128168591893,480,1.620128168591893,471,1.6482381201919594,none,raw
420,1515600,3600,5.319793600502114,0.0,2.09617760291036,0.5521129632657513,0.0,0.8223522209213561,1.589494656655672,0.2596561535364974,934.7621527313908,2781.097879059356,1857.9300158953276,-923.1678631639592,0.2596561535364974,0.7725271886275988,0.1275480636269137,3597,110,3487,432,2.6160396106381025,432,2.6160396106381025,410,2.8411605943743243,none,raw
421,1519200,3600,5.16348034791532,0.0,1.9344812907243372,0.5064758004424955,0.0,0.7505139021172587,1.6885244343346648,0.2834849207903023,1020.5457148450884,2477.012709356375,1748.7792121006903,-728.2334972556228,0.2834849207903023,0.6880590859323265,0.116505164564272,3593,189,3404,480,2.511014116314248,480,2.511014116314248,463,2.66627846693674,none,raw
422,1522800,3600,4.832173575570236,0.0,1.6800896940155745,0.4587965852204435,0.0,0.7100607355016038,1.7302626399839054,0.252963911593549,910.6700817367764,2243.9525529671514,1577.3113173519332,-666.6412356151883,0.252963911593549,0.6233201536019864,0.106109182326277,3585,178,3407,480,2.267456206207991,480,2.267456206207991,473,2.3113720333809327,none,raw
423,1526400,3600,5.373260643626046,0.0,2.099566256929841,0.5632119082475342,0.0,0.9089929754352332,1.5667598934149325,0.234729610690991,845.0265984875675,2746.504493320094,1795.7655459037917,-950.7389474162374,0.234729610690991,0.7629179148111371,0.1245063374768425,3596,117,3479,480,2.158249335821424,480,2.158249335821424,448,2.419104034429124,none,raw
424,1530000,3600,5.5724880693330565,0.0,2.066788604270269,0.5358163386012355,0.0,0.9206296317946132,1.6065766330717228,0.4426768599576968,1593.6366958477086,3185.6192299017903,2389.6279628747,-795.9912670270254,0.4426768599576968,0.8848942305282751,0.1418906235956386,3597,151,3446,480,3.718280553692651,480,3.718280553692651,448,4.090710053594318,none,raw
425,1533600,3600,5.519422280462491,0.0,2.053691685995449,0.5395344598366374,0.0,0.8942480382516256,1.630382452785344,0.4015656412219835,1445.6363083991407,2976.8137398876856,2211.225024143393,-765.588715744272,0.4015656412219835,0.8268927055243571,0.1337394188996316,3596,155,3441,480,3.410616926263077,480,3.410616926263077,455,3.697413514512442,none,raw
426,1537200,3600,5.496528821682764,0.0,2.101796879254989,0.558993230626488,0.0,0.8784370133435428,1.5933832656524665,0.3639184291258662,1310.1063448531186,2861.383341306314,2085.7448430797062,-775.6384982266104,0.3639184291258662,0.7948287059184206,0.1290749755638929,3597,153,3444,480,3.132022234038443,480,3.132022234038443,458,3.37402124857929,none,raw
427,1540800,3600,4.852656185734409,-0.000834653411714,2.054718451842552,0.5740327207029239,0.0,0.4597459575894774,1.6195750410079894,0.1454186708573138,523.5072150863297,2987.3238461189694,1755.4155306026275,-1231.9083155163198,0.1454186708573138,0.8298121794774915,0.1400649543330796,3571,94,3477,432,1.6676980577568192,432,1.6676980577568192,370,2.3161855824469075,none,raw
428,1544400,3600,5.034585900024201,-0.0038750445221422,1.999660783153652,0.5588931450547671,0.0,0.596047061395555,1.630368679706773,0.253491274959662,912.5685898547832,3044.449969130485,1978.509279492593,-1065.9406896378564,0.253491274959662,0.8456805469806904,0.1417702299651117,3594,123,3471,480,2.2950920740324627,480,2.2950920740324627,425,2.8248839614951424,none,raw
429,1548000,3600,4.649618724352266,-2.038989188302395e-05,2.0324495964176665,0.5718096531153735,0.0,0.4835106212452489,1.50717769828882,0.0546915512612047,196.88958454033724,3006.840677273492,1601.865130906901,-1404.9755463665776,0.0546915512612047,0.8352335214648587,0.1442245272670591,3595,83,3512,480,0.8198530748655252,480,0.8198530748655252,413,1.2928185468791074,none,raw
430,1551600,3600,5.029947429798388,0.0,1.6065112712892362,0.4556681102338382,0.0,0.9140800137807922,1.726101769616587,0.327586263048003,1179.3105469728107,2414.409524054887,1796.8600355138324,-617.5494885410453,0.327586263048003,0.6706693122374685,0.114106093759621,3564,161,3403,467,2.9050961177505084,467,2.9050961177505084,455,2.995527355314411,none,raw
431,1555200,3600,5.037215852212329,0.0,2.1259829173005715,0.5873765859758974,0.0,0.7314694241111301,1.4455449409475851,0.146841992173828,528.6311718257808,2599.299721768304,1563.9654467969767,-1035.3342749712106,0.146841992173828,0.7220277004911956,0.1228094027436744,3598,94,3504,480,1.5151593613815746,480,1.5151593613815746,440,1.799342904730762,none,raw
432,1558800,3600,5.25985611481799,0.0,2.025926984513908,0.5473443725256696,0.0,0.9789016221277798,1.5602971014571494,0.1473860327662245,530.5897179584082,2639.721680284609,1585.1556991214572,-1054.5659811630592,0.1473860327662245,0.7332560223012803,0.1211948147051371,3598,92,3506,480,1.509321293504852,480,1.509321293504852,454,1.692270296705109,none,raw
433,1562400,3600,4.982439042719392,0.0,2.0837367773711635,0.5810880065244578,0.0,0.9078362634660428,1.522372305532885,-0.112594314394249,-405.33953181929655,2161.3420975252006,878.0012828529761,-1283.3408146722093,-0.112594314394249,0.6003728048681113,0.1011800527197984,3597,67,3530,480,-0.4367250062442681,480,-0.4367250062442681,440,-0.2695066715958431,none,raw
434,1566000,3600,4.540485985018054,0.0,1.5097874524030817,0.4466867926363058,0.0,0.732029276604743,1.6935297185072054,0.1584527480471532,570.4298929697516,1888.4363227334047,1229.4331078516227,-659.0032148818495,0.1584527480471532,0.5245656452037236,0.0974206313880837,3533,169,3364,471,1.5844779710862655,471,1.5844779710862655,468,1.6013572510220475,none,raw
435,1569600,3600,5.005082321642354,-0.000315776199732,1.9444484948446104,0.5478480108670779,0.0,0.7237618995430349,1.6945498324703057,0.0947898553992492,341.2434794372974,2853.9601141203784,1597.601796778817,-1256.3583173415298,0.0947898553992492,0.7927666983667718,0.1328823920257423,3596,88,3508,480,1.1088366661208198,480,1.1088366661208198,431,1.4577762773525604,none,raw
436,1573200,3600,4.907721053638185,0.0,2.105580816500598,0.5981952006092188,0.0,0.811892620605574,1.4465078000293403,-0.0544553860258787,-196.03938969316337,2418.558693295881,1111.2596518013183,-1307.2990414944504,-0.0544553860258787,0.6718218592488558,0.1138583144437666,3597,82,3515,480,0.0106047245496924,480,0.0106047245496924,438,0.1850779747924105,none,raw
437,1576800,3600,4.886391859964934,-2.359807621785944e-05,2.0603060355389804,0.5714231687245722,0.0,0.803600346762312,1.490348426005084,-0.0392625217402517,-141.3450782649062,2592.902415074635,1225.778668404886,-1367.1237466697455,-0.0392625217402517,0.7202506708540652,0.1215429415567021,3597,71,3526,472,0.1359463123148569,472,0.1359463123148569,422,0.3557573955152114,none,raw
438,1580400,3600,4.597261760874341,0.0,1.477891428825332,0.4440600322967567,0.0,0.7630665010196034,1.6625367650847291,0.2497070349525229,898.9453258290827,2278.360191990992,1588.6527589100658,-689.707433080994,0.2497070349525229,0.6328778311086087,0.1146537197828707,3559,162,3397,480,2.242697029061173,480,2.242697029061173,472,2.3008007573720963,none,raw
439,1584000,3600,5.028079173717286,0.0,1.863282352491351,0.5189655690666168,0.0,0.7057851011303173,1.688156419224337,0.251889735504192,906.8030478150912,3275.9850444363856,2091.394046125671,-1184.5909983105994,0.251889735504192,0.9099958456767736,0.1522278635430978,3595,122,3473,480,2.294822208706833,480,2.294822208706833,429,2.833910857383107,none,raw
440,1587600,3600,5.53027976043988,0.0,1.9879988028985105,0.5500400126920836,0.0,1.005829703291492,1.6103222802219352,0.3760889642284826,1353.9202712225374,3116.334133134845,2235.127202178642,-881.2069309561184,0.3760889642284826,0.8656483703152348,0.1396146349385542,3599,123,3476,480,3.226574534693205,480,3.226574534693205,454,3.5151345972400923,none,raw
441,1591200,3600,5.385282596418013,0.0,2.046346527746865,0.5706756936517173,0.0,0.9141747695402194,1.525027551362628,0.3290580580072535,1184.6090088261126,3120.799468251716,2152.7042385389104,-968.0952297128252,0.3290580580072535,0.8668887411810322,0.1414105020002809,3600,87,3513,480,2.8891592410971865,480,2.8891592410971865,450,3.21443336195699,none,raw
442,1594800,3600,4.820103066504267,0.0,2.1086446498027898,0.6042029282217187,0.0,0.7504451565646786,1.447026151468981,-0.0902158157989325,-324.7769368761572,3404.3139562843826,1539.7685097040962,-1864.5454465802504,-0.0902158157989325,0.9456427656345509,0.1550412777109577,3600,53,3547,480,-0.2330760815942671,480,-0.2330760815942671,403,0.1022751072302269,none,raw
443,1598400,3600,5.398846105725453,0.0,1.926871106459707,0.5345861317982691,0.0,0.9903573992070313,1.6465709901943384,0.3004604816729451,1081.6577340226024,2962.323412390533,2021.9905732065508,-940.3328391839624,0.3004604816729451,0.8228676145529259,0.1346868180590096,3598,130,3468,480,2.657147482638908,480,2.657147482638908,448,2.9788930626904646,none,raw
444,1602000,3600,4.66287665532488,0.0,2.0532931656652,0.5840283114168179,0.0,0.65054339200287,1.4069370596242967,-0.0319252698883966,-114.93097159822774,3482.083119803066,1683.5760741024085,-1798.507045700646,-0.0319252698883966,0.9672453110564072,0.1630095239845655,3599,53,3546,480,0.2036053275495697,480,0.2036053275495697,424,0.5044197175132737,none,raw
445,1605600,3600,5.11477533632372,0.0,2.0504579865030523,0.5816504840351392,0.0,0.7742238232282549,1.4430031938269394,0.2654398510572777,955.5834638061996,3011.526118149686,1983.5547909778843,-1027.9713271716937,0.2654398510572777,0.8365350328193573,0.1406037414261261,3599,112,3487,480,2.4173091690614825,480,2.4173091690614825,432,2.8771203139224664,none,raw
446,1609200,3600,4.904954557916434,0.0,1.643736032750181,0.4712363333598485,0.0,0.6399621968020031,1.712969186472147,0.4370508120507659,1573.382923382757,2999.4883347251,2286.435629053902,-713.0527056711645,0.4370508120507659,0.8331912040903053,0.1461628062424548,3599,170,3429,450,3.916349223594401,450,3.916349223594401,427,4.237791774993202,none,raw
447,1612800,3600,5.102918792389747,0.0,1.9994629036528777,0.5516441287962767,0.0,0.8939392703521316,1.551192873487722,0.1066796194881709,384.0466301574154,2310.3603171377144,1347.2034736475623,-963.156843490173,0.1066796194881709,0.6417667547604763,0.1094917208254483,3600,83,3517,447,1.305270570719058,447,1.305270570719058,405,1.6019004745410637,none,raw
448,1616400,3600,4.693293692540983,0.0,1.8214482841861983,0.5350552783632002,0.0,0.4909170977500292,1.7107058339106878,0.135167194721416,486.6019009970977,2912.07007542958,1699.3359882133043,-1212.7340872162436,0.135167194721416,0.8089083542859944,0.1413786761819458,3596,116,3480,480,1.4077854801821394,480,1.4077854801821394,443,1.6889231649069667,none,raw
449,1620000,3600,5.322203627013304,0.0,1.872752064641044,0.503864613137169,0.0,0.8844848681843428,1.61024932176029,0.4508527657072331,1623.0699565460393,3236.735759529272,2429.902858037633,-806.8329014916054,0.4508527657072331,0.8990932665359088,0.1496378120027792,3600,166,3434,480,3.777382584909438,480,3.777382584909438,451,4.128404331272531,none,raw
450,1623600,3600,4.880868292864082,0.0,2.018465861695353,0.5686762355407141,0.0,0.8244699166738628,1.5098458879666732,-0.0405896069068513,-146.1225848646647,2499.067516521925,1176.4724658286516,-1322.5950506932656,-0.0405896069068513,0.6941854212560903,0.1181086601461594,3599,65,3534,480,0.1124301481429008,480,0.1124301481429008,437,0.3121321261499038,none,raw
451,1627200,3600,5.366699443182184,0.0,1.961927770081152,0.5392223841743424,0.0,0.8837373525097885,1.5815041981053424,0.4003077400249463,1441.1078640898068,3013.824505361659,2227.4661847257275,-786.3583206359331,0.4003077400249463,0.8371734737115719,0.1386558536827753,3599,119,3480,460,3.562379069622362,460,3.562379069622362,436,3.8565632327221833,none,raw
452,1630800,3600,4.7868278909827735,0.0,1.8554289873049996,0.5305513905869533,0.0,0.7899711627132021,1.6419743304876262,-0.0310979823993892,-111.95273663780144,2350.845360638413,1119.4463120002822,-1231.3990486380426,-0.0310979823993892,0.653012600177337,0.1132822900059822,3596,75,3521,480,0.1617169211997632,480,0.1617169211997632,442,0.3215405059817108,none,raw
453,1634400,3600,4.852956350864713,0.0,1.819087772094314,0.5392920568600575,0.0,0.6122714576618676,1.708323520810732,0.1739815450748903,626.3335622696053,2875.5660498310976,1750.9498060503115,-1124.6162437807543,0.1739815450748903,0.7987683471753049,0.1383782880714053,3593,115,3478,480,1.7021965052155283,480,1.7021965052155283,448,1.968648386725905,none,raw
454,1638000,3600,4.768660537791956,-0.0001728761030528,2.0862436896545558,0.597416654673379,0.0,0.7365458317272497,1.4183176053239377,-0.0696903650040801,-250.8853140146885,3079.2949778962634,1414.204831940786,-1665.0901459554684,-0.0696903650040801,0.8553597160822954,0.1436278410186112,3599,48,3551,480,-0.0929985047264288,480,-0.0929985047264288,405,0.2533859434348827,none,raw
455,1641600,3600,4.992376764121259,0.0,1.9287840739702204,0.5656904627793893,0.0,0.6636269400017574,1.6562404686902392,0.178034817306862,640.9253423047035,2774.563299438744,1707.7443208716943,-1066.8189785670031,0.178034817306862,0.7707120276218732,0.132215500505396,3598,105,3493,434,1.9510299072155932,434,1.9510299072155932,383,2.4350628884406547,none,raw
456,1645200,3600,4.849407308569304,0.0,1.796464966320305,0.5113801058742948,0.0,0.6913301566524166,1.7459651930349402,0.1042668824414441,375.36077678919895,2869.830158428488,1622.5954676088277,-1247.234690819638,0.1042668824414441,0.7971750440079133,0.1374981869892611,3595,81,3514,432,1.3127298373569158,432,1.3127298373569158,384,1.7375491758010315,none,raw
457,1648800,3600,4.739760468224477,0.0,1.9641726700445807,0.5753631547005502,0.0,0.6541791398586135,1.5022377032719023,0.0438078072388411,157.70810605982808,3058.7225858366114,1608.2153459482138,-1450.5072398883992,0.0438078072388411,0.8496451627323921,0.1463506298456032,3598,92,3506,480,0.7562379959509363,480,0.7562379959509363,411,1.1869069362288027,none,raw
458,1652400,3600,4.933291699834,0.0,1.8438254061584851,0.5337674318356226,0.0,0.7011032257815252,1.7151607238879605,0.1394349103119338,501.96567712296167,2724.309655092926,1613.1376661079144,-1111.1719889849949,0.1394349103119338,0.7567526819702571,0.1306278670196431,3565,109,3456,432,1.611634053335712,432,1.611634053335712,400,1.9087890787034536,none,raw
459,1656000,3600,4.7805426518318805,0.0,1.4438797734124316,0.4256658096374164,0.0,1.1530358444778537,1.673992497349142,0.08396872548255,302.2874117371802,2012.8548105715693,1157.5711111543987,-855.2836994172037,0.08396872548255,0.5591263362698804,0.0986007811656227,3594,155,3439,480,1.0060185739511485,480,1.0060185739511485,456,1.0957317611913948,none,raw
460,1659600,3600,4.8253826554937245,0.0,2.073260241789622,0.5997167619331496,0.0,0.7154320126234334,1.4557699629017162,-0.0187963245779546,-67.66676848063656,3195.315299938738,1563.824265729046,-1631.4910342096896,-0.0187963245779546,0.8875875833163162,0.1482816126107649,3600,44,3556,439,0.3417917004520315,439,0.3417917004520315,368,0.7795254359433731,none,raw
461,1663200,3600,5.379240420071615,0.0,1.979393436904616,0.5573957067597797,0.0,1.0445289665788855,1.5206317536994198,0.2772905548807263,998.2459975706148,2871.711198036486,1934.978597803558,-936.7326002329507,0.2772905548807263,0.7976975550101351,0.1309610417520738,3600,102,3498,480,2.497753688199654,480,2.497753688199654,448,2.7784213378950957,none,raw
462,1666800,3600,5.157190693448194,0.0,1.755223190612896,0.4910494827964866,0.0,0.7669920411786983,1.70304269435138,0.4408832836004114,1587.1798209614813,3345.613962472222,2466.396891716784,-879.2170707553283,0.4408832836004114,0.9293372117978392,0.157437439448306,3594,175,3419,480,3.6950240108793326,480,3.6950240108793326,441,4.17631567415757,none,raw
463,1670400,3600,5.082620324207884,0.0,1.7453058480239436,0.512420564296299,0.0,0.93490480368496,1.6861420215683856,0.203847076756716,733.8494763241778,2437.160381995574,1585.5049291597911,-851.65545283565,0.203847076756716,0.6769889949987705,0.1171257952359166,3565,107,3458,432,2.142804780392245,432,2.142804780392245,411,2.2782388008650853,none,raw
464,1674000,3600,5.391160899560071,0.0,1.9640394183669727,0.5345476621685719,0.0,1.1037064367839513,1.5486829381667444,0.2401844434565135,864.6639964434487,2930.615116068185,1897.6395562557643,-1032.9755598123306,0.2401844434565135,0.8140597544633847,0.1326424736076705,3600,122,3478,480,2.208706320911217,480,2.208706320911217,428,2.5935721495217567,none,raw
465,1677600,3600,5.070267054388144,0.0,1.8930342142766972,0.5485153235065627,0.0,0.8462046970006741,1.6406550023527375,0.1418578166896007,510.6881400825626,3074.219433411425,1792.453786746959,-1281.7656466644378,0.1418578166896007,0.8539498426142847,0.142698603301665,3599,107,3492,480,1.4537156322729587,480,1.4537156322729587,419,1.862880035830881,none,raw
466,1681200,3600,4.918361732454764,-3.07176742336388e-05,2.0855652625632586,0.5915034147906247,0.0,0.8676572539051927,1.414378725704037,-0.0407122092699285,-146.56395337174268,3296.5906127746903,1575.0133297014588,-1721.5772830732035,-0.0407122092699285,0.915719614659636,0.1499033697751416,3599,65,3534,480,0.13986258669936,480,0.13986258669936,403,0.5114708461881404,none,raw
467,1684800,3600,5.471904499623925,0.0,1.9805863032563416,0.546566510536088,0.0,1.093684939314417,1.5653621752264426,0.2857045748819139,1028.53646957489,2901.526021926991,1965.0312457509308,-936.4947761760668,0.2857045748819139,0.8059794505352752,0.1305232277418355,3600,102,3498,444,2.7811193789298585,444,2.7811193789298585,410,3.1516698023642293,none,raw
468,1688400,3600,5.057621248274421,0.0,2.024130291681986,0.5774180254475876,0.0,0.9901582076531747,1.4684822020412316,-0.0025674800583054,-9.242928209899716,2445.9332936013184,1218.345182695643,-1227.5881109055106,-0.0025674800583054,0.6794259148892551,0.1138725033796833,3599,86,3513,480,0.3992151645306458,480,0.3992151645306458,428,0.619365483454386,none,raw
469,1692000,3600,4.925133625499762,-1.527628062428012e-07,1.9920143095015184,0.5674833403181403,0.0,0.9600512364661976,1.4805845823285946,-0.0749996956117666,-269.99890420235977,2219.1153347339305,974.5582152657872,-1244.5571194680972,-0.0749996956117666,0.6164209263149807,0.1053052272865314,3599,66,3533,432,-0.1342650382326043,432,-0.1342650382326043,391,-0.0142526518679469,none,raw
470,1695600,3600,5.32336193474941,0.0,1.4473325173412714,0.4310653323952413,0.0,1.6920864570132466,1.6598693201437953,0.0930083104466413,334.8299176079088,2102.0669656003647,1218.448441604141,-883.6185239962339,0.0930083104466413,0.5839074904445457,0.0966537317864242,3518,166,3352,480,1.0465579075755496,480,1.0465579075755496,452,1.152124874996828,none,raw
471,1699200,3600,5.031517005595637,0.0,1.8466046002086385,0.5426269923553445,0.0,0.8476036839042665,1.6367667185571018,0.1579150107822186,568.4940388159871,3115.9471760062625,1842.2206074110795,-1273.7265685951509,0.1579150107822186,0.8655408822239617,0.1448877049070941,3596,98,3498,480,1.5740249311867152,480,1.5740249311867152,435,1.8819293474615315,none,raw
472,1702800,3600,5.097683249804734,0.0,1.8784275261330932,0.5548199497107403,0.0,0.7698818729435524,1.6212394120760314,0.2733144947777422,983.932181199872,3447.46006592085,2215.6961235603144,-1231.7639423604635,0.2733144947777422,0.957627796089125,0.1586487435972733,3596,133,3463,480,2.4521878844614884,480,2.4521878844614884,443,2.8571777586269724,none,raw
473,1706400,3600,5.133152533422432,0.0,1.8610035759812589,0.5619985681853928,0.0,0.7920013691506038,1.6501201693057437,0.2680288455226653,964.9038438815952,2953.045599902503,1958.974721892,-994.0708780104042,0.2680288455226653,0.820290444417362,0.1384723777317161,3589,131,3458,432,2.6928914708186915,432,2.6928914708186915,402,3.055187782296054,none,raw
474,1710000,3600,5.348583747069869,0.0,1.9488355636203425,0.5633037420028891,0.0,1.0645830773545009,1.515679782764371,0.2561815831361486,922.2536992901348,2981.4874293291136,1951.8705643096048,-1029.6168650195295,0.2561815831361486,0.8281909525914205,0.1353644451343758,3598,108,3490,480,2.330479024036141,480,2.330479024036141,445,2.626897219968725,none,raw
475,1713600,3600,5.10594654870323,0.0,1.848762764302748,0.5582621790565354,0.0,0.8369845055036128,1.6042789730260554,0.2576581309440524,927.5692713985889,3320.670276465869,2124.1197739321856,-1196.5505025335983,0.2576581309440524,0.922408410129408,0.1538803384957042,3598,130,3468,480,2.323380966068062,480,2.323380966068062,433,2.792202751615847,none,raw
476,1717200,3600,5.375337768287864,0.0,1.8558787865353208,0.5386912828650262,0.0,1.1191529825816278,1.5564986892940986,0.3051160367694248,1098.4177323699294,3001.100343969837,2049.75903816982,-951.3413057999136,0.3051160367694248,0.8336389844360657,0.1365401183042278,3599,130,3469,480,2.679453713531616,480,2.679453713531616,445,2.9716136411265044,none,raw
477,1720800,3600,4.843687253101057,0.0,1.4025274023899486,0.4806923412158224,0.0,1.130566452819965,1.702957203138444,0.1269438541490006,456.9978749364023,2065.9457121311025,1261.4717935337585,-804.4739185973792,0.1269438541490006,0.5738738089253063,0.1023366742558087,3526,122,3404,451,1.4013968889310835,451,1.4013968889310835,436,1.4798183816019943,none,raw
478,1724400,3600,5.369102943014974,0.0,1.8501707892640584,0.5334890274398677,0.0,1.1329275833376762,1.5513489384532444,0.3011665980687354,1084.1997530474475,2980.037611085322,2032.1186820663152,-947.9189290189088,0.3011665980687354,0.8277882253014783,0.1358841530819605,3598,120,3478,480,2.646382717901882,480,2.646382717901882,455,2.868244541673141,none,raw
479,1728000,3600,4.742026978174367,0.0,1.284660979966356,0.4704221469534571,0.0,1.174108078907394,1.6797443531924454,0.1330914187401556,479.1291074645601,2098.89977210145,1289.0144397829797,-809.8853323184588,0.1330914187401556,0.5830277144726249,0.1045047547069718,3421,151,3270,480,1.34028141818952,480,1.34028141818952,470,1.3916579035762684,none,raw
480,1731600,3600,5.199195074549773,0.0,1.696201601577508,0.532345520700968,0.0,1.0262142704927333,1.7020265873305749,0.2424070934264596,872.6655363352547,3040.8808111953067,1956.7731737652227,-1084.107637430025,0.2424070934264596,0.8446891142209185,0.1407812854488084,3588,141,3447,480,2.184945779367174,480,2.184945779367174,447,2.444498500679777,none,raw
481,1735200,3600,5.002550606833409,0.0,1.0420114331487191,0.3923459520303177,0.0,1.5212190205882716,1.652479045125928,0.3944951597006101,1420.1825749221964,2582.292420901802,2001.2374979119973,-581.0549229898337,0.3944951597006101,0.7173034502505006,0.1252862339268389,3373,200,3173,480,3.290275501569599,480,3.290275501569599,476,3.3203203246115045,none,raw
482,1738800,3600,5.428459869944232,0.0,1.673318582961119,0.5068314843401655,0.0,1.1994248870272552,1.6884704992608677,0.3604144151240007,1297.4918944464027,2595.531568957786,1946.5117317020256,-649.0198372556633,0.3604144151240007,0.7209809913771628,0.1208976290812384,3590,175,3415,480,3.061452672744851,480,3.061452672744851,463,3.2059657093735154,none,raw
483,1742400,3600,5.069798286374296,0.0,2.012674545822851,0.5899470954826914,0.0,0.9677523388740932,1.4409336230031904,0.0584906868600944,210.56647269633987,2957.9526421698365,1584.2595574330471,-1373.6930847367264,0.0584906868600944,0.8216535117138435,0.1361578601244576,3599,104,3495,480,0.84446884192679,480,0.84446884192679,430,1.1154949687069098,none,raw
484,1746000,3600,5.364338747163614,0.0,1.8197302442855028,0.5329307623228595,0.0,1.173161724128388,1.5540928459169738,0.2844231711176373,1023.9234160234944,2975.1176340898355,1999.5205250565843,-975.5971090331266,0.2844231711176373,0.8264215650249543,0.1355995790093459,3599,121,3478,480,2.5158651472083573,480,2.5158651472083573,447,2.7574575149754925,none,raw
485,1749600,3600,5.5852784264936215,-9.740381614200348e-05,1.8685315479371487,0.5441009263665799,0.0,1.1033936587122664,1.5701064455303264,0.4992432569075132,1797.2757248670475,3018.7590357140066,2408.017380290523,-610.7416554235107,0.4992432569075132,0.838544176587224,0.1370310104454576,3594,156,3438,432,4.611322756478006,432,4.611322756478006,407,4.964662751627701,none,raw
486,1753200,3600,4.882742220065039,0.0,1.3758854147651116,0.4811241799763602,0.0,1.18297816616288,1.7121577297483477,0.1305967309710034,470.1482314956123,2080.271145971165,1275.209688733361,-805.06145723778,0.1305967309710034,0.5778530961031014,0.1017148775311819,3556,119,3437,432,1.494535786031728,432,1.494535786031728,423,1.5482233222730235,none,raw
487,1756800,3600,5.179198780282555,0.0,1.4824468439471097,0.4891056340106814,0.0,1.256184187762286,1.7041735878974609,0.2472885235661757,890.2386848382325,2434.366182700132,1662.302433769062,-772.0637489308674,0.2472885235661757,0.6762128285278144,0.1151064581446926,3579,151,3428,480,2.217862113184452,480,2.217862113184452,470,2.291920679652153,none,raw
488,1760400,3600,5.203028239573145,0.0,1.580205211843967,0.4936591159544402,0.0,1.103070307714331,1.705057137292335,0.3210364624622265,1155.7312648640154,3228.13703832091,2191.934151592418,-1036.2028867284444,0.3210364624622265,0.8967047328669194,0.1497788163463694,3591,166,3425,480,2.7676619048352458,480,2.7676619048352458,440,3.118831102075679,none,raw
489,1764000,3600,5.629947716609523,0.0,1.7439433669949034,0.4963924542843156,0.0,1.3082200632354417,1.5843534895638025,0.4970383410230064,1789.3380276828232,3256.811523831957,2523.07477575736,-733.7367480745525,0.4970383410230064,0.9046698677310993,0.1457826192329448,3596,181,3415,480,4.096123414676094,480,4.096123414676094,453,4.401136612702104,none,raw
490,1767600,3600,4.77778314995269,0.0,1.3166803502502886,0.4657524231596078,0.0,1.1787609879165653,1.701951573345442,0.1146378176371119,412.6961434936029,2259.895188823304,1336.2956661583758,-923.5995226647938,0.1146378176371119,0.6277486635620289,0.1093942448375502,3562,133,3429,480,1.2206853657786128,480,1.2206853657786128,453,1.3467885953552112,none,raw
491,1771200,3600,4.902606815124551,0.0,0.9273093136178472,0.372497242308378,0.0,1.508678507065914,1.643643636019661,0.4504781146191156,1621.7212126288164,2750.087812301909,2185.9045124653485,-564.1832998366095,0.4504781146191156,0.7639132811949747,0.1337089480575716,3557,208,3349,480,3.723837095371421,480,3.723837095371421,476,3.75431350124512,none,raw
492,1774800,3600,5.140809156658749,0.0,0.9679590367135014,0.3812931368182042,0.0,1.6503505971523758,1.7350311227287645,0.4061752664254584,1462.2309591316505,2582.279881582972,2022.255420357288,-560.0244612256898,0.4061752664254584,0.7172999671063811,0.1230185521810839,3559,184,3375,440,3.700912428952172,440,3.700912428952172,436,3.733578959956452,none,raw
493,1778400,3600,5.26587577239067,0.0,1.5267429706088418,0.4710339215498513,0.0,1.17774846691412,1.6929974026890628,0.3973530128978716,1430.4708464323378,2721.850010069444,2076.1604282508547,-645.6895818185443,0.3973530128978716,0.7560694472415121,0.129651886768617,3596,197,3399,480,3.333788904865389,480,3.333788904865389,464,3.474392913537993,none,raw
494,1782000,3600,5.46304162099647,0.0,1.0699002725334446,0.3944246868021996,0.0,1.8615039701956355,1.7531833837587467,0.3840293089605906,1382.505512258126,2518.547744167322,1950.5266282126463,-568.021115954585,0.3840293089605906,0.6995965956020339,0.1168494265124477,3577,186,3391,446,3.473372422410472,446,3.473372422410472,440,3.519156819367109,none,raw
495,1785600,3600,5.117487062719237,0.0,1.6592069238809553,0.511894116439337,0.0,1.2045609804232935,1.6297955858256106,0.1120294597449411,403.306055081788,2556.228180263656,1479.7671176726135,-1076.461062590841,0.1120294597449411,0.7100633834065712,0.1199661320877136,3594,115,3479,480,1.2107877296241023,480,1.2107877296241023,451,1.370154498903877,none,raw
496,1789200,3600,5.118623163610076,0.0,1.6312360133501524,0.524016550352995,0.0,1.069594799197539,1.702039778042237,0.1917360256737176,690.2496924253834,2875.140656090748,1782.6951742580063,-1092.4454818326833,0.1917360256737176,0.79865018224743,0.1345412188006408,3597,129,3468,480,1.8001627886262166,480,1.8001627886262166,445,2.016399816105651,none,raw
497,1792800,3600,5.215462265043623,0.0,1.5872378117822543,0.5046315632961995,0.0,1.0930634257526264,1.723687925501178,0.3068415346442946,1104.6295247194605,3174.050263802368,2139.339894260869,-1034.7103695414462,0.3068415346442946,0.881680628833991,0.1467105848177136,3591,160,3431,480,2.6565609180748475,480,2.6565609180748475,439,2.980589484613282,none,raw
498,1796400,3600,5.457114420135816,0.0,1.8448495710706316,0.5543795798550089,0.0,1.2156894768025002,1.542792263077754,0.2994035356602764,1077.852728376995,2965.085391828325,2021.469060102616,-943.6163317256992,0.2994035356602764,0.8236348310634236,0.1338016604237488,3598,119,3479,480,2.6188367896601767,480,2.6188367896601767,442,2.941095527029574,none,raw
499,1800000,3600,5.737858656713118,0.0,1.8722101924660115,0.5557211396438605,0.0,1.2158861557686451,1.5538811071295189,0.540160061416434,1944.5762210991625,3106.8428350144504,2525.7095280567983,-581.1333069576833,0.540160061416434,0.8630118986151252,0.138013730670157,3559,154,3405,432,4.92814576304891,432,4.92814576304891,407,5.292814571188119,none,raw
500,1803600,3600,4.097326069687778,0.0,0.7786211155502035,0.369493635629363,0.0,1.069457316268842,1.6371180153798333,0.2426359858528137,873.4895490701294,1989.8421920288265,1431.665870549497,-558.1763214794413,0.2426359858528137,0.5527339422302295,0.1074656280027828,3482,189,3293,480,2.151044434413941,480,2.151044434413941,480,2.151044434413941,none,raw
501,1807200,3600,5.191090683783404,0.0,1.9502627142194005,0.5911323490406512,0.0,1.1143146108815365,1.4418833813554763,0.0934976247936762,336.5914492572344,2671.733211450388,1504.1623303537071,-1167.5708810964593,0.0934976247936762,0.7421481142917744,0.1229727782436111,3598,117,3481,480,1.0794395098177063,480,1.0794395098177063,439,1.2933157297962057,none,raw
502,1810800,3600,5.287881394727156,0.0,1.621513849638795,0.5041972157610854,0.0,1.1494720055137102,1.69609136397369,0.3166069563055461,1139.785042699966,3241.834754130471,2190.809898415168,-1051.0248557152406,0.3166069563055461,0.9005096539251308,0.1483584018775007,3591,160,3431,480,2.7312092664156324,480,2.7312092664156324,440,3.090087177563282,none,raw
503,1814400,3600,5.12326561592778,0.0,1.9372292205356252,0.5780997845581337,0.0,1.214524438107735,1.4610914461098004,-0.0676792803628583,-243.6454093062899,2462.0657591282024,1109.2101749109936,-1352.8555842172143,-0.0676792803628583,0.6839071553133895,0.1131281580587105,3599,81,3518,480,-0.1208471786056043,480,-0.1208471786056043,422,0.0448754111244126,none,raw
504,1818000,3600,5.204599987767223,-0.000557771180259,2.0217188305351828,0.6240691983533415,0.0,1.1169966028253766,1.4198002318034004,0.0225728941656491,81.262418996337,3288.209186114288,1684.7358025552794,-1603.4733835589595,0.0225728941656491,0.9133914405873024,0.1462950312960011,3600,74,3526,480,0.5691917563675706,480,0.5691917563675706,428,0.8615327850348428,none,raw
505,1821600,3600,4.785569514911105,0.0,1.1251086122295997,0.4331253638352839,0.0,1.2472123006358973,1.687819726924313,0.2923035138444642,1052.2926498400711,2238.342158939165,1645.3174043896158,-593.0247545496426,0.2923035138444642,0.6217617108164348,0.1127983179309037,3466,176,3290,477,2.5464258162149904,477,2.5464258162149904,464,2.626632172184701,none,raw
506,1825200,3600,5.228071890103942,0.0,1.952677321660788,0.6036345986518564,0.0,1.136608911577475,1.4716622962362105,0.0634887603792621,228.55953736534383,2457.404403045812,1342.9819702055051,-1114.422432840125,0.0634887603792621,0.6826123341793922,0.113607343367753,3579,106,3473,432,0.9674374327529944,432,0.9674374327529944,396,1.176491475088433,none,raw
507,1828800,3600,5.367486830608816,0.0,1.6709495375137744,0.5293950420443041,0.0,1.154715217178213,1.7050691950919377,0.3073578377726004,1106.4882159813617,3184.286619670096,2145.387417825684,-1038.8992018443653,0.3073578377726004,0.884524061019471,0.1446005868956632,3598,146,3452,480,2.6624356803982137,480,2.6624356803982137,439,3.013417862006051,none,raw
508,1832400,3600,5.646812601921459,0.0,1.7850197284970228,0.5374538642505544,0.0,1.2937962183859353,1.6002845701486514,0.4302582245923185,1548.9296085323467,2989.779330366689,2269.354469449458,-720.4248609171509,0.4302582245923185,0.8304942584351914,0.1340629058322566,3600,158,3442,480,3.590129910563149,480,3.590129910563149,455,3.837737468906513,none,raw
509,1836000,3600,5.367788781353583,0.0,1.6166479511213925,0.5097913136241783,0.0,1.2363708109903786,1.6970385486703845,0.3079401581372871,1108.5845692942337,2553.643991462798,1831.114280378428,-722.5297110842196,0.3079401581372871,0.7093455531841106,0.1194590633790166,3599,177,3422,480,2.662655561551679,480,2.662655561551679,463,2.790134113117741,none,raw
510,1839600,3600,5.437143412472991,0.0,1.6608265486453957,0.5257565346376882,0.0,1.1264530432677944,1.7372315575779202,0.3868757283763516,1392.7526221548658,3372.7329896676097,2382.742805911178,-989.990183756373,0.3868757283763516,0.9368702749076694,0.1519031139081351,3597,182,3415,480,3.2606636186286364,480,3.2606636186286364,440,3.665481861958877,none,raw
511,1843200,3600,5.369236631156463,0.0,1.0571170438614068,0.3922970944190299,0.0,1.796372061194304,1.7365342307903069,0.3869162014808195,1392.8983253309505,2591.029909279503,1991.9641173051384,-599.0657919742551,0.3869162014808195,0.7197305303554176,0.1217218432999816,3522,191,3331,480,3.2335877809472664,480,3.2335877809472664,476,3.264128840232375,none,raw
512,1846800,3600,5.420283090116767,0.0,1.65668884851345,0.5217486283062184,0.0,1.1914511844285884,1.7091935454786429,0.3412008817186022,1228.323174186968,2607.1384758482795,1917.7308250175577,-689.4076508306223,0.3412008817186022,0.7242051321800776,0.1213262153953087,3599,165,3434,480,2.9139307287345786,480,2.9139307287345786,464,3.041447877290869,none,raw
513,1850400,3600,5.137119901175869,0.0,1.8665909039525197,0.572266430097242,0.0,1.228680096438648,1.547578585314236,-0.0779961095498099,-280.7859943793157,2260.416029010996,989.8150173158637,-1270.6010116950883,-0.0779961095498099,0.6278933413919433,0.1046761181214929,3600,101,3499,480,-0.2066018088137662,480,-0.2066018088137662,432,-0.0881622802839291,none,raw
514,1854000,3600,5.183961639675933,0.0,0.9773620906053088,0.3880972947446753,0.0,1.6676331458647764,1.7208790820463158,0.4299900180740351,1547.9640650665265,2736.0549401621456,2142.009502614306,-594.0454375478449,0.4299900180740351,0.7600152611561516,0.1288755195766122,3505,203,3302,479,3.5660372850786555,479,3.5660372850786555,475,3.5961571701309443,none,raw
515,1857600,3600,5.227551824659523,0.0,1.9472508199912384,0.5939008010841882,0.0,1.1898008667691793,1.4705384395586023,0.0260608931024809,93.81921516893144,2392.015234092079,1242.9172246304008,-1149.0980094614226,0.0260608931024809,0.6644486761366886,0.1106181307969242,3600,101,3499,441,0.6336748912288139,441,0.6336748912288139,403,0.8160712753106494,none,raw
516,1861200,3600,5.205259956500183,0.0,1.931917848100989,0.5796026698189317,0.0,1.226200469198227,1.4775232082130934,-0.0099842387965301,-35.94325966750869,2524.8733796104552,1244.4650599713636,-1280.4083196388224,-0.0099842387965301,0.7013537165584598,0.1156863012232385,3599,107,3492,480,0.3136949460073344,480,0.3136949460073344,452,0.4274317881446781,none,raw
517,1864800,3600,5.359762341268878,0.0,1.7457146410855808,0.5474344926698932,0.0,1.0849821540832745,1.686693021948705,0.2949380277956475,1061.776900064331,3384.258547700448,2223.0177238823053,-1161.240823818022,0.2949380277956475,0.94007181880568,0.1522244580327977,3600,149,3451,480,2.5774866843791524,480,2.5774866843791524,433,3.022815086052846,none,raw
518,1868400,3600,5.281760819287609,0.0,1.000243500706983,0.3931085942196904,0.0,1.7220745286177097,1.752248025323954,0.4140861723413155,1490.710220428736,2536.402906655332,2013.5565635420105,-522.8463431133229,0.4140861723413155,0.7045563629598145,0.1191499337936905,3542,179,3363,432,3.833354090962641,432,3.833354090962641,427,3.879119174624159,none,raw
519,1872000,3600,5.600780982155767,0.0,1.9186220570538477,0.5856850562498517,0.0,1.2595280630547216,1.524627677549869,0.3123181328122989,1124.345278124276,2937.1511526748804,2030.748215399544,-906.4029372753554,0.3123181328122989,0.8158753201874668,0.130798908987188,3600,135,3465,480,2.7211547060614256,480,2.7211547060614256,445,3.03756316990087,none,raw
520,1875600,3600,5.3381302449735815,0.0,1.986636430671785,0.6216942245189405,0.0,1.1049120319534986,1.479596905578303,0.1452906524857517,523.0463489487064,2738.131088383678,1630.5887186661112,-1107.542369717433,0.1452906524857517,0.7605919689954661,0.1248359913659142,3600,142,3458,480,1.4793631295104548,480,1.4793631295104548,453,1.666399910041998,none,raw
521,1879200,3600,5.408081518581861,0.0,1.8726388843877029,0.5800158366854076,0.0,1.2028247484360928,1.562592449661131,0.1900096034838428,684.0345725418341,2647.2581882760514,1665.6463804088528,-981.6118078670622,0.1900096034838428,0.7353494967433476,0.1209198761653128,3600,112,3488,480,1.7945261301386797,480,1.7945261301386797,451,1.9878755345300576,none,raw
522,1882800,3600,5.575724815253893,0.0,1.804068464573063,0.5455266513679514,0.0,1.153563310323202,1.5978811675325642,0.474685214992577,1708.866773973277,3051.898559528588,2380.3826667508984,-671.515892777632,0.474685214992577,0.8477495998690521,0.1390277219719346,3600,164,3436,480,3.923747786908195,480,3.923747786908195,453,4.216642805599846,none,raw
523,1886400,3600,5.278465645722835,0.0,1.185297694090949,0.4243011386141318,0.0,1.619766763731859,1.7139757588231823,0.3351242915760966,1206.447449673948,2386.03804443041,1796.2427470521725,-589.7952973782664,0.3351242915760966,0.6627883456751139,0.1136232964546939,3576,174,3402,480,2.8580816577201147,480,2.8580816577201147,476,2.882674224718535,none,raw
524,1890000,3600,5.309509863608207,0.0,1.7314767840562588,0.5393744913447349,0.0,1.046848073869575,1.6997326491954663,0.2920778664154355,1051.480319095568,3174.9553304699243,2113.2178247827023,-1061.737505687185,0.2920778664154355,0.8819320362416456,0.1455027927840674,3600,147,3453,480,2.548430437129809,480,2.548430437129809,438,2.940382857906367,none,raw
525,1893600,3600,5.4336870812371165,0.0,1.9823872493964427,0.6141877415827873,0.0,1.090881826194866,1.4483945445812714,0.2978357233890696,1072.2086042006506,2894.7085397354185,1983.458571967927,-911.2499677672896,0.2978357233890696,0.8040857054820607,0.1324755864005707,3600,143,3457,480,2.6197605110486237,480,2.6197605110486237,432,3.0320116761208045,none,raw
526,1897200,3600,5.54816706388154,0.0,1.8793522847440527,0.5866247106044068,0.0,1.1077324048503672,1.5866685077189069,0.387789156530322,1396.0409635091594,2709.637988096589,2052.8394758028794,-656.7985122937597,0.387789156530322,0.7526772189157193,0.124363140062065,3600,125,3475,452,3.481621889015325,452,3.481621889015325,438,3.627533227112309,none,raw
527,1900800,3600,5.34851715041221,0.0,1.6919199718406208,0.5439262978979759,0.0,0.9854607084169956,1.7271778350913378,0.4000323341606751,1440.1164029784302,3292.000073298213,2366.0582381382487,-925.9418351598878,0.4000323341606751,0.9144444648050593,0.1519322528863734,3600,157,3443,480,3.3539912878812825,480,3.3539912878812825,447,3.730589424310224,none,raw
528,1904400,3600,4.863894806974567,0.0,1.0828380380420672,0.4271154752768052,0.0,1.4259005901170578,1.669125296458687,0.2589154106635929,932.0954783889346,2111.934292902534,1522.014885645765,-589.919407256861,0.2589154106635929,0.5866484146951483,0.1065844102843413,3565,184,3381,480,2.280000500611821,480,2.280000500611821,476,2.298241061162408,none,raw
529,1908000,3600,4.890330851452891,0.0,1.2708480728062412,0.481537592913618,0.0,1.2706756630512988,1.6847281344128973,0.1825413913090484,657.1490087125743,2044.68474136599,1350.916875039279,-693.7678663267801,0.1825413913090484,0.567967983712775,0.1024546445183824,3551,159,3392,480,1.7139666239014415,480,1.7139666239014415,471,1.7705811391954869,none,raw
530,1911600,3600,4.805142768862554,0.0,1.1255692578914498,0.4364981158325727,0.0,1.4238800026373533,1.6852008570820365,0.1339945304949407,482.3803097817868,1699.1149444263012,1090.7476271040894,-608.3673173223068,0.1339945304949407,0.4719763734517503,0.0869227212085472,3576,158,3418,480,1.3457856982887613,480,1.3457856982887613,480,1.3457856982887613,none,raw
531,1915200,3600,5.198757109233799,-0.0002023485345771,2.029589051119069,0.6396716108068506,0.0,1.0587129535691466,1.4476163012504035,0.0233695330736512,84.13031906514466,3337.1033738542537,1710.61684645967,-1626.486527394556,0.0233695330736512,0.9269731594039594,0.1491348063790028,3600,81,3519,476,0.5747942017524651,476,0.5747942017524651,425,0.845792020923102,none,raw
532,1918800,3600,5.2700144859848335,0.0,1.4665813738584523,0.5206018784238508,0.0,1.2710122884110524,1.7166813301896535,0.2951376131547291,1062.495407357025,2447.376375320079,1754.935891338387,-692.4404839814158,0.2951376131547291,0.6798267709222442,0.1160802015235214,3545,161,3384,480,2.5604200651041418,480,2.5604200651041418,467,2.646033364058742,none,raw
533,1922400,3600,5.339368220807778,0.0,1.6242651081546338,0.5483576770176166,0.0,1.2245932473323349,1.709915163772627,0.2322370204523121,836.0532736283236,2163.832122651279,1499.942698139732,-663.8894245114727,0.2322370204523121,0.6010644785142442,0.1031662119033867,3593,142,3451,480,2.094810756984457,480,2.094810756984457,475,2.1271279165663017,none,raw
534,1926000,3600,5.564281640152654,0.0,1.7580815447859537,0.5504420137285315,0.0,1.2602882777983906,1.6171671947347133,0.3783026103900619,1361.8893974042228,2778.505595994807,2070.197496699472,-708.3080992952592,0.3783026103900619,0.7718071099985575,0.1271793947681605,3600,131,3469,480,3.191004871019234,480,3.191004871019234,458,3.4005346153023304,none,raw
535,1929600,3600,4.823675791788587,0.0,1.0808892163738584,0.4446314023866184,0.0,1.2803916384202891,1.6705063114446097,0.3472572257124938,1250.1260125649776,2423.9419436770195,1837.0339781209625,-586.9079655561027,0.3472572257124938,0.6733172065769498,0.1223895416170446,3546,150,3396,480,2.9425525394043155,480,2.9425525394043155,467,3.0441163052568925,none,raw
536,1933200,3600,5.6684754120836605,0.0,1.964581799986261,0.6238978538643699,0.0,1.1436808075590836,1.4851138532155614,0.4512011023687268,1624.3239685274164,3057.7970845337586,2341.0605265305085,-716.7365580031093,0.4512011023687268,0.8493880790371552,0.1373184860561241,3600,151,3449,480,3.762684211095874,480,3.762684211095874,453,4.055759417180874,none,raw
537,1936800,3600,5.566876917175768,0.0,1.3479408798712087,0.4426659429782573,0.0,1.896259169258799,1.6870272976421905,0.1929836283355928,694.741062008134,1905.5630481860403,1300.152055097084,-605.4109930890337,0.1929836283355928,0.5293230689405668,0.0880100523261453,3598,180,3418,480,1.7865885220405775,480,1.7865885220405775,476,1.802126106448265,none,raw
538,1940400,3600,5.37527486523167,0.0,1.1355608069761065,0.4308010579836104,0.0,1.6549716315419536,1.729133909875787,0.4248074565661097,1529.306843637995,2704.9639664525776,2117.135405045257,-587.8285614073071,0.4248074565661097,0.7513788795701605,0.1266222318010662,3577,169,3408,480,3.526312207314513,480,3.526312207314513,476,3.5549033666615144,none,raw
539,1944000,3600,5.349260324310881,0.0,1.7707738562623174,0.5907834292335907,0.0,0.853591458956054,1.7310475426035954,0.4030640439952463,1451.030558382887,3238.848841044264,2344.9396997134963,-893.9091413306694,0.4030640439952463,0.8996802336234068,0.1494230640230537,3600,157,3443,480,3.3789789201897222,480,3.3789789201897222,449,3.715932088030073,none,raw
540,1947600,3600,5.205627847071737,0.0,1.9478501378507265,0.6253284317268037,0.0,1.0668147774024246,1.444089171472342,0.1215453236631758,437.563165187433,2674.444985878747,1556.004075532965,-1118.4409103455278,0.1215453236631758,0.7429013849663186,0.1242725286086719,3600,125,3475,480,1.2879474880417954,480,1.2879474880417954,461,1.3994081921683643,none,raw
541,1951200,3600,5.22527599867692,0.0,1.888128334806905,0.62160061816295,0.0,0.8998174338843468,1.512485731911403,0.3032438863747186,1091.677990948987,3598.1441695015524,2344.9110802251857,-1253.233089276236,0.3032438863747186,0.999484491528209,0.1644162887562349,3600,115,3485,480,2.6458801607593,480,2.6458801607593,434,3.064934461054756,none,raw
542,1954800,3600,5.345798385133579,0.0,1.8935468351379612,0.6118236335670656,0.0,1.1945181511220735,1.4678630733684033,0.1780466847951376,640.9680652624955,2724.4953618378827,1682.7317135501896,-1041.7636482876196,0.1780466847951376,0.7568042671771896,0.1251080651731407,3600,126,3474,480,1.7022120824965292,480,1.7022120824965292,441,1.952441950333628,none,raw
543,1958400,3600,5.25550639931274,0.0,1.934377480675256,0.6295030328575311,0.0,1.1318058082536286,1.448650005992586,0.1111700664671615,400.2122392817816,2576.4337142425456,1488.3229767620503,-1088.1107374802582,0.1111700664671615,0.7156760317340405,0.1196389948836249,3600,141,3459,480,1.2132345628311136,480,1.2132345628311136,464,1.2952121946608617,none,raw
544,1962000,3600,5.271063938424146,0.0,1.1024319242085114,0.4357356424165741,0.0,1.6867255204900693,1.7207939717785652,0.3253768832359796,1171.3567796495267,2384.302580987072,1777.8296803182798,-606.4729006687961,0.3253768832359796,0.6623062724964088,0.1136878402743531,3578,142,3436,480,2.776442695698325,480,2.776442695698325,475,2.8077252053222503,none,raw
545,1965600,3600,4.80982448656618,0.0,1.114593916857991,0.4489007389142819,0.0,1.3644159286192874,1.6834032313876557,0.1985106656490837,714.6383963367016,1850.0119806655011,1282.3251885011437,-567.6867921644398,0.1985106656490837,0.5138922168515282,0.0954548019240996,3575,132,3443,432,2.0357994918140747,432,2.0357994918140747,432,2.0357994918140747,none,raw
546,1969200,3600,5.562274292997188,0.0,1.7504531660838276,0.577867467613683,0.0,1.2003200685846895,1.6651598488838562,0.3684737443933033,1326.505479815892,2576.445322165587,1951.4754009907108,-624.9699211748745,0.3684737443933033,0.7156792561571076,0.1182908353688658,3600,133,3467,480,3.1116166446316247,480,3.1116166446316247,461,3.2742933050375185,none,raw
547,1972800,3600,5.077215038920857,0.0,1.8765799027139525,0.6157104179595497,0.0,1.0969147046248915,1.4975164099890816,-0.009506399840704,-34.223039426534434,2082.385264451501,1024.0811125125003,-1058.3041519389596,-0.009506399840704,0.578440351236528,0.0997519574838558,3579,115,3464,432,0.3347406359386705,432,0.3347406359386705,410,0.42324992982451,none,raw
548,1976400,3600,4.982449532862649,0.0,1.429270487209734,0.5034521286127859,0.0,1.0687336532946246,1.714576248180269,0.2664170187687538,959.101267567514,2191.305209404913,1575.2032384861805,-616.1019709187,0.2664170187687538,0.6086958915013648,0.110685421338671,3599,145,3454,462,2.432841062393124,462,2.432841062393124,446,2.5331758858058726,none,raw
549,1980000,3600,5.102366607786155,0.0,1.8945071932800392,0.6204569352844945,0.0,1.10355050213283,1.4982752706341262,-0.014423292801895,-51.92385408682208,2179.277351011177,1063.676748462147,-1115.6006025489,-0.014423292801895,0.6053548197253269,0.103485194568624,3565,111,3454,432,0.3052222505686721,432,0.3052222505686721,414,0.3692203605821711,none,raw
550,1983600,3600,5.500611278126017,0.0,1.2225112028348517,0.45238075858002,0.0,1.7055974154945008,1.782122510789372,0.3379993913041738,1216.7978086950257,2323.6568796151846,1770.2273441550474,-553.4295354600808,0.3379993913041738,0.6454602443375512,0.1082625555591503,3599,152,3447,436,3.1753366156367098,436,3.1753366156367098,432,3.205927462281906,none,raw
551,1987200,3600,4.825447417614826,0.0,1.1228774992395811,0.4529837173719017,0.0,1.354320935452351,1.6905463501315636,0.2047189094939982,736.9880741783937,1967.523566935909,1352.2558205571918,-615.2677463788019,0.2047189094939982,0.5465343241488636,0.1008553302276833,3597,135,3462,480,1.8758481704112973,480,1.8758481704112973,480,1.8758481704112973,none,raw
552,1990800,3600,5.141999683329704,0.0,1.9434050337854545,0.6437090035536067,0.0,0.9100160470405964,1.4317644125319382,0.2131051933320106,767.1786959952382,3757.556903264852,2262.36779963,-1495.189103634797,0.2131051933320106,1.0437658064624589,0.1706582537144849,3600,103,3497,480,1.9860619414965,480,1.9860619414965,437,2.3406248685227613,none,raw
553,1994400,3600,5.399966291515674,0.0,1.6922383240692127,0.5713334081303343,0.0,0.9991368722326808,1.7409482337506206,0.396309463132294,1426.7140672762584,3198.005087284047,2312.359577280092,-885.645510003913,0.396309463132294,0.8883347464677909,0.1470760591951755,3600,169,3431,480,3.3261760103898137,480,3.3261760103898137,440,3.7355094632265966,none,raw
554,1998000,3600,5.236916490062657,0.0,2.0063004516028644,0.6645523856430744,0.0,1.0095073452462031,1.4401095573485097,0.1164467517707905,419.208306374846,3350.003184916125,1884.6057456454475,-1465.3974392706357,0.1164467517707905,0.9305564402544791,0.1507918753151422,3600,79,3521,480,1.279752841706023,480,1.279752841706023,422,1.627424238271316,none,raw
555,2001600,3600,5.067779907350325,0.0,1.6727138263830537,0.5586109439829774,0.0,0.7457384850443507,1.7441526339766904,0.346564010553461,1247.6304379924595,3050.3991362965726,2149.0147871444924,-901.384349152103,0.346564010553461,0.8473330934157146,0.1463752537012375,3579,145,3434,432,3.285525608536911,432,3.285525608536911,392,3.7329413190982654,none,raw
556,2005200,3600,5.431344197397638,0.0,1.900261873856872,0.6190666106944837,0.0,0.9293382256607086,1.5306616107374835,0.4520158759548171,1627.2571534373417,3008.322171376384,2317.789662406819,-690.5325089695776,0.4520158759548171,0.8356450476045512,0.1389205261132195,3600,144,3456,480,3.7606030922173135,480,3.7606030922173135,454,4.020420547594577,none,raw
557,2008800,3600,5.0518519585975445,0.0,1.6976380948989238,0.5687151707350799,0.0,0.7519596221213247,1.7174137668895222,0.3161253119416365,1138.0511229898914,3103.5216475463067,2120.7863852680557,-982.73526227822,0.3161253119416365,0.8620893465406407,0.148272081051971,3600,148,3452,480,2.7237621731739075,480,2.7237621731739075,440,3.083625524064653,none,raw
558,2012400,3600,5.359936256864522,0.0,1.792922986209866,0.5806040110777659,0.0,0.981263825722368,1.6351765732820185,0.3699688631369057,1331.8879072928603,2630.5065793397957,1981.1972433162732,-649.3093360234391,0.3699688631369057,0.730696272038832,0.1239650530102018,3571,116,3455,432,3.47663250531712,432,3.47663250531712,413,3.679283393274211,none,raw
559,2016000,3600,5.64038851525945,0.0,1.9275509880581636,0.629032556263284,0.0,1.1303984644899667,1.5304507725171856,0.4229557316419653,1522.6406339110752,2864.5745464562483,2193.607590183617,-670.9669562726508,0.4229557316419653,0.7957151517934024,0.1293937697822632,3600,141,3459,480,3.5365783186985458,480,3.5365783186985458,463,3.6937396104471913,none,raw
560,2019600,3600,5.248690735549769,0.0,1.6797906171256418,0.557292405797989,0.0,0.877958341593083,1.7227755032649104,0.4108738705691735,1479.1459340490246,2945.2330878485323,2212.189510948659,-733.0435768997047,0.4108738705691735,0.8181203021801479,0.140010327618906,3598,151,3447,480,3.425951916347459,480,3.425951916347459,456,3.6722365687078944,none,raw
561,2023200,3600,5.250953079885803,0.0,1.8572695276879256,0.6172258684936236,0.0,0.8187109915325983,1.6452118030684657,0.3125348823622883,1125.125576504238,3425.5956728620995,2275.3606246830936,-1150.235048178905,0.3125348823622883,0.9515543535728054,0.1571437053932999,3600,125,3475,480,2.7090903736345457,480,2.7090903736345457,440,3.046457150919061,none,raw
562,2026800,3600,5.532426736912587,0.0,1.923904660585924,0.631245149563388,0.0,1.0948656222134014,1.5823922029832975,0.3000190982733785,1080.0687537841627,2675.5733882895074,1877.8210710367543,-797.7523172526346,0.3000190982733785,0.7432148300804188,0.1216257636395686,3600,108,3492,480,2.6080374517536056,480,2.6080374517536056,452,2.802797575830584,none,raw
563,2030400,3600,5.293463292106624,0.0,2.015178311455169,0.6624789170145282,0.0,0.9922180702668926,1.5010492909793094,0.1225387085474156,441.1393507706963,2652.31038183609,1546.724866303316,-1105.585515532627,0.1225387085474156,0.7367528838433584,0.1219586584204344,3600,135,3465,476,1.3159118083592674,476,1.3159118083592674,457,1.4262735419892207,none,raw
564,2034000,3600,5.325471809051103,0.0,1.7885640910845233,0.5897280616493603,0.0,0.8797215713991335,1.701304981335517,0.3661531042147068,1318.1511751729445,3174.253827683229,2246.2025014280243,-928.0513262551584,0.3661531042147068,0.8817371743564525,0.1470646977653379,3600,140,3460,480,3.0967134967312138,480,3.0967134967312138,440,3.487087066247309,none,raw
565,2037600,3600,5.474353823915331,0.0,1.9377284665716357,0.6267400735823971,0.0,1.065000663196012,1.564313570702609,0.2805710532970014,1010.0557918692052,2295.3457780908816,1652.7007849799993,-642.6449931108992,0.2805710532970014,0.6375960494696893,0.1068260519843633,3600,129,3471,451,2.629654111011673,451,2.629654111011673,428,2.815370562710162,none,raw
566,2041200,3600,5.662283649750882,0.0,1.9074823044019047,0.6188738044888082,0.0,1.168778863584829,1.5781135451285806,0.3890351394448355,1400.5265020014078,2894.228994621781,2147.3777483114923,-746.8512463101343,0.3890351394448355,0.8039524985060503,0.1301125162063007,3600,132,3468,480,3.276107495989238,480,3.276107495989238,454,3.496756872341978,none,raw
567,2044800,3600,5.669642726430255,0.0,1.8847083753530565,0.6133422869950015,0.0,1.1730843434145175,1.6308734713877695,0.3676342515228018,1323.4833054820865,2636.405190227762,1979.944247854912,-656.4609423728922,0.3676342515228018,0.7323347750632672,0.1190028405615834,3600,133,3467,480,3.1130575860866982,480,3.1130575860866982,460,3.2893772226799776,none,raw
568,2048400,3600,5.44263429992373,0.0,1.7538000405245908,0.5934942026510004,0.0,1.1946945853800892,1.6529501340626302,0.2476953341599211,891.703202975716,2546.878561662439,1719.2908823189164,-827.5876793432593,0.2476953341599211,0.7074662671284553,0.1176581482551906,3600,121,3479,480,2.2097553501145124,480,2.2097553501145124,460,2.369539347612386,none,raw
569,2052000,3600,5.392563606354718,0.0,1.9780918958131304,0.6532209877970904,0.0,1.013893630432146,1.4611230348966344,0.2862340515626398,1030.4425856255036,2722.144379985847,1876.2934828055431,-845.8508971800561,0.2862340515626398,0.7561512166627353,0.1260842513879711,3600,139,3461,480,2.5292647852158785,480,2.5292647852158785,443,2.834322555723264,none,raw
570,2055600,3600,4.896571644316621,0.0,1.2849052077713476,0.4824403921371064,0.0,1.2196315856281312,1.7102171090196248,0.1993773464900946,717.7584473643406,1838.953927266536,1278.3561873154615,-560.5977399511862,0.1993773464900946,0.5108205353518156,0.094846855929802,3590,149,3441,453,1.9477988781649769,453,1.9477988781649769,441,2.003198409054794,none,raw
571,2059200,3600,5.371776663951136,0.0,1.7533756935347635,0.5768334993929144,0.0,0.8847112382010208,1.7613225200050704,0.3955337131871473,1423.9213674737302,3119.676726054362,2271.7990467639843,-847.8776792903334,0.3955337131871473,0.8665768683484338,0.1445596931363642,3600,150,3450,435,3.664982238865223,435,3.664982238865223,402,4.078625785577894,none,raw
572,2062800,3600,5.593320198329166,0.0,1.430260870378399,0.4748580451677164,0.0,1.7852069610871464,1.702332585591978,0.2006617375607031,722.3822552185314,1951.8865049716824,1337.134380095103,-614.7521248766586,0.2006617375607031,0.5421906958254673,0.089583403367893,3593,163,3430,480,1.8427259285304765,480,1.8427259285304765,476,1.858128045862845,none,raw
573,2066400,3600,4.8120084032415695,0.0,1.248765017712571,0.4740701929133233,0.0,1.2234381412556878,1.697392109802704,0.1683429447503086,606.0346011011112,1735.3141776982875,1170.6743893997482,-564.6397882986232,0.1683429447503086,0.4820317160273021,0.0904443669666168,3562,125,3437,432,1.780398657751708,432,1.780398657751708,432,1.780398657751708,none,raw
574,2070000,3600,5.091431471187906,0.0,2.0393519021564583,0.6763041899968916,0.0,0.8472862793690684,1.4590691798840316,0.0694199156457751,249.91169632479037,3324.3948557091776,1787.1532760169212,-1537.2415796921607,0.0694199156457751,0.9234430154747716,0.1512194318743294,3600,83,3517,480,0.8967331531966853,480,0.8967331531966853,431,1.143615982847651,none,raw
575,2073600,3600,5.043942467889024,0.0,1.2549476362339886,0.459798906112511,0.0,1.323485450476827,1.6704107785124342,0.335299696189804,1207.0789062832946,2377.5612512694192,1792.3200787763724,-585.2411724931079,0.335299696189804,0.660433680908172,0.1186141625742959,3574,161,3413,480,2.852590679513136,480,2.852590679513136,476,2.878920665367532,none,raw
576,2077200,3600,5.419984284425672,0.0,1.3387436280637652,0.4596234789428646,0.0,1.4867135017614084,1.7522787543280136,0.3826249268207928,1377.4497365548543,2513.698075209684,1945.5739058822053,-568.1241693274172,0.3826249268207928,0.6982494653360233,0.1187032392449792,3588,177,3411,480,3.206057652214013,480,3.206057652214013,476,3.2337437239690923,none,raw
577,2080800,3600,5.431950172709346,0.0,1.842289214632731,0.5847856116292466,0.0,1.0196864843245717,1.613530121463269,0.3716587363757221,1337.9714509525995,2742.860630262083,2040.416040607299,-702.4445896547277,0.3716587363757221,0.7619057306283563,0.1272748137109148,3600,133,3467,480,3.1313294117067243,480,3.1313294117067243,465,3.2529905683419,none,raw
578,2084400,3600,5.375600557881925,0.0,1.9397290290939235,0.636954236696832,0.0,1.003566522139959,1.5846389221452346,0.2107118537265414,758.5626734155493,2377.822612095822,1568.1926427555873,-809.6299693400936,0.2107118537265414,0.6605062811377284,0.1104737642017646,3600,110,3490,480,1.93069273892772,480,1.93069273892772,457,2.0643931179636814,none,raw
579,2088000,3600,5.1131956362485,0.0,2.0305179213411253,0.6621264135061664,0.0,0.8736123938669479,1.419383834005285,0.1275550705923352,459.1982541324069,3368.585484915279,1913.8918695237965,-1454.6936153914298,0.1275550705923352,0.935718190254244,0.1543003873730842,3600,101,3499,480,1.3418303748893152,480,1.3418303748893152,440,1.5930478995147,none,raw
580,2091600,3600,5.138691554130572,0.0,1.990299051932788,0.6422357920177241,0.0,1.0167257578888187,1.4764583044628128,0.0129726539533966,46.70155423222792,2432.3094994935504,1239.5055268629274,-1192.8039726306215,0.0129726539533966,0.6756415276370974,0.1135508749341966,3600,112,3488,480,0.4594211403786722,480,0.4594211403786722,433,0.6011127157223882,none,raw
581,2095200,3600,5.359474261377214,0.0,1.4079980839408852,0.469574709257852,0.0,1.644767308675836,1.697682423800745,0.1394517331637509,502.02623938950353,1894.9994461021677,1198.512842745838,-696.4866033563941,0.1394517331637509,0.5263887350283798,0.0893393273749004,3591,185,3406,480,1.382522292796433,480,1.382522292796433,471,1.411753750796439,none,raw
582,2098800,3600,5.54897917986951,0.0,1.9037280883990095,0.6307503259407755,0.0,1.1637016032834813,1.5915516802834906,0.259247480254778,933.290928917201,2423.542312482223,1678.416620699635,-745.1256917824892,0.259247480254778,0.6732061979117286,0.1110541132140401,3573,91,3482,432,2.5491412596185565,432,2.5491412596185565,414,2.6912030140783867,none,raw
583,2102400,3600,5.435971891279849,0.0,1.744997186561053,0.5761882930426182,0.0,0.9629723554539548,1.7488471345284349,0.4029669197183508,1450.6809109860628,3178.2315000057893,2314.45620549585,-863.7752945098731,0.4029669197183508,0.8828420833349414,0.1459592413689901,3599,165,3434,480,3.369847014150302,480,3.369847014150302,447,3.7230994004499873,none,raw
584,2106000,3600,5.387520498627693,0.0,1.7775618016570716,0.5937029669254722,0.0,0.8546559249466719,1.7137921196723611,0.4478076876032516,1612.107675371706,3306.7024321665167,2459.4050537690405,-847.2973783974176,0.4478076876032516,0.918528453379588,0.152969383359063,3600,160,3440,480,3.706080979218525,480,3.706080979218525,447,4.076891151782291,none,raw
585,2109600,3600,5.142816738712524,0.0,1.2107930517103735,0.4485782836173118,0.0,1.464283480826399,1.7357211584653096,0.2834407663077814,1020.3867587080132,2274.682756166806,1647.5347574374305,-627.1479987294331,0.2834407663077814,0.6318563211574462,0.1111089824045757,3588,125,3463,480,2.462893779889769,480,2.462893779889769,476,2.4859697460487387,none,raw
586,2113200,3600,5.481181430147133,0.0,1.9781013313831743,0.6622673568827239,0.0,0.9215279678945566,1.498417057253126,0.4208677190998439,1515.123788759438,2832.994778366288,2174.0592835627704,-658.9354948033488,0.4208677190998439,0.7869429939906355,0.1315244454780258,3600,146,3454,480,3.526008119508785,480,3.526008119508785,458,3.7471878475128193,none,raw
587,2116800,3600,5.492740339374998,0.0,1.8947838786529807,0.6315412205144507,0.0,1.0433093830492766,1.593547017196215,0.3295588336304126,1186.4118010694856,2573.463484297345,1879.937642683336,-693.5258416139039,0.3295588336304126,0.7148509678603736,0.1189716139792001,3593,100,3493,432,3.1357993283364265,432,3.1357993283364265,423,3.2150151191866736,none,raw
588,2120400,3600,4.660639353001574,0.0,1.2541672604278278,0.4928910324822758,0.0,1.062255681547881,1.7161071552750409,0.1352182256261824,486.7856122542567,1532.9343787615144,1009.8599955078917,-523.0743832537364,0.1352182256261824,0.4258151052115317,0.082367325965685,3588,132,3456,432,1.51335384732711,432,1.51335384732711,428,1.5295198781535435,none,raw
589,2124000,3600,5.0168315333701,0.0,1.9097553379254295,0.6450775920898499,0.0,0.5478554930902746,1.5611556525717971,0.3529874578229281,1270.7548481625413,3716.232294178376,2493.4935711703943,-1222.7387230078914,0.3529874578229281,1.032286748382882,0.1739935164533016,3600,111,3489,480,3.01577564266652,480,3.01577564266652,435,3.4937982502629623,none,raw
590,2127600,3600,4.623238920537341,0.0,1.2445571353545142,0.490301041154571,0.0,1.0231631378428316,1.7166307740400355,0.1485868259772848,534.9125735182253,1600.9930361244724,1067.952804821344,-533.0402313032326,0.1485868259772848,0.4447202878123534,0.0860935181734899,3572,123,3449,432,1.622320462617172,432,1.622320462617172,427,1.6433339755765215,none,raw
591,2131200,3600,5.314562157885068,0.0,1.8256013338917876,0.6010784574962863,0.0,0.9049965693255282,1.6146092267254015,0.368276575539027,1325.7956719404974,2758.2645437470774,2042.0301078437049,-716.2344359032537,0.368276575539027,0.7661845954852993,0.1295100228382741,3600,133,3467,480,3.107122962462946,480,3.107122962462946,464,3.2444821067994987,none,raw
592,2134800,3600,5.110264407187545,0.0,1.7650944407127314,0.6049235788946579,0.0,0.5210028670028407,1.7266214178138914,0.4926220993021765,1773.4395574878354,3519.383808013965,2646.411682750812,-872.9721252630443,0.4926220993021765,0.9776066133372124,0.1669525028842358,3600,145,3455,480,4.050027412825158,480,4.050027412825158,449,4.413474973526679,none,raw
593,2138400,3600,5.274148148835715,0.0,1.7541366143902355,0.5778039970625656,0.0,0.9119069547359124,1.6667530390003011,0.3635475495478423,1308.7711783722325,2694.190866160465,2001.4810222663116,-692.7098438941009,0.3635475495478423,0.7483863517112403,0.1278640274392442,3600,128,3472,480,3.065070576635201,480,3.065070576635201,455,3.2661304906662467,none,raw
594,2142000,3600,5.121726071579744,0.0,1.6846049567179124,0.5720251852534028,0.0,0.6152249811973974,1.7218675906655911,0.5280033596406711,1900.812094706416,3736.995209087478,2818.903651896858,-918.0915571904968,0.5280033596406711,1.0380542247465216,0.1757835207836136,3600,149,3451,480,4.3043295345368255,480,4.3043295345368255,440,4.80677402755167,none,raw
595,2145600,3600,4.866772336555749,0.0,1.495160931957876,0.529884844685872,0.0,0.8493662801846611,1.725045134158374,0.2673151472837368,962.3345302214528,2177.4370200649214,1569.8857751431294,-607.5512449217264,0.2673151472837368,0.6048436166847004,0.1115947063906728,3600,145,3455,480,2.3410018669503905,480,2.3410018669503905,464,2.438046948425521,none,raw
596,2149200,3600,4.922561228653002,-8.120926501844931e-07,1.9019151235684717,0.6397225854506846,0.0,0.8424453225614166,1.5270914260328083,0.0113875849909736,40.99530596750528,2037.071292967824,1039.033299467715,-998.037993500114,0.0113875849909736,0.5658531369355065,0.099688214912554,3600,127,3473,440,0.5048339242862965,440,0.5048339242862965,404,0.6694787170751512,none,raw
597,2152800,3600,4.976857835715637,-5.846140586355524e-07,1.898874798444588,0.6420288201452701,0.0,0.7183105094836141,1.5270850913388028,0.1905592067750658,686.0131443902371,2542.997922188451,1614.50553328937,-928.4923888990406,0.1905592067750658,0.7063883117190142,0.1230357579610072,3600,121,3479,442,1.9630982316936971,442,1.9630982316936971,404,2.2468916351702317,none,raw
598,2156400,3600,4.531575140444491,0.0,1.1609365657699784,0.4776600837214116,0.0,0.9213173700778404,1.7041262804075017,0.2675348430787094,963.1254350833538,2258.252064114558,1610.6887495989022,-647.5633145156734,0.2675348430787094,0.6272922400318216,0.1198323301788289,3598,115,3483,480,2.344935595576829,480,2.344935595576829,464,2.461100054307349,none,raw
599,2160000,3600,4.410614433994827,0.0,1.1542456545441415,0.4890054636606541,0.0,0.8986979918136376,1.702513722859079,0.1661516053828772,598.145779378358,1866.618712777769,1232.3822460780784,-634.2364666997981,0.1661516053828772,0.5185051979938248,0.1012776434712864,3599,125,3474,480,1.5854244080962936,480,1.5854244080962936,474,1.6194964734619877,none,raw
600,2163600,3600,5.047677595076384,0.0,1.674178689891225,0.5762824274592295,0.0,0.7817913150694706,1.6898063032519466,0.3256188571694105,1172.227885809878,2312.1873881027154,1742.207636956261,-569.9797511464158,0.3256188571694105,0.6422742744729765,0.1143423531440847,3600,127,3473,440,3.037013232540407,440,3.037013232540407,431,3.1212583580693347,none,raw
601,2167200,3600,5.139260370063971,0.0,1.836332638775548,0.6332739548905649,0.0,0.8417141731932432,1.582778613835228,0.2451609923485227,882.5795724546817,2513.1202327189435,1697.8499025867227,-815.2703301320967,0.2451609923485227,0.6980889535330399,0.1203477177199691,3600,104,3496,480,2.186503408222208,480,2.186503408222208,458,2.3280611487254137,none,raw
602,2170800,3600,5.1656672407615565,0.0,1.7730572469419092,0.6117039487960964,0.0,0.7859102204939701,1.6583591410783851,0.3366366819714316,1211.8920550971538,2687.3193530844983,1949.6057040907144,-737.7136489936107,0.3366366819714316,0.7464775980790272,0.1280641530694396,3600,96,3504,450,3.061982344660194,450,3.061982344660194,431,3.234436953935951,none,raw
603,2174400,3600,4.825202004864372,0.0,1.6563641979646926,0.5781361047468541,0.0,0.4681665109633044,1.7478757704406984,0.3746594184843514,1348.7739065436651,3214.486666451763,2281.630286497622,-932.85637995403,0.3746594184843514,0.8929129629032675,0.1575379989381937,3600,164,3436,480,3.153898054394035,480,3.153898054394035,440,3.552972687462452,none,raw
604,2178000,3600,5.087619607341734,0.0,1.7862143576571543,0.6128727581506687,0.0,0.8411934657414738,1.5915386104156322,0.2558004124859972,920.88148494959,2605.4860235299348,1763.1837542396224,-842.3022692900857,0.2558004124859972,0.7237461176472041,0.1251427470999193,3600,129,3471,480,2.2809773348032065,480,2.2809773348032065,463,2.396279581320388,none,raw
605,2181600,3600,4.659671374893385,0.0,1.8146132118305611,0.6345930266151547,0.0,0.2252424925252508,1.6571716595336397,0.3280509805136555,1180.9835298491598,3371.776102939741,2276.37981639436,-1095.3962865452454,0.3280509805136555,0.936604473038817,0.1647776928095554,3600,120,3480,480,2.822433836726069,480,2.822433836726069,445,3.12555980142774,none,raw
606,2185200,3600,4.622386650032389,0.0,1.6802376031280943,0.5828006066238697,0.0,0.3246180560574455,1.718149396496857,0.3165809906385416,1139.69156629875,2401.1637939211064,1770.4276801098329,-630.7361138111329,0.3165809906385416,0.6669899427558629,0.1224792564086443,3600,133,3467,480,2.7138895065085142,480,2.7138895065085142,462,2.8344606263512224,none,raw
607,2188800,3600,5.035388911899386,0.0,1.7500155417356775,0.6152042489545031,0.0,0.7905137225192338,1.6609155877361768,0.2187398115851087,787.4633217063914,2524.2494760787004,1655.8563988923877,-868.3930771860507,0.2187398115851087,0.7011804100218612,0.121523342971556,3600,105,3495,480,1.9906567566179527,480,1.9906567566179527,456,2.148269093330314,none,raw
608,2192400,3600,5.154903734284453,0.0,1.7921465900192337,0.6114666301402064,0.0,0.6747207097473475,1.6138692812784592,0.4627005255529647,1665.7218919906732,2952.8432564120776,2309.282574201291,-643.5606822106641,0.4627005255529647,0.8202342378922438,0.1406610881698963,3600,115,3485,480,3.8138898543455313,480,3.8138898543455313,458,4.039108064300952,none,raw
609,2196000,3600,4.713627801554976,0.0,1.614803318216796,0.565013225760421,0.0,0.454296961420885,1.7412386160606428,0.3382756821692125,1217.792455809165,2312.1754231597074,1764.9839394843586,-547.1914836752462,0.3382756821692125,0.6422709508776965,0.1188591331577351,3580,124,3456,432,3.1954025101401404,432,3.1954025101401404,416,3.340242233327427,none,raw
610,2199600,3600,4.422829915146447,0.0,1.1626271870535816,0.477293842255773,0.0,0.8640211087397065,1.7036573038716631,0.2152304742274169,774.8297072187011,2024.021230039484,1399.4254686291306,-624.5957614104365,0.2152304742274169,0.5622281194554122,0.1100702196181049,3600,118,3482,480,1.9524395355415776,480,1.9524395355415776,480,1.9524395355415776,none,raw
611,2203200,3600,5.015625643498627,0.0,1.7494088269320105,0.6145575874884409,0.0,0.7722457891461783,1.6622943683908753,0.2171190704431054,781.6286535951796,2516.129024894957,1648.8788392449078,-867.2501856497834,0.2171190704431054,0.6989247291374882,0.1217293070634224,3600,105,3495,480,1.9765262955188163,480,1.9765262955188163,454,2.14755107114494,none,raw
612,2206800,3600,4.600804949272553,0.0,1.896540680854941,0.6538291625314658,0.0,0.5270247952163324,1.4798479439323835,0.0435623683796237,156.8245261666453,2340.2195456675986,1248.5220359169973,-1091.6975097502898,0.0435623683796237,0.6500609849076663,0.1173407454776321,3600,112,3488,480,0.6945230399287514,480,0.6945230399287514,453,0.8241658731667185,none,raw
613,2210400,3600,5.141420452646497,0.0,1.7884127840034898,0.6195443655503505,0.0,0.8002474656724425,1.6521461641324486,0.2810696679446122,1011.850804600604,2510.5629547670906,1761.2068796838173,-749.3560750832929,0.2810696679446122,0.697378598546414,0.1198470405427322,3600,113,3487,480,2.456078761324856,480,2.456078761324856,461,2.607004909319933,none,raw
614,2214000,3600,5.040201455804571,0.0,1.826177884930887,0.6485947812942628,0.0,0.7432981043298024,1.5945899379011972,0.2275407461978247,819.1466863121692,2501.491673731609,1660.31918002181,-841.1724937096767,0.2275407461978247,0.6948587982587803,0.1206435805695665,3600,74,3526,436,2.269904661339076,436,2.269904661339076,426,2.3426411063841712,none,raw
615,2217600,3600,4.694299709524753,0.0,1.888636876265542,0.674337870861072,0.0,0.5350680312966555,1.4872463516891876,0.1090105803121017,392.4380891235663,2461.621256572725,1427.0296728480316,-1034.5915837244563,0.1090105803121017,0.6837836823813125,0.1223805043857666,3600,113,3487,451,1.2714134610007204,451,1.2714134610007204,424,1.437889746882716,none,raw
616,2221200,3600,4.6842255261020425,0.0,1.9735801703141127,0.6919237280695992,0.0,0.4785165206065968,1.474611328742917,0.0655937774778201,236.13759892015256,2869.940933359117,1553.0392661395847,-1316.9016672194582,0.0655937774778201,0.7972058148219769,0.139174898702954,3600,86,3514,446,0.937620875633308,446,0.937620875633308,418,1.0896974226051923,none,raw
617,2224800,3600,4.782033839680646,0.0,1.9088686827406005,0.6606081419036167,0.0,0.6575923489866935,1.4928897443625515,0.0620749171135213,223.46970160867667,2326.650665565347,1275.060183586882,-1051.590481978139,0.0620749171135213,0.6462918515459297,0.1144620527212191,3600,112,3488,480,0.8394054281982399,480,0.8394054281982399,453,0.9695263610986632,none,raw
618,2228400,3600,5.057665954298443,-0.0060531707781161,1.7011731023669832,0.6255363953558322,-1.2456968833234012e-06,0.5584476067236257,1.7666337317934888,0.4119295326899927,1482.9463176839738,2832.084682650814,2157.515500167324,-674.5691824833825,0.4119295326899927,0.7866901896252262,0.1378666701416324,3594,144,3450,432,3.83575594516314,432,3.83575594516314,401,4.221941922956927,none,raw
619,2232000,3600,5.0624086856219215,-0.0012882381691736,1.8553529509944693,0.6474303480588243,0.0,0.8494315884494649,1.5451369408233668,0.1663451028347694,598.8423702051701,2660.0231399209906,1629.4327550630987,-1030.5903848578378,0.1663451028347694,0.7388953166447196,0.1260560599613944,3600,122,3478,480,1.6135383896121889,480,1.6135383896121889,451,1.8008468414706411,none,raw
620,2235600,3600,5.285597981162783,0.0,1.7762722466431315,0.6287891554654312,0.0,0.912219851590915,1.6582240653531275,0.3100926609158144,1116.333579296932,2653.7847888526044,1885.059184074684,-768.7256047778043,0.3100926609158144,0.7371624413479456,0.125004322156611,3600,94,3506,453,2.834656627621944,453,2.834656627621944,443,2.915339767183802,none,raw
621,2239200,3600,5.106045726329968,0.0,1.6327668767120829,0.5737660241313064,0.0,0.6686838094449289,1.7206340180187378,0.51019499614092,1836.701986107312,3769.045964997373,2802.873975552236,-966.1719894449836,0.51019499614092,1.0469572124992703,0.1778545570170707,3600,135,3465,480,4.175045473702227,480,4.175045473702227,440,4.636461583036228,none,raw
622,2242800,3600,5.047904899341456,0.0,1.621435485785942,0.5794448515218661,0.0,0.6340188607649125,1.7226024822842632,0.4904032184062897,1765.4515862626429,3803.684928592069,2784.568257427247,-1019.1166711646462,0.4904032184062897,1.0565791468311303,0.1799902955400985,3600,126,3474,480,4.026326056036413,480,4.026326056036413,440,4.469319729554824,none,raw
623,2246400,3600,4.966902790659547,0.0,1.179959782430686,0.4681052414065288,0.0,1.279692086949881,1.7901055774141958,0.2490400982525215,896.5443537090774,2150.632398893966,1523.5883763015086,-627.0440225924447,0.2490400982525215,0.5973978885816574,0.1080736551928654,3597,100,3497,432,2.457308764561358,432,2.457308764561358,428,2.4854617394675804,none,raw
624,2250000,3600,5.155959935229686,0.0,1.7123157929078403,0.6169294572992803,0.0,0.4371517121969133,1.7273545981451972,0.6622083764318556,2383.95015515468,3919.956931140348,3151.95354314752,-768.0033879927597,0.6622083764318556,1.0888769253167634,0.1848968068022565,3600,148,3452,480,5.334013394110709,480,5.334013394110709,452,5.7296257924412455,none,raw
625,2253600,3600,4.767002931010599,0.0,1.9212006643709805,0.6629571854068953,0.0,0.6331690666923678,1.4931703022173757,0.0565057062702372,203.42054257285417,2457.201831661047,1330.3111871168228,-1126.8906445439047,0.0565057062702372,0.6825560643502908,0.1198030257707718,3600,118,3482,480,0.8285265062999514,480,0.8285265062999514,461,0.9128267517434832,none,raw
626,2257200,3600,4.753743749738981,0.0,1.821848544033489,0.6468487143144334,0.0,0.3172799124799551,1.6509945989196992,0.3167719803465632,1140.3791292476276,3380.53590415173,2260.4575166996065,-1120.0783874520273,0.3167719803465632,0.9390377511532584,0.1634039349410461,3600,103,3497,480,2.749662642211949,480,2.749662642211949,449,3.0231930314010915,none,raw
627,2260800,3600,5.16147109762647,0.0,1.8375155520554365,0.6359867105532996,0.0,0.8187316953028756,1.581061720455782,0.2881754180507117,1037.431504982562,2695.312150774095,1866.3718278782208,-828.9403228957095,0.2881754180507117,0.7486978196594708,0.1279891449422008,3600,94,3506,480,2.521001481940996,480,2.521001481940996,471,2.583907787716971,none,raw
628,2264400,3600,4.932010072548357,0.0,1.912344886501737,0.6615462381783038,0.0,0.8361423845312945,1.522836306595896,-0.0008597378503376,-3.095056261215647,2018.596353579574,1007.7506486592216,-1010.8457049203502,-0.0008597378503376,0.5607212093276595,0.0982361306908467,3583,102,3481,432,0.4274735211008265,432,0.4274735211008265,396,0.5794579916844238,none,raw
629,2268000,3600,4.943795993650727,0.0,1.6304721305754324,0.5752389674395338,0.0,0.5773444675763665,1.7251920619489185,0.4355483672012934,1567.9741219246564,3577.625670752277,2572.799896338426,-1004.8257744138286,0.4355483672012934,0.9937849085422992,0.1715084301017807,3600,127,3473,480,3.6180701300886087,480,3.6180701300886087,440,4.034482762776581,none,raw
630,2271600,3600,4.987884761741023,0.0,1.451188040636027,0.5310081667327224,0.0,0.8727614763471281,1.7340335608578286,0.3988935188214928,1436.016667757374,2534.914859166557,1985.4657634619327,-549.44909570459,0.3988935188214928,0.7041430164351548,0.1279982989220032,3600,140,3460,433,3.698405369284516,433,3.698405369284516,417,3.862785972755299,none,raw
631,2275200,3600,4.766062541003857,0.0,1.1965596422980294,0.4746447898979402,0.0,1.1114035076533102,1.7251044419520396,0.2583501574793913,930.0605669258086,2285.618796362124,1607.839681643998,-677.7791147181811,0.2583501574793913,0.6348941101005899,0.1176902829738374,3600,108,3492,480,2.2793934464811167,480,2.2793934464811167,480,2.2793934464811167,none,raw
632,2278800,3600,5.212313964259811,0.0,1.941005908240208,0.6652154026134692,0.0,0.9809595345991152,1.494592830168063,0.1305402969449383,469.94506900177794,2404.48420630327,1437.2146376523533,-967.2695686505908,0.1305402969449383,0.6679122795286861,0.1132772909285674,3600,122,3478,480,1.3719111974293985,480,1.3719111974293985,444,1.5668425665864938,none,raw
633,2282400,3600,5.431065865116608,0.0,1.762364440076296,0.619733584938425,0.0,1.0578575736152769,1.6584703645056549,0.3326399138355412,1197.5036898079486,2789.522604298965,1993.5131470533108,-796.0094572454102,0.3326399138355412,0.7748673900830457,0.1289099110716365,3600,122,3478,480,2.8508873167293003,480,2.8508873167293003,461,3.0156105557807,none,raw
634,2286000,3600,5.24844225460353,0.0,1.8667335264857037,0.6702845870801585,0.0,0.664944580488227,1.6798728380530272,0.3666067302853109,1319.7842290271194,3117.098556129199,2218.441392578088,-898.6571635510029,0.3666067302853109,0.8658607100358886,0.1461259356076013,3566,122,3444,432,3.477751713669599,432,3.477751713669599,408,3.746836002158168,none,raw
635,2289600,3600,5.344797846349991,0.0,1.9243611977380333,0.6727929304507696,0.0,0.8144440877376202,1.5963626799561872,0.3368369526547319,1212.6130295570351,3810.008378667374,2511.310704112177,-1298.6976745551783,0.3368369526547319,1.058335660740937,0.1706238023685967,3600,111,3489,480,2.9128842007444065,480,2.9128842007444065,439,3.305659281402946,none,raw
636,2293200,3600,5.678461491596212,0.0,1.879943383583195,0.6397531214175622,0.0,1.108764727284315,1.6479961867944544,0.4020040753345152,1447.2146712042547,2880.2085253181863,2163.7115982611804,-716.4969270569713,0.4020040753345152,0.8000579236994962,0.1292929538206494,3600,125,3475,480,3.3798709646188643,480,3.3798709646188643,453,3.633764858915416,none,raw
637,2296800,3600,5.078268631936775,0.0,1.2905906648499144,0.4770123445659131,0.0,1.2514746209880008,1.747515875834548,0.3116751228412063,1122.030442228343,2400.61308005312,1761.3217611407115,-639.2913189123954,0.3116751228412063,0.6668369666814221,0.1189217294565794,3600,127,3473,472,2.726697905334112,472,2.726697905334112,472,2.726697905334112,none,raw
638,2300400,3600,5.292128379908908,0.0,1.994164542470164,0.6807911209738292,0.0,1.0522069174187596,1.454713364009167,0.1102524338091784,396.9087617130423,2473.1038854546487,1435.0063235837322,-1038.0975618706564,0.1102524338091784,0.6869733015151802,0.1149443058436969,3600,127,3473,480,1.216719294365232,480,1.216719294365232,453,1.3606624849351672,none,raw
639,2304000,3600,4.960685334977784,0.0,1.2757779747063498,0.4715027695874742,0.0,1.1888415287424243,1.717540679757625,0.3070223873459151,1105.2805944452946,2415.556171732203,1760.4183830887505,-655.1377886434641,0.3070223873459151,0.6709878254811675,0.1217114267541779,3599,110,3489,480,2.6457791554424173,480,2.6457791554424173,476,2.670796064659879,none,raw
640,2307600,3600,5.245670409186924,0.0,1.7431389085686786,0.5867929822560587,0.0,0.7539104424949775,1.7168851582969222,0.444942920209013,1601.7945127524467,2842.487718966136,2222.141115859225,-620.346603106818,0.444942920209013,0.7895799219350378,0.1361669908748534,3600,141,3459,480,3.682619189927282,480,3.682619189927282,464,3.827899761176114,none,raw
641,2311200,3600,5.274455396382966,0.0,1.958054656834006,0.6703539097033944,0.0,1.0215841149893812,1.5124828719862171,0.1119798420309783,403.1274313115221,2284.3462035020743,1343.7368174068283,-940.6093860952232,0.1119798420309783,0.6345406120839095,0.1072655982894726,3567,115,3452,432,1.3548579884895255,432,1.3548579884895255,405,1.514617703775792,none,raw
642,2314800,3600,5.340516952263295,0.0,2.0094585288892595,0.6963829916382366,0.0,0.9987474285156924,1.4923071013769549,0.1436209070253193,517.0352652911495,2572.197778752464,1544.6165220217176,-1027.5812567305911,0.1436209070253193,0.7144993829867954,0.1187830358894621,3600,126,3474,480,1.461335826638538,480,1.461335826638538,453,1.627202467145126,none,raw
643,2318400,3600,5.201776599706047,-2.1941326429055933e-06,1.9967144628385567,0.6804279296116486,0.0,0.8386505028724156,1.4526747610963735,0.2333111369045557,839.9200928564005,3845.581284921256,2342.750688888801,-1502.8305960324308,0.2333111369045557,1.068217023589238,0.1729146667572666,3600,105,3495,480,2.138166425001816,480,2.138166425001816,434,2.512155814702008,none,raw
644,2322000,3600,5.189648294518184,0.0,1.6214317126822837,0.5518881463359676,0.0,0.9095451094709884,1.722856389609156,0.3839269376117474,1382.1369754022903,2660.8237683304465,2021.480371866332,-639.3433964640589,0.3839269376117474,0.739117713425124,0.1290457709943893,3600,140,3460,480,3.2236782225642195,480,3.2236782225642195,464,3.351514970584274,none,raw
645,2325600,3600,4.880353439003229,0.0,1.3226436991873844,0.5010936579430874,0.0,1.1280326942749954,1.7024122688559142,0.2261711168418742,814.216020630747,1988.9312227131495,1401.5736216719902,-587.3576010412515,0.2261711168418742,0.5524808951980972,0.1027980226095643,3600,130,3470,480,2.0409874107055783,480,2.0409874107055783,480,2.0409874107055783,none,raw
646,2329200,3600,5.241189739936186,0.0,1.671765015580224,0.5597070714537683,0.0,0.9265885204972598,1.722545985197362,0.3605831481564632,1298.0993333632678,2504.6475994968905,1901.37346643002,-603.2741330667869,0.3605831481564632,0.6957354443046918,0.1211170832239768,3600,133,3467,480,3.0495835979458605,480,3.0495835979458605,464,3.172551708606364,none,raw
647,2332800,3600,5.152965249674291,0.0,1.602027863907583,0.5517594348620077,0.0,0.933497643792216,1.726573052018208,0.3391072582839017,1220.7861298220464,2389.0554010926885,1804.9207654573404,-584.1346356353212,0.3391072582839017,0.6636265003035245,0.1175555261110829,3600,140,3460,468,2.964135405102767,468,2.964135405102767,452,3.08164217851849,none,raw
648,2336400,3600,5.153399892984372,0.0,1.6171607688622789,0.551332579347528,0.0,1.0075163091055763,1.727746168764528,0.2496440675654611,898.7186432356599,2093.7356049331743,1496.2271240844154,-597.5084808487907,0.2496440675654611,0.5815932235925484,0.1032769241986962,3600,153,3447,480,2.219170784518652,480,2.219170784518652,464,2.305661178617162,none,raw
649,2340000,3600,5.413460243867918,0.0,1.4917641312412109,0.4963284790856831,0.0,1.2916775297059038,1.75434623886401,0.3793438675853644,1365.637923307312,2506.722091378776,1936.180007342953,-570.5420840357076,0.3793438675853644,0.69631169204966,0.1179612533484466,3559,140,3419,432,3.540859757802622,432,3.540859757802622,432,3.540859757802622,none,raw
650,2343600,3600,5.748327792704416,0.0,1.9953378821777208,0.6701218526087163,0.0,1.084005618168934,1.596569370224158,0.4022930697637887,1448.2550511496397,2933.0014221759984,2190.6282366627943,-742.3731855132165,0.4022930697637887,0.8147226172711106,0.1300810349164584,3600,125,3475,476,3.4252929175635662,476,3.4252929175635662,458,3.590094075247836,none,raw
651,2347200,3600,5.388825803053462,0.0,1.4754466693872503,0.4843635686528093,0.0,1.3760816679988228,1.7096226348530603,0.343311261493559,1235.9205413768127,2424.235022236057,1830.077781806364,-594.157240429622,0.343311261493559,0.6733986172877936,0.11478515086727,3600,151,3449,480,2.917093059085135,480,2.917093059085135,476,2.9444288449789044,none,raw
652,2350800,3600,5.354930077300717,-0.000379804316517,2.0414484966570243,0.6857023572824823,0.0,1.1017922658557937,1.493010454829435,0.0333563080093414,120.08270883362908,2446.5525369345046,1283.317622884099,-1163.2349140504036,0.0333563080093414,0.6795979269262513,0.1116964452913855,3600,104,3496,480,0.6491285548486528,480,0.6491285548486528,435,0.8198498634899057,none,raw
653,2354400,3600,5.406483817554803,-0.006690771012424,1.7421202845268215,0.585805951646576,0.0,0.9127192721212324,1.741246825270777,0.4312822586035266,1552.6161309726958,3137.9716021918525,2345.2938665821816,-792.6777356095301,0.4312822586035266,0.8716587783866258,0.1448694987349049,3576,132,3444,432,3.994849118889496,432,3.994849118889496,401,4.377626589931027,none,raw
654,2358000,3600,5.541304448965627,-0.0038257822789445,1.775090951743372,0.598460252773804,0.0,0.8992320831523254,1.7689590983433678,0.5033878457621024,1812.1962447435685,3810.319728127117,2811.257986435244,-999.0617416917216,0.5033878457621024,1.0584221467019768,0.169518159804118,3600,130,3470,454,4.3769777876371485,454,4.3769777876371485,414,4.877752931742831,none,raw
655,2361600,3600,5.490205061685022,0.0,1.4652774778982645,0.4857434190125262,0.0,1.4170811579619962,1.7536432767489778,0.3684597298549193,1326.4550274777096,2574.2588502636595,1950.3569388706128,-623.9019113929405,0.3684597298549193,0.7150719028510165,0.1198279070991321,3600,148,3452,480,3.1085809452289483,480,3.1085809452289483,476,3.1366828005408185,none,raw
656,2365200,3600,5.581954632455276,0.0,1.900707693700308,0.6364434393248536,0.0,1.1537712069028316,1.6584606861957412,0.2325716040284087,837.2577745022714,2560.7297240937464,1698.993749297889,-861.7359747956577,0.2325716040284087,0.7113138122482628,0.1160751029859145,3600,121,3479,480,2.11567443970883,480,2.11567443970883,455,2.2733480144884592,none,raw
657,2368800,3600,5.306265420015487,-0.0030833109821838,2.0385883665723887,0.6946852326180883,0.0,1.046851177968957,1.4248953870424266,0.1043285661740699,375.582838226652,3333.6315731591567,1854.6072056928983,-1479.024367466273,0.1043285661740699,0.926008770321988,0.1492112792736558,3600,90,3510,480,1.19940712433383,480,1.19940712433383,431,1.464813473043441,none,raw
658,2372400,3600,5.437536697443575,-2.7206630674053986e-07,2.0240175477459466,0.6699215775995518,0.0,1.1439118086208118,1.5066506820400356,0.093035361193939,334.9273002981805,2614.252250714142,1474.5897755061185,-1139.662475207884,0.093035361193939,0.7261811807539283,0.1184053575089884,3600,122,3478,480,1.101579170942825,480,1.101579170942825,443,1.2963667320206715,none,raw
659,2376000,3600,5.082764845216233,0.0,1.3892499328224897,0.5075676779561674,0.0,1.235203558478826,1.6805307567165948,0.2702129203940885,972.7665134187184,2265.588145962497,1619.1773296905594,-646.4108162719556,0.2702129203940885,0.6293300405451381,0.1134502822825294,3600,119,3481,480,2.376585328881352,480,2.376585328881352,469,2.4427169508460307,none,raw
660,2379600,3600,5.184503155514314,0.0,1.3770185756401152,0.4861829830095071,0.0,1.2655858784722325,1.732351662053504,0.3233640536653313,1164.110593195193,2378.7339683009423,1771.4222807480755,-607.3116875528941,0.3233640536653313,0.6607594356391506,0.1164877418285887,3600,134,3466,480,2.7746150620555365,480,2.7746150620555365,476,2.799409736242163,none,raw
661,2383200,3600,5.026682812655862,0.0,1.4072400526748845,0.4945573477090964,0.0,1.1850145368643934,1.6734095646871332,0.2664613054305408,959.260699549947,2244.667206894355,1601.9639532221793,-642.7032536722357,0.2664613054305408,0.6235186685817652,0.1125949583753575,3600,121,3479,480,2.3481671319988604,480,2.3481671319988604,476,2.3697171987167165,none,raw
662,2386800,3600,5.271985494043782,0.0,1.4983822777932745,0.4930816104698025,0.0,1.219631387374031,1.7149108647907343,0.3459793526516921,1245.5256695460916,2372.85272838462,1809.189198965252,-563.6635294192624,0.3459793526516921,0.6591257578846166,0.114396015092544,3600,178,3422,480,2.943849774517141,480,2.943849774517141,476,2.969381486000908,none,raw
663,2390400,3600,5.397453837908494,-0.0077865506175993,1.8675807717921389,0.6388566851095264,0.0,0.7272492933491248,1.7240023648252474,0.4475512729654127,1611.184582675486,3427.8910745156622,2519.537828595549,-908.3532459201076,0.4475512729654127,0.9521919651432396,0.1555058861839956,3600,130,3470,480,3.741905885307855,480,3.741905885307855,449,4.072160551960402,none,raw
664,2394000,3600,5.302352434513935,-0.0083399354881757,1.7898793999596048,0.6058664281511968,0.0,0.6884586141408994,1.7475796430947954,0.4789082800049358,1724.069808017769,3788.907506598095,2756.488657307876,-1032.41884929015,0.4789082800049358,1.0524743073883598,0.171514290492976,3600,123,3477,480,3.9581191871991903,480,3.9581191871991903,440,4.4050263398504645,none,raw
665,2397600,3600,5.33400149888566,-0.0006299429073761,2.1004016909959784,0.7167818273939534,0.0,0.9839242989702912,1.4627971505927824,0.0707264744999621,254.6153081998636,2915.7318308294007,1585.1735695145962,-1330.5582613147496,0.0707264744999621,0.8099255085637224,0.1309193626324513,3600,95,3505,480,0.9528394317654898,480,0.9528394317654898,455,1.0542888812373632,none,raw
666,2401200,3600,5.344432257530797,-0.0067823462462869,1.7545583939080434,0.5765988924829213,0.0,0.7398241078569481,1.7243416912115708,0.5558915128119701,2001.209446123093,3452.734979376869,2726.9722127498885,-725.7627666268493,0.5558915128119701,0.959093049826908,0.1595139961349772,3600,143,3457,480,4.527525248902238,480,4.527525248902238,449,4.910366105636164,none,raw
667,2404800,3600,5.297606064195279,0.0,1.5519534435470888,0.4875399282175675,0.0,1.17917198569774,1.704543760337493,0.3743969441289574,1347.8289988642468,2507.714686931215,1927.7718428976373,-579.9428440334585,0.3743969441289574,0.6965874130364487,0.1197646668808398,3600,149,3451,456,3.3223380300906107,456,3.3223380300906107,452,3.351835096901125,none,raw
668,2408400,3600,5.384239946235903,-0.0076678232799749,1.824686120538117,0.6123066292014545,0.0,0.7020760541919021,1.7552551872672872,0.4975837703574238,1791.301573286726,3841.21502394008,2816.258298613367,-1024.9567253266798,0.4975837703574238,1.0670041733166886,0.1720625771570482,3600,126,3474,480,4.099549191075122,480,4.099549191075122,438,4.589312039559523,none,raw
669,2412000,3600,5.13344668489247,0.0,1.4975703287794002,0.5308787077885628,0.0,1.1332971394943134,1.6859838671917788,0.2857166444284681,1028.5799199424855,2208.5899283488684,1618.5849241456615,-590.0050042032908,0.2857166444284681,0.6134972023191301,0.1100320028969169,3600,133,3467,480,2.496376817340292,480,2.496376817340292,472,2.54161665119194,none,raw
670,2415600,3600,5.405731400035115,-0.0001345535216429,2.0915405061034784,0.7106281055096676,0.0,0.9568824398070646,1.4993120969275069,0.1475028070326309,531.0101053174714,2621.2442891421465,1576.1271972297452,-1045.1170919122892,0.1475028070326309,0.7281234136505963,0.1194071112281044,3600,132,3468,480,1.538167112338069,480,1.538167112338069,450,1.729554271919389,none,raw
671,2419200,3600,5.563016835081702,0.0,1.873924124395907,0.6381082201127314,0.0,1.0436066096457035,1.6634781525808058,0.3438997257377624,1238.0390126559446,2934.889359124681,2086.4641858901978,-848.4251732342839,0.3438997257377624,0.8152470442013005,0.132272946804814,3600,136,3464,480,2.9546975914596514,480,2.9546975914596514,448,3.2233907055405373,none,raw
672,2422800,3600,5.128306147560814,0.0,1.5514108002803926,0.4912622260800435,0.0,1.0461279084772304,1.709268979791888,0.3302362383976024,1188.850458231369,2349.334520354065,1769.0924892926168,-580.242031061321,0.3302362383976024,0.6525929223205735,0.1144682468193319,3600,163,3437,480,2.8258888514739247,480,2.8258888514739247,476,2.8522682089329243,none,raw
673,2426400,3600,5.280736242118987,-0.0082776955774079,1.959452512284745,0.6781194075806316,0.0,0.6450952272401816,1.6267266740658282,0.3796201260240796,1366.6324536866864,3572.998752943356,2469.815603314993,-1103.1831496283237,0.3796201260240796,0.9924996535953768,0.1615179626502436,3600,124,3476,480,3.2467879717747885,480,3.2467879717747885,444,3.634862131707949,none,raw
674,2430000,3600,5.015036844599527,0.0,1.5120162319714894,0.535234183938028,0.0,0.9929845963262371,1.6863925367502015,0.2884092931382495,1038.273455297698,2227.16922079072,1632.7213380441942,-594.4478827466063,0.2884092931382495,0.6186581168863111,0.1122317482058993,3600,132,3468,480,2.5185111667906366,480,2.5185111667906366,468,2.592143686675629,none,raw
675,2433600,3600,5.301220259334788,0.0,1.6878754348741176,0.5978990673224315,0.0,1.0348153680036194,1.731412077648401,0.2492183107803775,897.1859188093592,2263.8076912403003,1580.4968050247023,-683.3108862153922,0.2492183107803775,0.6288354697889723,0.1079871220540084,3600,127,3473,480,2.23555572057694,480,2.23555572057694,473,2.26990312690896,none,raw
676,2437200,3600,5.119992704470513,-0.0087507884645338,2.052506672310942,0.710989760790737,-4.364611988288879e-06,0.8139984201485374,1.424659069661644,0.1265939437862876,455.73819763063534,3420.368656177629,1938.0534269041275,-1482.3152292735151,0.1265939437862876,0.9501024044937858,0.1544277230908254,3600,89,3511,480,1.3819043660606607,480,1.3819043660606607,429,1.712441607049965,none,raw
677,2440800,3600,5.326442776414463,0.0,1.8998767909842031,0.6090495508612002,0.0,0.6840211859970664,1.7175869416962948,0.4159083020811437,1497.2698874921173,2825.3710255160827,2161.3204565040573,-664.0505690119617,0.4159083020811437,0.7848252848655786,0.1318712230528229,3600,146,3454,480,3.490249939654725,480,3.490249939654725,464,3.629072901877049,none,raw
678,2444400,3600,5.391873153079198,-0.0086015191498152,2.054716634949344,0.688876657493766,-1.6068491616617027e-05,1.0332085601681134,1.5424502319640916,0.0812386599462721,292.45917580657965,2325.521952483812,1308.9905641452194,-1016.5313883385784,0.0812386599462721,0.6459783201343923,0.1056001634102711,3600,121,3479,480,1.031182180173467,480,1.031182180173467,453,1.1448456445912856,none,raw
679,2448000,3600,5.280535788631193,-0.0094611751777068,2.0088114675545525,0.6858856918588941,-7.10105118118703e-06,0.7464004954277562,1.5209005662982364,0.328005853043776,1180.8210709575935,3779.7539783490665,2480.287524653328,-1299.466453695749,0.328005853043776,1.0499316606525184,0.1688112248550346,3600,107,3493,480,2.8765505289894806,480,2.8765505289894806,439,3.2747664135834937,none,raw
680,2451600,3600,5.493425886091621,0.0,1.9449513908131888,0.6409091674385963,0.0,0.9917385710324184,1.657011531313618,0.2588152243702437,931.7348077328776,2545.9861768617543,1738.8604922972208,-807.1256845643743,0.2588152243702437,0.7072183824615984,0.1159787208094613,3600,115,3485,480,2.3313168596076226,480,2.3313168596076226,456,2.5144890152408483,none,raw
681,2455200,3600,5.203444912300134,-0.0097022304969108,1.9838874030547065,0.6842073066666247,-3.2624072432744493e-06,0.6208845548541395,1.6289386769364165,0.2952324668159563,1062.8368805374428,3526.8292578691403,2294.833069203268,-1231.9961886658452,0.2952324668159563,0.979674793852539,0.1591733692405659,3600,103,3497,464,2.71594592804438,464,2.71594592804438,428,3.0727706775601447,none,raw
682,2458800,3600,5.39789811700479,-6.306963892412358e-05,2.1355797651368933,0.7220470297675414,0.0,0.8720515694173414,1.4634996337766648,0.2047831887637281,737.2194795494214,3209.701666856948,1973.4605732031544,-1236.2410936537667,0.2047831887637281,0.8915837963491521,0.1430840497794199,3600,113,3487,480,1.969382252542107,480,1.969382252542107,444,2.2171408929455554,none,raw
683,2462400,3600,5.227403307287022,0.0,1.8869490360109724,0.5957246387728983,0.0,0.5388179912057565,1.7402844482757625,0.465627190624728,1676.2578862490209,2765.8689986951545,2221.0634424720165,-544.8055562230435,0.465627190624728,0.7682969440819873,0.131265922602312,3600,166,3434,444,4.185065967922837,444,4.185065967922837,427,4.3789790171681,none,raw
684,2466000,3600,5.371010927348397,-0.0101684381068734,1.93735653566955,0.6483470112982195,-5.28032977635353e-06,0.5782534686708665,1.7301211768035116,0.4871064436312252,1753.583197072411,3636.092714342451,2694.8379557074068,-941.254758635042,0.4871064436312252,1.010025753984014,0.1624231941232642,3600,130,3470,480,4.049941236590786,480,4.049941236590786,449,4.415421149023269,none,raw
685,2469600,3600,5.281405672961329,-0.0047821911252368,2.067674920807561,0.6895601502644284,0.0,0.981887726980966,1.5242772469528003,0.0227878166027499,82.03613976989969,2303.074684896513,1192.5554123332397,-1110.5192725632662,0.0227878166027499,0.6397429680268092,0.1057451358756143,3600,115,3485,480,0.5939948992352047,480,0.5939948992352047,443,0.7371445541181385,none,raw
686,2473200,3600,5.354928597909295,-0.000573955309829,2.1340828709314503,0.7187292143624741,0.0,0.9482372146764514,1.4627942771827496,0.0916589872362388,329.9723540504598,2926.2458141135103,1628.1090840819602,-1298.1367300315223,0.0916589872362388,0.8128460594759751,0.1311036977244027,3600,101,3499,480,1.1209788495515691,480,1.1209788495515691,444,1.3031078405449266,none,raw
687,2476800,3600,5.251855661239889,0.0,1.883986370922232,0.5973892840478993,0.0,0.6598078332156398,1.727327455902887,0.3833447146480295,1380.0409727329063,2593.286285708376,1986.6636292205967,-606.6226564877197,0.3833447146480295,0.72035730158566,0.1228783238218395,3600,161,3439,480,3.247083845657962,480,3.247083845657962,463,3.3850580925499743,none,raw
688,2480400,3600,5.236775291578766,0.0,1.6679225640385162,0.5726660326041197,0.0,0.9992288740680864,1.6979157637271067,0.2990420601663,1076.55141659868,2319.75383847779,1698.152627538135,-621.6012109395258,0.2990420601663,0.6443760662438306,0.1124646718766206,3600,130,3470,480,2.6093316549507617,480,2.6093316549507617,480,2.6093316549507617,none,raw
689,2484000,3600,5.085129301809809,0.0,1.6603232324510555,0.5030706664938385,0.0,0.9892725794740352,1.7078540487556522,0.2246087729429199,808.5915825945119,2230.1745072348804,1519.3830449145964,-710.7914623201227,0.2246087729429199,0.6194929186763557,0.1074904486152867,3600,157,3443,462,2.123217539457471,462,2.123217539457471,458,2.1428002088069302,none,raw
690,2487600,3600,5.13112887530426,-0.0145950537563499,2.049907113894609,0.7140380050216582,-6.1816391874999495e-06,0.8428951389027689,1.4264509249331412,0.1124389289158176,404.7801440969434,3289.6087781628044,1847.194461129872,-1442.4143170329455,0.1124389289158176,0.9137802161563344,0.1485901954671744,3600,82,3518,480,1.263339133395975,480,1.263339133395975,429,1.5741552140346722,none,raw
691,2491200,3600,5.320958525627373,-0.0024275760175111,2.05892720169258,0.6776419476891005,0.0,1.04327531429477,1.566523897171577,-0.0229822603769192,-82.73613735690928,2166.3819320388684,1041.8228973410064,-1124.5590346978458,-0.0229822603769192,0.6017727588996856,0.0992184552085831,3600,108,3492,480,0.2301849129486529,480,0.2301849129486529,439,0.3492510882987551,none,raw
692,2494800,3600,5.493465083609853,-0.0014180685418649,2.12007496587773,0.7142123869760302,0.0,0.9741816345524924,1.4631826205520777,0.2232315430152848,803.6335548550253,3402.929676390753,2103.2816156228528,-1299.6480607678534,0.2232315430152848,0.945258243441876,0.1491789818710723,3600,123,3477,480,2.104759233433223,480,2.104759233433223,452,2.298939816656212,none,raw
693,2498400,3600,5.1892022846103645,0.0,1.6263494482093286,0.530810914404566,0.0,1.0866567520397867,1.689578019697456,0.2558071440567403,920.9057186042652,2109.267258835228,1515.086488719743,-594.1807701155789,0.2558071440567403,0.5859075718986745,0.1037137737505933,3599,150,3449,480,2.27923149047828,480,2.27923149047828,476,2.30120259124728,none,raw
694,2502000,3600,5.5187150565043295,-0.0140465317748998,1.9480233804053144,0.6568581540846251,-4.400473122015553e-06,0.6533819195751763,1.746024285040938,0.5284782471091178,1902.5216895928245,3559.238168330869,2730.879928961821,-828.3582393690397,0.5284782471091178,0.988677268980797,0.1578654619965558,3600,167,3433,480,4.353494956910567,480,4.353494956910567,449,4.728943324070258,none,raw
695,2505600,3600,5.780058034659725,0.0,2.062206934362066,0.6639177880368706,0.0,1.1125067780697309,1.6387419577776832,0.3026845806194614,1089.6644902300611,2561.3088736480413,1825.4866819390372,-735.8221917090281,0.3026845806194614,0.7114746871244559,0.1130800820779781,3600,118,3482,480,2.6675890156037707,480,2.6675890156037707,460,2.819477790380392,none,raw
696,2509200,3600,5.541342115563651,-0.0020780881077026,2.1190624953840493,0.7233785786780936,0.0,1.0040983240630268,1.5006201555622938,0.1962606544827194,706.5383561377898,2697.6218213503366,1702.080088744016,-995.5417326062446,0.1962606544827194,0.7493393948195379,0.1208886980042705,3569,117,3452,432,2.116635458818502,432,2.116635458818502,405,2.337468071260152,none,raw
697,2512800,3600,5.378066871564628,-0.0105301218733224,1.8886887575475824,0.6188272105382935,-4.399534038418472e-06,0.607211159182244,1.7439097145994955,0.5299645608996388,1907.8724192387,3785.9213750782105,2846.8968971584204,-939.0244779197672,0.5299645608996388,1.051644826410614,0.1687270660052891,3600,139,3461,480,4.353030120141741,480,4.353030120141741,440,4.843381588462674,none,raw
698,2516400,3600,5.597105951557557,0.0,1.8936741540296869,0.6236622112116762,0.0,0.9814985551357608,1.729719744387769,0.3685512817728004,1326.7846143820816,2624.449859938284,1975.617237160096,-648.8326227780522,0.3685512817728004,0.7290138499828566,0.1192564045423917,3600,142,3458,480,3.143173704078369,480,3.143173704078369,478,3.155258273874439,none,raw
699,2520000,3600,5.331861897640758,-0.0005096603001808,2.112823423015303,0.6991885006782951,0.0,1.0256985118374586,1.4794354599259716,0.0152256636196818,54.81238903085482,2430.970871444868,1242.89163023789,-1188.079241206975,0.0152256636196818,0.6752696865124633,0.1104301317330711,3600,109,3491,480,0.526535661497366,480,0.526535661497366,437,0.6632770701584508,none,raw
700,2523600,3600,5.381248757601069,-0.0154865920433686,2.0019454350869927,0.6863255925421002,-4.051491031263323e-06,0.6835070088584738,1.6276400878192618,0.397321275888349,1430.3565931980563,3782.8731332793095,2606.614863238679,-1176.258270040641,0.397321275888349,1.050798092577586,0.1669273526735672,3600,120,3480,465,3.496297000670186,465,3.496297000670186,429,3.9246648776808697,none,raw
701,2527200,3600,5.101959303581906,0.0,1.7547146196163317,0.5527823482417353,0.0,0.7848280243526378,1.7254520175114063,0.284182292008744,1023.0562512314784,2249.1770065783894,1636.1166289049245,-613.060377673464,0.284182292008744,0.6247713907162192,0.1101533347967628,3598,153,3445,480,2.500204822340656,480,2.500204822340656,463,2.6230062388421,none,raw
702,2530800,3600,5.092896957509349,0.0,1.6936413569672426,0.4925504114049219,0.0,0.9930587743541252,1.700588624415179,0.213057789908361,767.0080436700997,2179.0960717597286,1473.0520577148443,-706.0440140447934,0.213057789908361,0.6053044643777024,0.105464658009575,3600,168,3432,480,1.9581533317199475,480,1.9581533317199475,475,1.9794873478067427,none,raw
703,2534400,3600,5.359371500308625,-0.017459266850979,2.0921115927696112,0.7223134850678887,-4.942367042564608e-06,0.8645317486828945,1.4664849434404537,0.2313939401843965,833.0181846638275,3636.516063754482,2234.767124209156,-1401.7489395453388,0.2313939401843965,1.0101433510429116,0.1592701337572912,3584,76,3508,432,2.40740173551655,432,2.40740173551655,381,2.9136229159002967,none,raw
704,2538000,3600,5.2008802016410565,0.0,1.907806627527941,0.5979257852187584,0.0,0.681693641208996,1.7202456064420864,0.2932085450337776,1055.5507621215995,2306.8808949351296,1681.2158285283288,-625.6650664067488,0.2932085450337776,0.6408002485930916,0.1105004161520518,3600,144,3456,480,2.573107181598988,480,2.573107181598988,464,2.681833860601778,none,raw
705,2541600,3600,5.624545920967228,0.0,2.093509776347307,0.6792180503141912,0.0,0.956839898136372,1.5769355163417658,0.3180426769562424,1144.9536370424728,2700.0994659664902,1922.526551504464,-777.5729144619974,0.3180426769562424,0.7500276294351362,0.1210710933503603,3600,110,3490,480,2.7802820480711987,480,2.7802820480711987,463,2.895739515655909,none,raw
706,2545200,3600,5.160698203766596,0.0,1.6174613179386774,0.5078010620035428,0.0,0.9906430398784264,1.724636616647082,0.3201561662127753,1152.5621983659912,2400.72510087455,1776.6436496202775,-624.0814512543076,0.3201561662127753,0.6668680835762639,0.1165655084270615,3600,140,3460,480,2.768137185749203,480,2.768137185749203,476,2.795123515221041,none,raw
707,2548800,3600,5.327026518067837,-0.0115107190602694,1.9248220510191347,0.6386429731269875,-5.803170389233338e-06,0.5514564829234394,1.720616669007565,0.5030048671882927,1810.817521877854,3628.934398080783,2719.8759599793,-909.0584381014864,0.5030048671882927,1.0080373328002177,0.1630367770640787,3600,131,3469,480,4.167099386813767,480,4.167099386813767,449,4.541449274691911,none,raw
708,2552400,3600,5.18288607290325,0.0,1.68031945110214,0.49321645193248,0.0,0.9062864897111238,1.7151122724779313,0.3879514044181059,1396.6250559051812,2541.2727148248514,1968.9488853649268,-572.3238294597924,0.3879514044181059,0.7059090874513476,0.1214374373119795,3600,158,3442,432,3.635886189080777,432,3.635886189080777,428,3.668404842839344,none,raw
709,2556000,3600,5.242324659772113,0.0,1.608389405361938,0.507058544202188,0.0,1.0258409835198457,1.7265049722458898,0.3745307610633356,1348.3107398280083,2540.690004569468,1944.5003721987005,-596.1896323707122,0.3745307610633356,0.7057472234915189,0.1217363790632555,3599,138,3461,480,3.170333221202448,480,3.170333221202448,476,3.1980739182087112,none,raw
710,2559600,3600,5.179018233501249,0.0,1.849803294839964,0.5726579819141615,0.0,0.6684572886754027,1.7345299207399285,0.3535697423002122,1272.851072280764,2367.5967137486,1820.223893014644,-547.3728207339085,0.3535697423002122,0.6576657538190556,0.1140744897699016,3555,156,3399,432,3.357976506698896,432,3.357976506698896,414,3.532369181360262,none,raw
711,2563200,3600,5.550340490421902,0.0,2.100758548472815,0.6846268849455417,0.0,0.9377110314933472,1.5768307182121268,0.2504133072766835,901.4879061960606,2580.604527313405,1741.0462167547155,-839.5583105586776,0.2504133072766835,0.7168345909203901,0.1160656767253451,3600,105,3495,480,2.274671267955704,480,2.274671267955704,466,2.35571405952435,none,raw
712,2566800,3600,5.346663788603618,0.0,1.814239897416595,0.6076357945920215,0.0,0.9366471469921976,1.7222973058905116,0.2658436389675885,957.0371002833184,2295.1414128855918,1626.089256584341,-669.0521563010687,0.2658436389675885,0.6375392813571087,0.1076997184091219,3598,134,3464,480,2.366403350457792,480,2.366403350457792,474,2.400235425460435,none,raw
713,2570400,3600,5.133811697544944,0.0,1.862470710066624,0.5749886143946052,0.0,0.6343239721345745,1.7340695277007443,0.3279588780163492,1180.6519608588571,2353.8125523182293,1767.232256588512,-586.580295729672,0.3279588780163492,0.653836820088397,0.1133582402632642,3556,158,3398,432,3.1467840069850697,432,3.1467840069850697,414,3.3112466798914544,none,raw
714,2574000,3600,5.388820266158582,0.0,1.711112946177093,0.5088402154843606,0.0,1.0181652776320411,1.74254166728266,0.4081601589045558,1469.376572056401,2631.7326455653347,2050.554608810788,-581.1780367544239,0.4081601589045558,0.7310368459903708,0.1221016707198198,3600,158,3442,480,3.420409194429544,480,3.420409194429544,476,3.4505798938493046,none,raw
715,2577600,3600,5.319851595858733,-0.0006930887604789,2.1186856714090427,0.7077913789405874,0.0,0.9718606910377808,1.492856048324683,0.0293508967415687,105.66322826964746,2391.709129876487,1248.6861790730095,-1143.0229508033324,0.0293508967415687,0.6643636471879131,0.1087328728940307,3600,104,3496,480,0.6355033142556852,480,0.6355033142556852,456,0.722107305506909,none,raw
716,2581200,3600,5.442317998164929,-0.0143893430394305,1.956967394292516,0.6638985248102108,-7.101069290237897e-06,0.6080968077733536,1.7365224364301903,0.4912292739413775,1768.4253861889592,3643.065036753279,2705.745211471099,-937.3198252821804,0.4912292739413775,1.0119625102092442,0.1614868550677022,3600,142,3458,480,4.077036318692762,480,4.077036318692762,449,4.425788685146859,none,raw
717,2584800,3600,5.383454421041274,0.0,1.6225835441248366,0.5180918706982648,0.0,1.1301509319634235,1.7502020390299238,0.362426031877264,1304.7337147581504,2555.8169239650224,1930.2753193615745,-625.5416046034466,0.362426031877264,0.7099491455458395,0.1201834880135347,3594,127,3467,480,3.081163162359835,480,3.081163162359835,476,3.1106617313703486,none,raw
718,2588400,3600,5.231173487398774,0.0,1.708337243278054,0.5084050765076378,0.0,1.0043547347915165,1.722030588763067,0.28804583755482,1036.965015197352,2399.7575151105857,1718.3612651538408,-681.3962499565255,0.28804583755482,0.6665993097529405,0.1132612967817922,3581,161,3420,432,2.8020152100759907,432,2.8020152100759907,427,2.835940597384468,none,raw
719,2592000,3600,5.22280437586829,-0.0209915095991901,2.015029098335776,0.6995857069938043,-3.50596207769322e-05,0.6106551032511004,1.588032903548979,0.330528130119842,1189.9012684314312,3767.002014026462,2478.451641228931,-1288.5503727975092,0.330528130119842,1.046389448340684,0.1659643311262012,3600,113,3487,480,2.885025268574881,480,2.885025268574881,439,3.2764127391085216,none,raw
720,2595600,3600,5.2062030218464015,-0.0053584679731502,2.1158578386524143,0.71707831459794,0.0,0.8435464415477566,1.4936844929575408,0.0413944045390162,149.01985634045832,2417.5103288453192,1283.265092592832,-1134.245236252341,0.0413944045390162,0.6715306469014776,0.1103233590398874,3600,106,3494,480,0.7210697195062479,480,0.7210697195062479,444,0.8578856917509433,none,raw
721,2599200,3600,5.0816262364304725,-0.0146949477336599,1.8927712675515227,0.6204000544480117,-7.508299140513499e-06,0.4695115317499432,1.7514717195601572,0.3621741216928851,1303.8268380943866,3318.72795819188,2311.2773981431,-1007.4505600487612,0.3621741216928851,0.9218688772755222,0.1516670131757463,3600,166,3434,480,3.0916493059017256,480,3.0916493059017256,440,3.490200044608596,none,raw
722,2602800,3600,5.02135674486092,-0.016048759329141,1.891438779737311,0.5991065276987946,-6.436304072003038e-06,0.5090439458978661,1.7435613430477268,0.2942613386732172,1059.340819223582,2746.150661448959,1902.7457403362448,-843.4049211126884,0.2942613386732172,0.7628196281802664,0.1292501485756562,3589,141,3448,432,2.8747495873374733,432,2.8747495873374733,396,3.230228552552508,none,raw
723,2606400,3600,5.162793165476113,-0.0190009763329133,2.040718391425857,0.7092274843360657,-8.521845856935735e-06,0.6997021047644949,1.4685905615868815,0.2635641180137495,948.8308248494982,3788.082354916915,2368.4565898832066,-1419.625765033718,0.2635641180137495,1.0522450985880318,0.1684047526799999,3600,109,3491,464,2.476670568923754,464,2.476670568923754,426,2.8234948082981326,none,raw
724,2610000,3600,5.249954144179097,-0.0173585316563745,1.8870632750246736,0.5943191283990954,-6.506927054158612e-05,0.5100488767387797,1.7273682345265258,0.5485782285561842,1974.881622802263,3402.2843025303014,2688.582962666216,-713.701339863996,0.5485782285561842,0.9450789729250836,0.1555559375254758,3600,180,3420,480,4.486335199969096,480,4.486335199969096,448,4.893370756226415,none,raw
725,2613600,3600,5.762611981970776,-0.0074524840682009,2.1039208585667386,0.70655738248657,-3.820235190493627e-06,0.9821838525847688,1.5536760408723893,0.4237301521363326,1525.4285476907976,3011.886402643487,2268.65747516712,-743.2289274763708,0.4237301521363326,0.8366351118454131,0.1312651714587819,3600,122,3478,480,3.5896227923729565,480,3.5896227923729565,445,3.94785205564256,none,raw
726,2617200,3600,5.225357128654917,-0.0240550701193989,2.106969099157506,0.7527218564846812,-0.0001264029750738,0.8812244485949754,1.4380943437768496,0.0705288554832001,253.90387973952068,3282.8655834493493,1768.3847315944229,-1514.480851854918,0.0705288554832001,0.911907106513708,0.1440970429306529,3600,77,3523,480,0.954205207546904,480,0.954205207546904,429,1.227878339304042,none,raw
727,2620800,3600,5.265608809518938,-0.0037524088189088,2.122174336786681,0.718922290398231,0.0,0.8548111896121283,1.4595131002553066,0.1139403008825284,410.1850831771024,2676.439017145136,1543.3120501610474,-1133.1269669839337,0.1139403008825284,0.7434552825403156,0.1216188468206663,3600,129,3471,480,1.2642093855523504,480,1.2642093855523504,461,1.371887782729921,none,raw
728,2624400,3600,5.008849500327681,0.0,1.6812627749018962,0.5438123457388233,0.0,0.8190162304796489,1.7013493577294942,0.2634087979567032,948.2716726441316,2075.809058681018,1512.0403656626122,-563.7686930184921,0.2634087979567032,0.5766136274113939,0.1028668067440418,3592,143,3449,480,2.3383475044469235,480,2.3383475044469235,480,2.3383475044469235,none,raw
729,2628000,3600,5.110348303902817,-0.0217499131811326,2.0023078333515176,0.6963521580360266,-4.865869234028011e-05,0.4251725624847892,1.6407906502158405,0.367523663866664,1323.0851899199904,3555.984775120856,2439.5349825204057,-1116.449792600428,0.367523663866664,0.987773548644682,0.1595162266228533,3557,112,3445,432,3.5116313591350856,432,3.5116313591350856,399,3.9178677195690335,none,raw
730,2631600,3600,5.185897591382576,0.0,1.7349362240157251,0.5756996774050589,0.0,0.8449407134905084,1.6913423753324377,0.3389786061151413,1220.3229820145086,2421.0748260506225,1820.6989040324668,-600.375922018039,0.3389786061151413,0.6725207850140618,0.1165453639381177,3591,145,3446,480,2.909660974434798,480,2.909660974434798,472,2.961933174546781,none,raw
731,2635200,3600,5.165199166904204,-0.0038078189996329,2.1105657176026646,0.7156571280823962,0.0,0.8301473758535306,1.5288101661766769,-0.0161733996785256,-58.22423884269229,2066.510547916255,1004.1431545368076,-1062.3673933794398,-0.0161733996785256,0.5740307077545153,0.0958165125670276,3600,95,3505,439,0.3204248969144508,439,0.3204248969144508,396,0.4742423474084585,none,raw
732,2638800,3600,5.006576336851447,-0.0161506340147073,1.8774534208017333,0.6035946304937819,-2.902988022789076e-05,0.3115120173386969,1.7669775198487068,0.4632184187565938,1667.5863075237378,3703.165663034069,2685.375985278848,-1017.789677755135,0.4632184187565938,1.0286571286205746,0.1677398102016948,3600,135,3465,442,4.184586390761668,442,4.184586390761668,402,4.708648863054223,none,raw
733,2642400,3600,5.112566260564264,-0.0058464074578091,2.114417284537003,0.7034250499308211,0.0,0.8027914248564861,1.5507943257980232,-0.0530154169129461,-190.855500886606,2130.3380098703306,969.7412544918898,-1160.596755378429,-0.0530154169129461,0.591760558297314,0.0979111959694129,3600,111,3489,480,0.0077178457232196,480,0.0077178457232196,442,0.1106545909384948,none,raw
734,2646000,3600,5.282175175520695,0.0,1.7697778095368906,0.515037890038206,0.0,0.7511181028724188,1.7500091952552244,0.4962321786506019,1786.4358431421667,2894.157511512241,2340.296677327136,-553.8608341850214,0.4962321786506019,0.8039326420867337,0.1330821950453375,3598,190,3408,480,4.085266472154525,480,4.085266472154525,470,4.174076417875968,none,raw
735,2649600,3600,5.302723375395354,0.0,2.0310075505505134,0.6446795520799536,0.0,0.7787490784170745,1.6527988337543045,0.1954883566608535,703.7580839790728,2584.3668993861106,1644.06249168251,-940.3044077034748,0.1954883566608535,0.7178796942739196,0.1174449032900429,3599,165,3434,480,1.8516468715588537,480,1.8516468715588537,452,2.016923875596563,none,raw
736,2653200,3600,5.253901903842473,0.0,2.039458451313938,0.6459059483934106,0.0,0.7246165968329125,1.6536612448533876,0.1902596633298515,684.9347879874657,2595.5677347715823,1640.2512613794445,-955.316473392016,0.1902596633298515,0.7209910374365507,0.1182121166725248,3599,153,3446,480,1.813310343951724,480,1.813310343951724,453,1.9666597103494856,none,raw
737,2656800,3600,4.997481998758934,0.0,1.794135304491392,0.4999010576812603,0.0,0.8091310681947927,1.692392601260016,0.2019219667889544,726.9190804402359,2138.461386653646,1432.6902335468867,-705.771153106681,0.2019219667889544,0.5940170518482351,0.1024237932629208,3596,193,3403,480,1.877317232816188,480,1.877317232816188,470,1.922316782034476,none,raw
738,2660400,3600,5.471549203000549,0.0,2.161826693275076,0.7005400172524183,0.0,0.7207056797624922,1.5519659302886717,0.3365108883920883,1211.439198211518,2906.347241381937,2058.8932197967138,-847.4540215852531,0.3365108883920883,0.8073186781616493,0.129568123855507,3600,123,3477,480,2.9377477900639004,480,2.9377477900639004,446,3.227106553017943,none,raw
739,2664000,3600,5.560962050625951,0.0,2.164112879856868,0.687674460903843,0.0,0.7670994369134289,1.5798580823479054,0.3622171887754489,1303.9818795916162,2909.8642539624498,2106.923066777009,-802.9411871854204,0.3622171887754489,0.8082956261006805,0.1291053569284016,3600,139,3461,480,3.1189991643537764,480,3.1189991643537764,456,3.30538858590128,none,raw
740,2667600,3600,5.16120974619058,-0.0055976389546824,2.1789437397972886,0.7335204341389664,0.0,0.7177615694780137,1.4640865981636209,0.0724950462013951,260.98216632502255,3053.947269095237,1657.464717710109,-1396.482551385105,0.0724950462013951,0.8483186858597881,0.136959453705438,3600,102,3498,480,0.9818663900915544,480,0.9818663900915544,444,1.149590162575984,none,raw
741,2671200,3600,4.916211190027599,-0.0174264405076541,1.9156443478062688,0.5740969006518505,-5.870805029867449e-05,0.3143460333140543,1.7223288335032914,0.4072802251416207,1466.2088105098348,3087.275321643926,2276.7420660768307,-810.5332555670258,0.4072802251416207,0.8575764782344238,0.1454892670693267,3600,149,3451,480,3.447335258598251,480,3.447335258598251,442,3.855468826931046,none,raw
742,2674800,3600,5.169999440653935,-0.0174743555813612,2.0583624478551634,0.6887177161231723,-5.883249957121065e-05,0.3723750307335845,1.677087489662951,0.3909899417775517,1407.563790399186,3753.4480059897687,2580.505898194466,-1172.9421077952966,0.3909899417775517,1.042624446108269,0.1669059799104273,3600,117,3483,473,3.409316467892408,473,3.409316467892408,444,3.735570097699519,none,raw
743,2678400,3600,5.069893666992688,-0.0166943862330885,1.9965284938958625,0.6444694905488537,-6.217175459187392e-05,0.428651045378112,1.7027472351483952,0.3142539521858634,1131.3142278691082,3314.0884041611503,2222.7013160151173,-1091.387088146044,0.3142539521858634,0.9205801122669862,0.1503741713149408,3600,134,3466,480,2.75368469917718,480,2.75368469917718,440,3.108637683747572,none,raw
744,2682000,3600,5.287086685612384,-0.0061480013713523,2.1633112685972957,0.7242097329273846,0.0,0.7858382168192989,1.479977757053224,0.139897711440863,503.6317611871068,2661.5869052604835,1582.6093332237524,-1078.977572036656,0.139897711440863,0.7393296959056899,0.1206188010585303,3600,132,3468,480,1.4899330237763266,480,1.4899330237763266,443,1.7011148404509266,none,raw
745,2685600,3600,5.109518792618894,-0.0250416813854436,2.1133890105632864,0.739822175886763,-0.0001081480136338,0.7939500531520052,1.4690491432677724,0.0184582348451711,66.44964544261623,3215.3457306939613,1640.8976880682849,-1574.4480426256848,0.0184582348451711,0.8931515918594337,0.1423948176164137,3586,56,3530,432,0.6593455583301671,432,0.6593455583301671,370,0.946757335880266,none,raw
746,2689200,3600,5.2207561453812135,-0.0009137266721417,2.012322854890361,0.6072486819674247,0.0,0.4792122540734138,1.7146007566331865,0.4082853182828694,1469.82714581833,2830.1751264330715,2150.001136125661,-680.1739903073578,0.4082853182828694,0.7861597573425199,0.1315013643934236,3600,169,3431,480,3.452952508953783,480,3.452952508953783,458,3.667366095865504,none,raw
747,2692800,3600,5.335297325859105,0.0,1.7926549165705097,0.5093904263831904,0.0,0.8665807227961938,1.7447026936620391,0.4219685690425506,1519.086848553182,2776.793212266475,2147.9400304097653,-628.8531818566078,0.4219685690425506,0.7713314478517986,0.1275768029790147,3598,179,3419,480,3.537378007028157,480,3.537378007028157,471,3.611867331687715,none,raw
748,2696400,3600,5.832529989530642,0.0,2.118351534493599,0.636947399693412,0.0,0.9221151330172216,1.6162374637932353,0.5388784628337726,1939.9624662015813,3138.4555541086743,2539.2090101550925,-599.2465439535353,0.5388784628337726,0.8717932094746318,0.1366264662230052,3600,151,3449,480,4.439631147387996,480,4.439631147387996,448,4.799964799355051,none,raw
749,2700000,3600,5.253105098508871,-0.0226185421990129,1.9436259071775803,0.5904327114263935,-0.0001026887808939,0.4841533366931456,1.7094559539039351,0.5481584271887373,1973.3703378794544,3556.5030101399416,2764.936674009663,-791.566336130227,0.5481584271887373,0.9879175028166504,0.1611379298240159,3600,178,3422,480,4.514990330760333,480,4.514990330760333,445,4.964934824018756,none,raw
750,2703600,3600,5.460852787208019,0.0,1.7224926605810906,0.511785018254918,0.0,1.0294423177019056,1.743900270725569,0.4532325251621735,1631.6370905838248,2851.810692644252,2241.723891614037,-610.0868010302127,0.4532325251621735,0.7921696368456256,0.131115701410361,3598,147,3451,466,3.893647562089799,466,3.893647562089799,461,3.9371569111532287,none,raw
751,2707200,3600,5.720121097713709,0.0,2.159193245222455,0.6835010129883501,0.0,0.9326498689170186,1.6036295171551134,0.3411474518802944,1228.13082676906,2886.247769277773,2057.189298023387,-829.05847125433,0.3411474518802944,0.8017354914660481,0.1261066844595283,3600,140,3460,480,2.96234109517284,480,2.96234109517284,444,3.243450113705798,none,raw
752,2710800,3600,5.3574676820201175,-0.0068583345481227,2.1605686771386847,0.7239449717066703,0.0,0.8999563917815449,1.4628499972527849,0.1170059774809738,421.221518931506,2607.477586296424,1514.3495526139186,-1093.128033682414,0.1170059774809738,0.7242993295267844,0.1178579350615623,3600,121,3479,480,1.311495593429708,480,1.311495593429708,444,1.5038692535503748,none,raw
753,2714400,3600,5.386463644017155,-0.006659885797867,2.169106420578093,0.7262678103994469,0.0,0.8984127600702989,1.4644456139397837,0.134890922983312,485.60732273992335,2736.978985620497,1611.2931541801586,-1125.685831440242,0.134890922983312,0.7602719404501382,0.1224771283022111,3600,122,3478,480,1.4471297433159926,480,1.4471297433159926,456,1.5693139263209157,none,raw
754,2718000,3600,5.358570574017035,-0.0067780368695275,2.1724051116342764,0.7186050821416732,0.0,1.0085146233852704,1.481914188407884,-0.0160903947127426,-57.92542096587364,2523.340563450544,1232.7075712423582,-1290.6329922081843,-0.0160903947127426,0.7009279342918178,0.1119094898862861,3600,110,3490,480,0.3094685865772867,480,0.3094685865772867,426,0.4540822680912179,none,raw
755,2721600,3600,5.306398784557564,-0.0239187347628619,2.034942514788224,0.6859259192470228,-9.831560699197918e-05,0.6031874478835395,1.6411259964882832,0.3652339618551763,1314.8422626786348,3604.902723551223,2459.87249311492,-1145.030230436298,0.3652339618551763,1.0013618676531175,0.1593819427713523,3584,111,3473,432,3.517146044947018,432,3.517146044947018,388,4.052790196300117,none,raw
756,2725200,3600,5.816938519475775,0.0,2.1694214202355866,0.691832936535469,0.0,1.0244795577284331,1.583526181159843,0.3476784212450713,1251.642316482257,2766.222633343936,2008.9324749130917,-757.2901584308757,0.3476784212450713,0.7683951759288711,0.1205599345990743,3566,114,3452,432,3.376225290907047,432,3.376225290907047,403,3.6936117502957737,none,raw
757,2728800,3600,5.871446254392051,0.0,2.163140288537702,0.6735933418295137,0.0,1.074549548672993,1.5901231776402325,0.3700398995474597,1332.143638370855,3005.511463651458,2168.827551011104,-836.6839126402647,0.3700398995474597,0.8348642954587384,0.1289328458479356,3600,157,3443,480,3.221596413133287,480,3.221596413133287,448,3.491153572327052,none,raw
758,2732400,3600,5.274759091674867,0.0,1.7146815886208555,0.524620363157908,0.0,1.01756511565687,1.669039305735654,0.3488527131337304,1255.8697672814296,2664.9079997527315,1960.3888835170576,-704.5191162356859,0.3488527131337304,0.7402522221535365,0.1262496274809064,3582,150,3432,480,3.011435379134924,480,3.011435379134924,472,3.066706087678732,none,raw
759,2736000,3600,5.296714352116299,0.0,1.722434425094412,0.5440489148349409,0.0,1.099142496178734,1.69212851455109,0.2389600039238063,860.2560141257029,2410.9913455714177,1635.6236798484526,-775.3676657227847,0.2389600039238063,0.6697198182142827,0.1140815539957876,3582,144,3438,480,2.21202955114934,480,2.21202955114934,468,2.269624841657391,none,raw
760,2739600,3600,5.620644157355031,0.0,2.054045414915404,0.6394400043730044,0.0,1.116623840523293,1.652413938793525,0.1581209551079161,569.2354383884981,2634.142530665486,1601.6889845269172,-1032.4535461384517,0.1581209551079161,0.7317062585181906,0.1158528205934274,3599,144,3455,480,1.616201997617211,480,1.616201997617211,448,1.7891646346602348,none,raw
761,2743200,3600,5.422901349944166,0.0,1.7344397032952448,0.5230983395801428,0.0,1.0957393588444155,1.6879400309233856,0.3816839173299651,1374.0621023878743,2539.873100004721,1956.967601196291,-582.9054988084958,0.3816839173299651,0.7055203055568671,0.1198598970123469,3588,177,3411,480,3.269354004034725,480,3.269354004034725,468,3.360573065770565,none,raw
762,2746800,3600,5.591914807560129,-0.0099321045561775,2.1722318099980167,0.7246664803817171,-1.069848817074594e-05,1.0886686050285292,1.4591437465516115,0.1571469667978999,565.7290804724397,2726.108730019575,1645.9189052459526,-1080.189824773522,0.1571469667978999,0.7572524250054375,0.1194626621124291,3600,134,3466,480,1.6066968799175991,480,1.6066968799175991,453,1.773813666179447,none,raw
763,2750400,3600,5.584481268949911,-0.0196048393881527,2.076200997361373,0.6873974823766884,-0.0001154034290182,0.7732311201353098,1.6774145444440622,0.3899573723485189,1403.846540454668,3306.299115045529,2355.072827750092,-951.2262872954396,0.3899573723485189,0.9184164208459804,0.1446936560909291,3564,125,3439,432,3.724390081925887,432,3.724390081925887,399,4.128353072449476,none,raw
764,2754000,3600,5.507062994593289,-0.0247058124250711,2.0469773144521075,0.6953800810547848,-6.350901014950506e-05,0.9384797647500062,1.566306193229211,0.2846889536073938,1024.8802329866178,3731.290730820726,2378.0854819036654,-1353.2052489170578,0.2846889536073938,1.0364696474502015,0.1598675614254859,3600,106,3494,480,2.559951160688074,480,2.559951160688074,428,3.0177975284372267,none,raw
765,2757600,3600,5.333615047464975,-0.0176293424041677,1.9851605406730533,0.6450807402124535,-8.730770402502126e-05,0.7648671785901009,1.7446586538793505,0.2115645889195193,761.6325201102694,3050.504802620324,1906.068661365293,-1144.4361412550431,0.2115645889195193,0.8473624451723122,0.1365762739263906,3600,95,3505,432,2.216825583580757,432,2.216825583580757,401,2.4854480806232546,none,raw
766,2761200,3600,5.555147167171041,-0.0079114248547365,2.190170684388889,0.7425865400393606,0.0,1.1075484915102678,1.4648385883649817,0.0579142902605661,208.49144493803823,3005.1680506785697,1606.8297478082889,-1398.3383028702704,0.0579142902605661,0.8347689029662694,0.1295056455215985,3600,96,3504,480,0.870203563754496,480,0.870203563754496,438,1.0470150057625005,none,raw
767,2764800,3600,5.365131977008811,-0.0192865259200826,1.981268088744156,0.6379500528889699,-0.0001188302485406,0.7985877246469562,1.7433589390937605,0.2233725243421001,804.1410876315605,2975.986728078927,1890.0639078552424,-1085.922820223696,0.2233725243421001,0.8266629800219242,0.1333280219503561,3586,103,3483,432,2.314214320320355,432,2.314214320320355,401,2.57830239476958,none,raw
768,2768400,3600,5.8249269865660205,0.0,1.9889216555874123,0.6215842166788559,0.0,1.1935047692367438,1.7327961035293646,0.2881202410055059,1037.2328676198213,2489.370037723627,1763.3014526716386,-726.0685850518402,0.2881202410055059,0.6914916771454519,0.109443978553315,3595,159,3436,448,2.755155079926089,448,2.755155079926089,439,2.8121338889442637,none,raw
769,2772000,3600,5.602985114182941,-0.0196190857169076,2.069517898472284,0.6943157914925878,-0.0001063772203101,0.7951512829470093,1.6769397238574426,0.3867858840664512,1392.4291826392243,3677.997378775861,2535.21328070753,-1142.784098068319,0.3867858840664512,1.02166593854885,0.1579975492841739,3600,118,3482,471,3.381591862918291,471,3.381591862918291,435,3.766858668242579,none,raw
770,2775600,3600,5.914486519230737,0.0,2.167793717440191,0.6869410424270896,0.0,1.129247758648651,1.5979750080592152,0.3325289874184754,1197.1043547065117,2754.982923424265,1976.043639065379,-778.9392843589018,0.3325289874184754,0.7652730342845181,0.1185930879504035,3600,140,3460,480,2.8992986156078304,480,2.8992986156078304,451,3.144557771518625,none,raw
771,2779200,3600,5.360957267851465,-0.0194338944492152,2.05672523305646,0.6808722099014365,-0.0001162854523906,0.7307038656078895,1.675369126994253,0.2368370125591278,852.6132452128601,3306.225779932665,2079.419512572756,-1226.806267359916,0.2368370125591278,0.9183960499812958,0.145778452232892,3600,103,3497,480,2.185406840921294,480,2.185406840921294,440,2.466572854673572,none,raw
772,2782800,3600,5.733314310773793,0.0,1.7794053395285532,0.4883500476589862,0.0,1.3129106336728662,1.6963999423009912,0.4562483481504136,1642.494053341489,2784.9457702686136,2213.719911804942,-571.2258584635149,0.4562483481504136,0.7735960472968371,0.1241780381808403,3590,168,3422,480,3.785307160000134,480,3.785307160000134,475,3.827176116509315,none,raw
773,2786400,3600,5.926430844279627,0.0,2.1678517872917373,0.6889520889914138,0.0,1.151837847460473,1.596409415478614,0.3213797062524623,1156.9669425088643,2716.9900589680474,1936.9785007384544,-780.0115582296219,0.3213797062524623,0.7547194608244576,0.1168742586391072,3600,138,3462,478,2.8322724177652185,478,2.8322724177652185,448,3.08654328412024,none,raw
774,2790000,3600,5.471032272775968,-0.0076740504787342,2.156018668375497,0.7234869770137604,-3.333057405986011e-05,1.150953082468645,1.4814377882077767,-0.0331568610806241,-119.3646998902468,2590.682286102149,1235.6587931059742,-1355.0234929961723,-0.0331568610806241,0.7196339683617081,0.1130642896004326,3600,104,3496,480,0.1757067220679634,480,0.1757067220679634,432,0.2824761605134953,none,raw
775,2793600,3600,5.344952843490949,-0.0291849678738952,2.1180018176672424,0.7598523036698916,-0.0001755129705646,1.0345170728739934,1.4384579033796083,0.023484231803175,84.54323449143007,3246.165280070481,1665.3542572809472,-1580.8110227895247,0.023484231803175,0.9017125777973558,0.1396941354333435,3600,66,3534,480,0.6146152737506896,480,0.6146152737506896,419,0.8818405136991112,none,raw
776,2797200,3600,5.308646810129285,-0.023294609396219,1.9367832842992023,0.6039806759104449,-0.0001185892804659,0.7442096015381138,1.7365183209182964,0.3105681273123646,1118.0452583245126,2816.8365995862346,1967.4409289553555,-849.3956706308667,0.3105681273123646,0.7824546109961763,0.1286727304100427,3599,142,3457,432,3.029416566521198,432,3.029416566521198,400,3.368212930717388,none,raw
777,2800800,3600,5.919941477767296,0.0,2.1605005511827904,0.6659194863105387,0.0,1.121292872038238,1.576981611720253,0.3952469510130428,1422.889023646954,3009.4755613155216,2216.182292481198,-793.2932688342705,0.3952469510130428,0.835965433698756,0.1290827727794474,3600,150,3450,480,3.39192114192662,480,3.39192114192662,451,3.6429723181717137,none,raw
778,2804400,3600,5.384134693838811,-0.018353503498007,1.8682615030848924,0.580509628916631,-8.622888582466013e-05,0.759652459431892,1.7117890083647584,0.4823618378444765,1736.5026162401157,3799.8185255439375,2768.1605708919683,-1031.6579546518817,0.4823618378444765,1.0555051459844271,0.1685482167083118,3600,154,3446,480,4.000552042675,480,4.000552042675,439,4.460293517837543,none,raw
779,2808000,3600,5.63908571912464,0.0,1.7707754694560984,0.4946142944722614,0.0,1.299185622781014,1.6910083957587778,0.3835019360980715,1380.6069699530574,2755.1742065025915,2067.8905882277186,-687.2836182746901,0.3835019360980715,0.7653261684729421,0.1230789481466789,3589,166,3423,480,3.242108818981005,480,3.242108818981005,476,3.270118308809078,none,raw
780,2811600,3600,5.336840803109937,-0.0275146564211659,2.0919966129396426,0.7476433549656699,-7.78607911446064e-05,0.9744607264476964,1.4397322269816777,0.11060040344067,398.1614523864122,3438.077660097985,1918.119556242194,-1519.9581038557951,0.11060040344067,0.9550215722494402,0.1487786152007881,3600,95,3505,480,1.2622659226303334,480,1.2622659226303334,417,1.5954013669619165,none,raw
781,2815200,3600,5.369481944032014,0.0,1.6985767959114242,0.5127470992166482,0.0,1.1885078741332633,1.6928150916536366,0.2768350846426421,996.6063047135116,2411.27406461899,1703.9401846662538,-707.3338799527754,0.2768350846426421,0.6697983512830528,0.1141114596356022,3522,120,3402,434,2.7335474761057887,434,2.7335474761057887,421,2.822247125602765,none,raw
782,2818800,3600,5.4240306340696085,-0.0207530781503529,1.9800424462919488,0.6305426393709391,-0.0001148886831507,0.844623492995735,1.7030025274918938,0.2866874952003531,1032.0749827212712,3249.451489612833,2140.763236167033,-1108.6882534458048,0.2866874952003531,0.9026254137813426,0.1435831954988174,3600,143,3457,480,2.5387775068178686,480,2.5387775068178686,440,2.8556317889451237,none,raw
783,2822400,3600,5.4829538154855575,-0.0259533221605907,1.948397480988796,0.6119825584402867,-0.0001122670256252,0.9053646409437625,1.7137989213378877,0.3294758003284839,1186.1128811825422,3281.786971325267,2233.9499262538834,-1047.837045071367,0.3294758003284839,0.9116074920347964,0.1441325939924336,3600,167,3433,480,2.86376665409258,480,2.86376665409258,435,3.271593856247076,none,raw
784,2826000,3600,5.393717800393286,-0.0280742244531223,1.9254419742672968,0.5850842742869159,-0.0001146644827564,0.8913367868966015,1.7317247364703066,0.2883189260375087,1037.9481337350312,2794.558277941684,1916.2532058383365,-878.3050721033313,0.2883189260375087,0.7762661883171343,0.1259603052821399,3589,161,3428,432,2.837717782265791,432,2.837717782265791,394,3.2232659743475573,none,raw
785,2829600,3600,5.949251214182004,0.0,1.8256350747606187,0.4927446903866747,0.0,1.4451021489771774,1.720021798434803,0.4657474987179415,1676.6909953845895,2855.431985772803,2266.061490578624,-589.3704951940715,0.4657474987179415,0.7931755516035564,0.1233718621173551,3591,191,3400,480,3.858622548515882,480,3.858622548515882,470,3.94296190770158,none,raw
786,2833200,3600,5.405964734808852,-0.0325835734194723,2.105839413431922,0.756276684999507,-0.0002230207067896,1.1450221740836772,1.4365881463953112,-0.0049550885376303,-17.83831873546933,3273.968521140611,1628.0651012025614,-1645.903419938043,-0.0049550885376303,0.9094357003168364,0.1390047890082643,3600,68,3532,480,0.3991059810526211,480,0.3991059810526211,428,0.6049491576102738,none,raw
787,2836800,3600,5.536077407084198,-0.0096350790006683,2.1519066597103262,0.7311499804972941,-3.186097549419494e-05,1.1075577635439913,1.460030959519779,0.0950989899386084,342.35636377899027,2677.20581779144,1509.781090785172,-1167.4247270061712,0.0950989899386084,0.7436682827198443,0.1177887163251831,3600,116,3484,480,1.1428560419162974,480,1.1428560419162974,447,1.294642451423487,none,raw
788,2840400,3600,5.455845611265136,-0.0190743813968255,2.1446755663789783,0.7618285683680429,-5.870597892263845e-05,1.0779718972237171,1.4668302180365165,0.0236724455110515,85.22080383978546,3223.6288979808824,1654.424850910329,-1569.2040470705529,0.0236724455110515,0.8954524716613562,0.137601457830705,3600,66,3534,480,0.6102258288014785,480,0.6102258288014785,425,0.8278683867858168,none,raw
789,2844000,3600,5.487564531345852,-0.0225616438551626,2.014759583693243,0.6547734518140914,-0.0001567181985072,0.7745773943993637,1.7148525964537715,0.3513198658353176,1264.7515170071435,3272.7582932270257,2268.7549051170718,-1004.003388109958,0.3513198658353176,0.909099525896396,0.1438793544930613,3600,146,3454,480,3.034385905488527,480,3.034385905488527,449,3.314503468105628,none,raw
790,2847600,3600,5.649212431547025,-0.0215091674914092,1.9956852938158325,0.6459389985176897,-0.0001257151012414,0.8661645001789846,1.716537363510292,0.4465211533645148,1607.4761521122534,3669.785178948421,2638.630665530323,-1031.1545134181033,0.4465211533645148,1.019384771930117,0.1580534660271427,3600,131,3469,480,3.748297747978107,480,3.748297747978107,449,4.0880422515726,none,raw
791,2851200,3600,5.476584180889962,-0.03463987246078,2.031130182513718,0.704719085771831,-0.0002195668140137,0.7554580877170352,1.6376777570395986,0.3824585019381187,1376.8506069772272,3580.023749264515,2478.4371781208656,-1101.5865711436509,0.3824585019381187,0.9944510414623652,0.1556686334720935,3576,108,3468,432,3.652282957686844,432,3.652282957686844,386,4.225018402795154,none,raw
792,2854800,3600,5.802161581644581,0.0,2.0738184865066343,0.6439945032180894,0.0,1.2624271240303493,1.656464472398355,0.1654569947457713,595.6451810847767,2650.244197671831,1622.9446893782251,-1027.2995082934813,0.1654569947457713,0.7361789437977309,0.1141851701807757,3597,152,3445,480,1.65253147061819,480,1.65253147061819,448,1.817445210329168,none,raw
793,2858400,3600,5.465895608771178,-0.0095640487181535,2.018537768193637,0.5887430372718716,-3.0891797010194152e-06,0.8216948074327985,1.7325213401645976,0.3139657898635972,1130.2768435089502,2475.451500755851,1802.8641721323545,-672.58732862343,0.3139657898635972,0.6876254168766254,0.1133668757067039,3597,160,3437,432,3.057605107831617,432,3.057605107831617,409,3.2706945826794738,none,raw
794,2862000,3600,5.733555551494161,0.0,1.7670559064416211,0.4948056740596617,0.0,1.2575424702740312,1.7190506827321062,0.4951008127923762,1782.3629260525545,2988.984588043781,2385.67375704816,-603.3108309956026,0.4951008127923762,0.8302734966788282,0.1334623038252871,3564,178,3386,480,4.083725150523675,480,4.083725150523675,475,4.127684642877672,none,raw
795,2865600,3600,4.892832229984019,-0.0331177966772306,2.035281538689389,0.7336752177748537,-0.0002498581609641,0.6348221171231081,1.426983650304756,0.0954373639643117,343.5745102715222,3549.3318121128714,1946.453161192193,-1602.8786509206852,0.0954373639643117,0.9859255033646864,0.1599092011556411,3600,90,3510,480,1.1455209008545089,480,1.1455209008545089,422,1.4431643804949938,none,raw
796,2869200,3600,5.330736712061593,0.0,1.803281927553272,0.5232835839178338,0.0,0.8761488339255398,1.6946387963996383,0.4333835714259644,1560.180857133472,2757.189503462821,2158.6851802981805,-598.5043231647148,0.4333835714259644,0.7658859731841171,0.1294139745113208,3577,185,3392,472,3.699883423227497,472,3.699883423227497,470,3.7151346758118295,none,raw
797,2872800,3600,5.123736369330953,-0.0156825217526172,2.143333221634351,0.7330772220681537,-0.0001837666577407,0.8171761952594139,1.5314906467141691,-0.0854746288933644,-307.7086640161119,2234.154074115572,963.222705049757,-1270.9313690658164,-0.0854746288933644,0.6205983539209922,0.1015665616217662,3600,92,3508,480,-0.2085790358313892,480,-0.2085790358313892,434,-0.1321669101259364,none,raw
798,2876400,3600,5.561878216721945,0.0,2.087580283205441,0.6563870922003618,0.0,0.9739307471864196,1.6594402265022996,0.1845398611538341,664.343500153803,2638.3204442584342,1651.3319722060482,-986.9884720522772,0.1845398611538341,0.7328667900717872,0.1166426132591195,3599,150,3449,480,1.780182347681728,480,1.780182347681728,441,2.0015460475029543,none,raw
799,2880000,3600,5.146200904207201,-0.0264121238562925,1.8930002072835568,0.5953394110178214,-0.00029326353624,0.5469598619206021,1.7234114333949044,0.4141953897860508,1491.103403229783,3772.884246731434,2631.993824980568,-1140.890421750811,0.4141953897860508,1.0480234018698429,0.1689147219613613,3600,128,3472,480,3.4940039746344747,480,3.4940039746344747,440,3.895767769732874,none,raw
800,2883600,3600,5.768026441834453,0.0,2.17145436496274,0.656187996823688,0.0,0.7952679464620696,1.6265214483893595,0.5185946804173478,1866.940849502452,3132.97188886869,2499.9563691855446,-633.0155196831139,0.5185946804173478,0.8702699691301916,0.1368863138424602,3600,154,3446,480,4.286538650192133,480,4.286538650192133,443,4.682135834966839,none,raw
801,2887200,3600,5.556801484440867,0.0,1.8381813799333804,0.5004651496795851,0.0,1.0940230034840326,1.6941245303883994,0.4300074204472016,1548.026713609926,2798.1205403858594,2173.073626997809,-625.0469133879236,0.4300074204472016,0.7772557056627387,0.1260197728813991,3579,183,3396,480,3.5928855579765533,480,3.5928855579765533,471,3.662386502214491,none,raw
802,2890800,3600,5.593268869293517,0.0,1.8051677319082609,0.5253268144713484,0.0,1.0632769972938514,1.7216524216095326,0.4778449102561737,1720.2416769222257,2877.2684075117163,2298.755042216992,-578.5133652947758,0.4778449102561737,0.7992412243088101,0.1302257480385907,3573,174,3399,480,3.955249560143208,480,3.955249560143208,475,3.9975282019345695,none,raw
803,2894400,3600,5.293432001282927,-0.0104514295889368,2.1635769825096527,0.7387865806024473,-9.410448045940373e-05,0.9124236911285524,1.4939418954916732,-0.0047516164931982,-17.105819375513622,2582.320383659128,1282.6072821417715,-1299.7131015172647,-0.0047516164931982,0.717311217683091,0.1147612293418617,3600,100,3500,480,0.4030797204947901,480,0.4030797204947901,459,0.4582217418866532,none,raw
804,2898000,3600,5.290020865208418,-0.0366055995035556,2.029347878355118,0.7071270785475019,-0.0004213964209999,0.6197403546812553,1.62752184628423,0.3433107087385471,1235.9185514587696,3822.405711187024,2529.1621313228866,-1293.2435798641177,0.3433107087385471,1.0617793642186175,0.1658918944626232,3600,125,3475,480,2.9898719125872133,480,2.9898719125872133,449,3.273453138792336,none,raw
805,2901600,3600,5.743499527054114,0.0,2.181527087905801,0.6881369050423726,0.0,0.90655514114796,1.657158075295755,0.3101223168311803,1116.4403405922492,2653.77830334675,1885.1093219694728,-768.6689813772654,0.3101223168311803,0.7371606398185416,0.1154598990129809,3600,141,3459,480,2.732078351588773,480,2.732078351588773,459,2.8961918391840946,none,raw
806,2905200,3600,5.053177313338965,-0.0360488946726445,2.014302873646063,0.7279952530486065,-0.0003463805478398,0.5680677408296199,1.5203513585818162,0.2588553634558856,931.8793084411882,4002.910172680028,2467.394740560605,-1535.515432119423,0.2588553634558856,1.1119194924111189,0.17536562620464,3600,111,3489,480,2.3768164024715617,480,2.3768164024715617,448,2.6277643957024988,none,raw
807,2908800,3600,4.966815958985955,-0.0434786975645367,2.0784296309229378,0.7875746355017574,-0.0005257666283431,0.7557614114447886,1.4397602289862437,-0.0507054807536421,-182.5397307131116,3220.9411859285738,1519.2007276077295,-1701.7404583208431,-0.0507054807536421,0.8947058849801593,0.1415449369523898,3600,70,3530,480,0.0810682824010879,480,0.0810682824010879,435,0.2098607567181099,none,raw
808,2912400,3600,4.924236485774357,-0.0152672141453546,1.8464594360627868,0.5781894850086394,-3.87300794338941e-06,0.5443368193761969,1.7253109362998074,0.2452108942333551,882.7592192400783,2307.707916364825,1595.23356780246,-712.4743485623959,0.2452108942333551,0.641029976768007,0.1115605333392536,3519,167,3352,480,2.215270703547669,480,2.215270703547669,458,2.3484512439165552,none,raw
809,2916000,3600,5.493310808982933,0.0,1.8700759995104803,0.5355164557325514,0.0,0.8791635242844107,1.734324276427769,0.4742305521140931,1707.2299876107354,2934.881509050182,2321.055748330462,-613.825760719724,0.4742305521140931,0.8152448636250506,0.1328547730105939,3547,172,3375,480,3.932841818382815,480,3.932841818382815,476,3.969722816759274,none,raw
810,2919600,3600,5.034283983727089,-0.0459051494033549,1.9254827079981427,0.6053583366857576,-0.0003407243629232,0.4451754170364965,1.7233402618695626,0.3811731393065973,1372.2233015037502,3094.6896515245985,2233.456476514149,-861.2331750104125,0.3811731393065973,0.8596360143123885,0.1405943671802324,3600,155,3445,480,3.26009788690466,480,3.26009788690466,447,3.578545887846499,none,raw
811,2923200,3600,5.282809878784852,0.0,1.8726292049892703,0.5481517973842731,0.0,0.7841124710372579,1.6664940310016858,0.4114223649232129,1481.1205137235663,2758.1641415844138,2119.6423276540154,-638.5218139304569,0.4114223649232129,0.7661567059956705,0.1286970643652724,3569,180,3389,480,3.468803875882591,480,3.468803875882591,474,3.514325761308817,none,raw
812,2926800,3600,5.227839812056368,-0.0050235321163146,1.8553720607446909,0.5814923470554628,0.0,0.8558332508787148,1.6778893885768775,0.2622763006642561,944.194682391322,2397.673920442224,1670.9343014166784,-726.7396190253905,0.2622763006642561,0.6660205334561734,0.1126918272432172,3571,152,3419,480,2.357411819170006,480,2.357411819170006,467,2.4251872029780217,none,raw
813,2930400,3600,5.064178047674812,-0.0330800046199801,2.0915817681839224,0.7432426897846385,-0.0002208256071939,0.7976009109110754,1.5460435505707395,-0.0809900404831829,-291.5641457394587,2298.0529927887587,1003.244423524672,-1294.8085692640827,-0.0809900404831829,0.638348053552433,0.103180106942885,3600,94,3506,480,-0.1536732150691492,480,-0.1536732150691492,437,-0.0836519444257752,none,raw
814,2934000,3600,5.0333574401041385,-0.0342864806474208,2.099217760852958,0.7668995933067595,-0.0002166741243344,0.7108859938685899,1.4683823307591397,0.0224749232832988,80.90972381987575,3198.3222162145853,1639.6159700172254,-1558.7062461973592,0.0224749232832988,0.8884228378373848,0.1407339092359971,3600,108,3492,480,0.6408049453709926,480,0.6408049453709926,455,0.7169428417946632,none,raw
815,2937600,3600,4.961491910088419,-0.017436782838665,1.8047038186148865,0.5649709860347089,-6.932460883603565e-05,0.6207507093123212,1.71999627286067,0.2685762321129079,966.8744356064686,2288.88075564911,1627.8775956278048,-661.0031600213418,0.2685762321129079,0.6358002099025306,0.1105671066714127,3470,159,3311,432,2.6596626586159235,432,2.6596626586159235,409,2.860230971417672,none,raw
816,2941200,3600,5.699533157870174,-0.0019104177868669,2.157996604409929,0.6456544366173642,0.0,0.8077033055203791,1.6247196216053328,0.4653696095973658,1675.330594550517,3015.8121302275654,2345.5713623890265,-670.2407678385047,0.4653696095973658,0.8377255917298793,0.1319384025861108,3600,165,3435,480,3.895456560980485,480,3.895456560980485,448,4.212413588115634,none,raw
817,2944800,3600,5.607529454053535,-0.0062850174406475,2.201776407581174,0.7164385711453768,0.0,0.8428535899214756,1.595695254627295,0.2570506498930447,925.3823396149612,2953.487981541527,1939.435160578224,-1014.0528209632604,0.2570506498930447,0.8204133282059797,0.1277860667930067,3600,125,3475,476,2.397439432824121,476,2.397439432824121,452,2.5620535250839023,none,raw
818,2948400,3600,5.559000966035399,-0.0066805281773729,1.9908303678100687,0.6427969753129966,0.0,0.8257296757591013,1.7228886909005388,0.3834357834360417,1380.3688203697502,2670.2614759528155,2025.3151481611976,-644.9463277914892,0.3834357834360417,0.741739298875782,0.1195919730390678,3592,178,3414,480,3.2758701057896604,480,3.2758701057896604,468,3.3656094405478503,none,raw
819,2952000,3600,5.003951753150517,-0.0419354142243428,2.056107256112618,0.7882858125785621,-0.0002310008948657,0.7169722525812379,1.4686533019578931,0.0160995447515498,57.95836110557941,3254.4794728729303,1656.218916989246,-1598.2605558836892,0.0160995447515498,0.9040220757980362,0.1427457395354629,3600,96,3504,480,0.63623347995569,480,0.63623347995569,449,0.7711276412111305,none,raw
820,2955600,3600,5.190466005083743,-0.0336488901898061,1.961665529902504,0.6441043228071247,-0.0004276141434562,0.4065335835583333,1.744423012153977,0.467816054262384,1684.1377953445826,3874.2363236679766,2779.1870595062483,-1095.0492641616931,0.467816054262384,1.076176756574438,0.1694437431712912,3600,141,3459,480,3.916015370069973,480,3.916015370069973,440,4.377377314210246,none,raw
821,2959200,3600,5.049353511517467,-0.0385799781514485,1.9831198209967555,0.6556339272035933,-0.0006098833603245,0.4298289826272935,1.7618535697040218,0.2581070694238586,929.1854499258908,3260.516427904992,2094.850938915432,-1165.6654889895694,0.2581070694238586,0.9056990077513866,0.1452723623224445,3600,143,3457,443,2.549142105755782,443,2.549142105755782,403,2.9220959805415982,none,raw
822,2962800,3600,5.441470889337361,0.0,1.8697362472913035,0.5348909809124893,0.0,0.8930804393504015,1.7280031702732632,0.4157600517183076,1496.7361861859074,2854.8082560509124,2175.772221118429,-679.036034932528,0.4157600517183076,0.7930022933474756,0.1294398832518766,3575,165,3410,480,3.5052856357290967,480,3.5052856357290967,471,3.576266980549042,none,raw
823,2966400,3600,5.101770536010154,-0.042470980103556,2.034131888539974,0.768898488168328,-0.0002633432899385,0.8705372532559291,1.5280360348385382,-0.057098804504594,-205.55569621653876,2234.4263466274174,1014.4353252054595,-1219.9910214219526,-0.057098804504594,0.6206739851742826,0.1003274193646506,3591,96,3495,432,0.081823350097477,432,0.081823350097477,390,0.1949666594276562,none,raw
824,2970000,3600,4.937542022906192,-0.059334926642449,1.9100765834348483,0.7445730946132153,-0.0005664234856097,0.6185113907086744,1.5241266424077091,0.2001556657325236,720.560396637085,3984.6121787040015,2352.5862876705323,-1632.025891033452,0.2001556657325236,1.106836716306667,0.1734565231023381,3600,113,3487,480,2.002094202127817,480,2.002094202127817,432,2.3561530744179717,none,raw
825,2973600,3600,5.580675386233359,-0.0062627561883082,1.979222685277267,0.6480273608658103,0.0,0.9011480472076332,1.724911716439413,0.3336283346062336,1201.062004582441,2572.563062392965,1886.812533487618,-685.7505289052045,0.3336283346062336,0.7146008506647126,0.1149936091847932,3584,160,3424,480,2.895047983648524,480,2.895047983648524,463,3.010527296712174,none,raw
826,2977200,3600,5.263580426876563,-0.0386298060184551,1.9645949712824156,0.6494301090821906,-0.0005367977783202,0.496356619088857,1.763297637031786,0.4290676827312388,1544.6436578324597,3638.419524484339,2591.531591158391,-1046.8879333259567,0.4290676827312388,1.0106720901345383,0.1585812599387545,3566,155,3411,432,4.028554330319226,432,4.028554330319226,395,4.519162122222507,none,raw
827,2980800,3600,5.713364226767768,-0.0064668600150411,2.2006371737877286,0.7171465430504628,0.0,0.9285689738660088,1.5820700408306665,0.2914083529692892,1049.070070689441,3001.1844851436185,2025.1272779165124,-976.0572072270766,0.2914083529692892,0.8336623569843384,0.1288591781567039,3600,131,3469,480,2.609711387174899,480,2.609711387174899,446,2.862746258103474,none,raw
828,2984400,3600,4.760944412315342,-0.0758845846684797,1.8688550310038816,0.7630401542571604,-0.0004714147585011,0.790599428542605,1.4327938979240344,-0.0179880999622688,-64.75715986416792,3796.243058453816,1865.7429492948108,-1930.500109159008,-0.0179880999622688,1.0545119606816156,0.1652562269087727,3600,85,3515,480,0.368510302914478,480,0.368510302914478,418,0.5829328210618195,none,raw
829,2988000,3600,5.066605659923112,-0.048768472913442,1.8971200231929528,0.621734295580549,-0.0005355567188174,0.6410163432010403,1.7145971488079603,0.2414418767423883,869.1907562725979,3400.400689330919,2134.795722801752,-1265.604966529174,0.2414418767423883,0.9445557470363664,0.1504654472163391,3600,146,3454,480,2.209858561783364,480,2.209858561783364,440,2.520529289207308,none,raw
830,2991600,3600,5.412473466410302,0.0,1.8568168701995864,0.5362282080076606,0.0,0.9266065059746568,1.667496392171333,0.4253254900997299,1531.1717643590275,2796.379798417507,2163.775781388293,-632.6040170292737,0.4253254900997299,0.7767721662270853,0.1292740469564751,3566,181,3385,480,3.575625699557485,480,3.575625699557485,471,3.644140889606782,none,raw
831,2995200,3600,5.572781572050994,0.0,1.8779407866714952,0.5240304688761079,0.0,1.0290707085140185,1.7278197604652852,0.4139198417050114,1490.1114301380412,2847.511187881472,2168.8113090097568,-678.6998788717124,0.4139198417050114,0.7909753299670755,0.1275217861422172,3583,173,3410,480,3.484542574970782,480,3.484542574970782,474,3.528650683500455,none,raw
832,2998800,3600,5.185806908768654,-0.01926566769587,2.062270604043994,0.6132508900707022,-0.0001445035016347,0.481385665919082,1.739716222912135,0.3085936998842833,1110.93731958342,2506.1934891135224,1808.5654043484456,-697.6280847650403,0.3085936998842833,0.6961648580870896,0.1150322069115348,3585,159,3426,432,3.019396623389702,432,3.019396623389702,409,3.230927671293296,none,raw
833,3002400,3600,5.094284015668866,-0.0454726247872103,2.0379701691400536,0.758149193730509,-0.0002492200525475,0.8911831060523021,1.5472554344369676,-0.0945520466703747,-340.38736801334903,2309.6219943531296,984.6173131699132,-1325.004681183213,-0.0945520466703747,0.6415616650980915,0.10218232401554,3600,84,3516,480,-0.2534330261625886,480,-0.2534330261625886,437,-0.1533322110898191,none,raw
834,3006000,3600,5.557774506769039,-0.0008844476955684,2.182273559569281,0.6991162237350903,0.0,0.8952715719064144,1.618811015242575,0.1631865846378637,587.4717046963095,2665.044603865448,1626.25815428085,-1038.7864495845702,0.1631865846378637,0.7402901677404022,0.1166219509143875,3567,117,3450,432,1.8300736032237543,432,1.8300736032237543,395,2.074529579565973,none,raw
835,3009600,3600,5.503739519377446,0.0,1.881929220122288,0.5314732119869273,0.0,0.9350257363174934,1.7313417546118988,0.4239695997334364,1526.2905590403711,2818.3284292357653,2172.3094941380723,-646.0189350976967,0.4239695997334364,0.7828690081210459,0.1273307997737158,3574,170,3404,480,3.562092121225464,480,3.562092121225464,473,3.615841045288271,none,raw
836,3013200,3600,5.556366582766382,-0.0063717616069229,2.1640017173245774,0.7071351138489982,0.0,0.8037101765378988,1.5830220405776183,0.3048692964432446,1097.5294671956806,3013.35235995486,2055.440913575255,-957.911446379583,0.3048692964432446,0.8370423222096833,0.1307869057887445,3600,150,3450,480,2.7197104257748097,480,2.7197104257748097,444,2.998855111843223,none,raw
837,3016800,3600,5.027502857144637,-0.0347152569803866,2.083642578969509,0.7676580835741075,-0.0002217108344751,0.7934018023206534,1.4976174224267085,-0.0798800617510115,-287.56822230364173,2557.8235987405164,1135.1276882184277,-1422.6959105220471,-0.0798800617510115,0.710506555205699,0.1140413529746194,3600,96,3504,480,-0.1201153266803599,480,-0.1201153266803599,459,-0.0754103510962775,none,raw
838,3020400,3600,5.129091062636839,-0.0281847428469891,2.095655725557336,0.7974606371275114,-0.0002238675693038,0.7410217131832266,1.4766740320928196,0.0466875607449637,168.0752186818695,3141.839677978389,1654.9574483301292,-1486.8822296482706,0.0466875607449637,0.8727332438828858,0.1375993690871971,3599,85,3514,432,0.9321821853286144,432,0.9321821853286144,402,1.101330603741681,none,raw
839,3024000,3600,5.444923121741352,0.0,1.893572605847968,0.5354516989330375,0.0,0.8480373464476014,1.7293758056174755,0.4384856637405367,1578.5483894659324,2871.9465593298105,2225.247474397878,-646.69908493194,0.4384856637405367,0.7977629331471696,0.1299709274255844,3574,170,3404,480,3.6700485104962097,480,3.6700485104962097,475,3.708418418835983,none,raw
840,3027600,3600,5.61080818673751,-0.0022488507688225,2.2120806287644355,0.722917141969787,0.0,0.8254312195013156,1.6145442285317793,0.2380838153277684,857.1017351799663,2613.69900881474,1735.4003719973343,-878.2986368173891,0.2380838153277684,0.7260275024485389,0.1141911344628013,3575,132,3443,432,2.447869242957632,432,2.447869242957632,396,2.7327267184749835,none,raw
841,3031200,3600,5.260095916121111,0.0,1.9278627482797253,0.5668700327565898,0.0,0.7455883676105605,1.7036849887526475,0.3160897777935218,1137.9232000566783,2183.875044692876,1660.8991223748064,-522.9759223181373,0.3160897777935218,0.6066319568591322,0.1028143334077256,3547,157,3390,432,3.071357542134345,432,3.071357542134345,432,3.071357542134345,none,raw
842,3034800,3600,5.70209620895899,-0.0029041020376081,2.0509588932933966,0.6478570246574368,0.0,0.8253310710656805,1.7205602090129708,0.4602931096288646,1657.0551946639123,3064.3694135370893,2360.712304100435,-703.6571094365494,0.4602931096288646,0.8512137259825248,0.1332492194752975,3597,164,3433,480,3.849845304254776,480,3.849845304254776,471,3.9388877727996383,none,raw
843,3038400,3600,5.188213718510751,-0.0198820256635043,2.0720903789895178,0.6299917394600812,-0.0001627393805803,0.4610670629192778,1.7173575530320149,0.3277517551374112,1179.9063184946804,2540.17081067287,1860.0385645837575,-680.1322460890948,0.3277517551374112,0.7056030029646863,0.1160384464566423,3600,182,3418,480,2.8566867920462475,480,2.8566867920462475,462,3.0062537771093587,none,raw
844,3042000,3600,5.6313844031990605,-0.003640541648525,2.176184641373217,0.7049356457992019,0.0,0.8741659565822754,1.662273190463886,0.2174655054978658,782.8758197923171,2584.750534843917,1683.813177318087,-900.9373575257976,0.2174655054978658,0.7179862596788659,0.1125758848447283,3600,172,3428,480,2.043182098112182,480,2.043182098112182,449,2.225525697353345,none,raw
845,3045600,3600,5.577261917422681,0.0,1.9291883815993744,0.5474045713496845,0.0,0.9557683474280492,1.7212527019604598,0.4236479132854682,1525.1324878276855,2698.2705855991726,2111.701536713449,-586.569048885771,0.4236479132854682,0.7495196071108813,0.1210782493141133,3572,168,3404,480,3.566029984561612,480,3.566029984561612,476,3.5975801990868765,none,raw
846,3049200,3600,5.453559746620142,0.0,1.957016175982968,0.5180086403835382,0.0,0.968439455254017,1.6969229744613732,0.3131725059677862,1127.4210214840305,2324.556487808589,1725.9887546462478,-598.5677331622604,0.3131725059677862,0.6457101355023858,0.105566555072967,3579,181,3398,480,2.73324537509801,480,2.73324537509801,476,2.755787202303871,none,raw
847,3052800,3600,5.555923292801405,-0.0004086026652529,2.195320674389326,0.708134485776748,0.0,0.8240148381870507,1.6272830147017945,0.2015788789673572,725.683964282486,2574.2254195802425,1649.9546919313354,-924.2707276488796,0.2015788789673572,0.7150626165500673,0.1132136435077032,3577,131,3446,432,2.1516121616658634,432,2.1516121616658634,400,2.377860440685137,none,raw
848,3056400,3600,5.170635033146892,-0.0497367216276494,2.004408364751112,0.7394525856472092,-0.0005781130144142,0.3690743148469335,1.6406165243327309,0.4673980845101865,1682.6331042366717,3931.877416979534,2807.255260608109,-1124.622156371442,0.4673980845101865,1.0921881713832038,0.1698983088008694,3600,121,3479,445,4.2669384618310975,445,4.2669384618310975,409,4.794541012022497,none,raw
849,3060000,3600,5.994641958644821,-0.000330808024932,2.2012669747329627,0.6828713879896753,0.0,0.7731444667828543,1.622006143690079,0.7156837904128615,2576.461645486301,3719.404660312117,3147.933152899193,-571.4715074129089,0.7156837904128615,1.0331679611978102,0.1559031019780472,3600,174,3426,480,5.783333924476237,480,5.783333924476237,454,6.170591373076188,none,raw
850,3063600,3600,5.076159749134418,-0.0322019145765298,2.002738110350296,0.6742505073194746,-0.0005089072248274,0.2750833042526632,1.726929763165598,0.4298688814286872,1547.527973143274,3577.8168551593108,2562.6724141513014,-1015.1444410080402,0.4298688814286872,0.9938380153220308,0.1581254152941388,3600,124,3476,480,3.652894360645469,480,3.652894360645469,449,3.996020278114368,none,raw
851,3067200,3600,4.942072781939577,-0.0194745400074517,1.8350890272092848,0.5775432374502799,-0.000168679485243,0.5317022256991982,1.7275380616871607,0.2898434524897944,1043.4364289632597,2243.7536244744347,1643.5950267188578,-600.1585977556023,0.2898434524897944,0.623264895687343,0.1075156090330436,3468,145,3323,443,2.775825107292317,443,2.775825107292317,420,2.979696800787819,none,raw
852,3070800,3600,5.269736167389848,-0.0045378900625455,1.8874963625696763,0.5956421943710334,0.0,0.6737052353294468,1.682124832418594,0.4353054328559834,1567.0995582815403,2849.1538594397625,2208.126708860545,-641.0271505790568,0.4353054328559834,0.7914316276221562,0.1317204705874069,3556,139,3417,480,3.655662456946031,480,3.655662456946031,472,3.7237201333338494,none,raw
853,3074400,3600,5.468666294998903,-0.0006695774242554,2.247104881122919,0.7336617767986836,0.0,0.5499462490136122,1.580871785141836,0.3577511898754298,1287.9042835515472,2851.4572433736807,2069.6807634626102,-781.776479911072,0.3577511898754298,0.7920714564926891,0.1256657006336734,3600,140,3460,480,3.1143390201391585,480,3.1143390201391585,449,3.3697386911338114,none,raw
854,3078000,3600,5.023495115397705,-0.0281627925370728,2.127805166783833,0.7900898647160064,-0.0002209281897885,0.3832225721507401,1.4985702174583104,0.2521910135159212,907.8876486573166,2984.452857113105,1946.1702528852072,-1038.2826042278978,0.2521910135159212,0.8290146825314182,0.1338743713975676,3558,120,3438,432,2.636560083547559,432,2.636560083547559,408,2.8670240856033877,none,raw
855,3081600,3600,5.466677480567984,-0.0006293919660441,2.24670591838972,0.7325271560702731,0.0,0.5202681660427859,1.5946913940231957,0.3731142349441912,1343.2112457990884,2873.345620786728,2108.2784332928973,-765.0671874938272,0.3731142349441912,0.7981515613296467,0.1256236755613477,3600,154,3446,480,3.2211332345124206,480,3.2211332345124206,444,3.5410817564658625,none,raw
856,3085200,3600,4.891155262931069,-0.0300302356327614,1.9855797730651377,0.6416470470983909,-0.0004529510376553,0.1190149738617255,1.7444729501365568,0.4309237029517357,1551.3253306262486,3857.175988361373,2704.2506594938127,-1152.9253288675834,0.4309237029517357,1.0714377745448258,0.1696160492617727,3600,126,3474,480,3.643960632065515,480,3.643960632065515,440,4.105222176526129,none,raw
857,3088800,3600,5.198559937962952,0.0,1.9029976407275584,0.5578270677774745,0.0,0.6620701382019365,1.6675122707503922,0.4081528212906257,1469.3501566462526,2661.7607826195226,2065.555469632918,-596.2053129866715,0.4081528212906257,0.7393779951720896,0.1241460522130653,3571,175,3396,480,3.482631122085694,480,3.482631122085694,476,3.5140765293976783,none,raw
858,3092400,3600,5.031492108272958,-0.0192127566314313,2.156233647123332,0.7761014299661931,-0.0002152493805922,0.4564374907122475,1.4996159797668969,0.1625315713995369,585.1136570383328,2845.855579704484,1715.4846183713942,-1130.370961333076,0.1625315713995369,0.7905154388068011,0.1279627856946106,3600,143,3457,480,1.691882479592821,480,1.691882479592821,461,1.8171375712244608,none,raw
859,3096000,3600,5.015858793343262,-0.0265488941883338,2.1247782493378464,0.7639403446512525,-0.0002091669141509,0.5470653143619988,1.4614240778211718,0.1454088696369624,523.4719306930649,2667.04497973607,1595.258455214555,-1071.7865245215005,0.1454088696369624,0.7408458277044639,0.1206122510740995,3600,124,3476,480,1.5628011017814658,480,1.5628011017814658,453,1.739732227502124,none,raw
860,3099600,3600,5.436902840416878,0.0,1.8897573943946635,0.5325837432007813,0.0,0.8609998125063597,1.727187818344659,0.4263740736561323,1534.9466651620764,2707.0774446780924,2121.012054920081,-586.0653897580087,0.4263740736561323,0.7519659568550257,0.122734305966229,3566,155,3411,480,3.586124962056144,480,3.586124962056144,476,3.616299910925481,none,raw
861,3103200,3600,5.1508210216266,-0.0457858306995588,1.997605179867029,0.6239109071714253,-0.000557644853121,0.2926714204772114,1.7113206610756262,0.5716563231927476,2057.9627634938915,3536.6578386959904,2797.3103010949235,-739.3475376010567,0.5716563231927476,0.9824049551933308,0.1551241365898212,3600,181,3419,480,4.703810964741971,480,4.703810964741971,447,5.145786029544028,none,raw
862,3106800,3600,6.0301217251630606,-0.0004132014640576,2.2143257353984422,0.688340853165907,0.0,0.7757521416395716,1.6354992358544858,0.7166169605105809,2579.8210578380917,3703.0394498481032,3141.430253843087,-561.6091960050038,0.7166169605105809,1.028622069402251,0.1542781065711435,3600,167,3433,480,5.790922977986914,480,5.790922977986914,458,6.101948173395402,none,raw
863,3110400,3600,5.510635522023464,-0.000738154738879,1.9549674221583837,0.6236687953205305,0.0,0.8004191808582257,1.7327708350396551,0.39954744276966,1438.370793970776,2699.676850886039,2069.023822428326,-630.653028457582,0.39954744276966,0.7499102363572331,0.121890856404204,3571,129,3442,432,3.779767397627824,432,3.779767397627824,420,3.888447744499542,none,raw
864,3114000,3600,5.51086933241436,-0.0068023962212341,2.1883803841388483,0.7558838887402937,0.0,0.6144072028797187,1.5788856384369454,0.3801146144211426,1368.4126119161133,2839.048664816697,2103.7306383664,-735.318026450316,0.3801146144211426,0.7886246291157492,0.1242909694099647,3600,130,3470,466,3.3962680242514987,466,3.3962680242514987,432,3.733533041473819,none,raw
865,3117600,3600,5.003695499259047,-0.0246980586954966,2.1246861898667624,0.7737538016016812,-0.0002086398489553,0.5009981432637316,1.4888877084338736,0.1402763522565094,504.994868123434,2697.4706799897367,1601.232774056569,-1096.2379059331442,0.1402763522565094,0.7492974111082602,0.1219748665212813,3600,138,3462,480,1.5359852010994746,480,1.5359852010994746,453,1.7058334997841296,none,raw
866,3121200,3600,5.684712575418719,-0.0002681331210921,2.0056932098070805,0.6434008617888041,0.0,0.7451663920507337,1.725701984570602,0.565018258236662,2034.0657296519832,3218.176942143532,2626.121335897695,-592.0556062457358,0.565018258236662,0.8939380394843144,0.1410039857391059,3589,155,3434,480,4.639779967963952,480,4.639779967963952,468,4.763330413289316,none,raw
867,3124800,3600,4.986654273421413,-0.0268416882836707,2.117030862613372,0.8048347245392687,-0.0002106613557462,0.4044232575128317,1.4771054912803805,0.2103122880153969,757.1242368554288,3423.210148690457,2090.16719277294,-1333.04295591753,0.2103122880153969,0.9508917079695716,0.1517590964119169,3595,99,3496,432,2.3185062608603078,432,2.3185062608603078,396,2.650334370347066,none,raw
868,3128400,3600,5.121058137870601,-0.026531416231498,2.131402886786354,0.7878978464067058,-0.0002210429313683,0.4537897082789269,1.5242835028643549,0.2504366499329901,901.5719397587644,2965.5983345193854,1933.5851371390704,-1032.0131973803077,0.2504366499329901,0.8237773151442738,0.1321944448154276,3595,116,3479,432,2.6356666393824235,432,2.6356666393824235,406,2.876451368945346,none,raw
869,3132000,3600,5.584240767915617,-0.0001070840815766,2.215862556688518,0.7061244653231052,0.0,0.7522910459963966,1.5840097999713094,0.3260599849653545,1173.8159458752762,2984.574002835107,2079.1949743551804,-905.3790284799212,0.3260599849653545,0.8290483341208631,0.1294389118875424,3600,141,3459,480,2.88942414580314,480,2.88942414580314,453,3.0991806812827543,none,raw
870,3135600,3600,5.293890818696366,0.0,1.864309987566365,0.5398853226291032,0.0,0.8804327722717308,1.672055619312219,0.3372071188870036,1213.9456279932133,2548.124972040651,1881.0353000169216,-667.0896720237689,0.3372071188870036,0.7078124922335142,0.1201273150854203,3558,156,3402,480,2.934462052192608,480,2.934462052192608,472,2.9842959387462207,none,raw
871,3139200,3600,5.205263737991918,-0.0173747833399553,2.075978359210084,0.6324142312943689,-0.0001435725948262,0.4169530559621344,1.7187356695610794,0.3787007813261326,1363.3228127740774,2707.4318302284,2035.377321501228,-672.0545087271607,0.3787007813261326,0.7520643972856667,0.1226143608505508,3600,181,3419,480,3.244060771530457,480,3.244060771530457,457,3.4416389867545605,none,raw
872,3142800,3600,5.6548915798982815,-0.0004854954974865,2.21871332887989,0.7108044700605735,0.0,0.8371641572373042,1.5832019284376937,0.3054931962434264,1099.775506476335,2909.4541008527417,2004.6148036645232,-904.8392971882032,0.3054931962434264,0.8081816946813172,0.1257284418863289,3600,141,3459,480,2.7233339098651608,480,2.7233339098651608,448,2.962789539814864,none,raw
873,3146400,3600,5.251068598831383,-0.0180297114312537,2.0541167244223955,0.6223823817301313,-0.0001694941943968,0.448189157815486,1.7334181749945028,0.4111613655395016,1480.180915942206,2669.4835241687,2074.832220055444,-594.6513041132496,0.4111613655395016,0.7415232011579722,0.1215438374478272,3600,169,3431,461,3.6355753019257926,461,3.6355753019257926,440,3.842430469934891,none,raw
874,3150000,3600,5.305864341287977,0.0,1.8514603840189143,0.5376487907395913,0.0,0.8539184307825022,1.6679287671892284,0.3949079662080543,1421.6686783489954,2521.79524886899,1971.7319636090183,-550.0632852600331,0.3949079662080543,0.7004986802413861,0.1185323230427428,3586,173,3413,480,3.35868814046181,480,3.35868814046181,476,3.3873958383262344,none,raw
875,3153600,3600,5.490867205827704,0.0,1.909546630134351,0.5089912435837581,0.0,0.9561746372518102,1.701168068826169,0.414986626596894,1493.9518557488186,2657.5168030386776,2075.7343293937,-581.7824736449069,0.414986626596894,0.7381991119551882,0.1201365123462889,3593,174,3419,480,3.496079471824137,480,3.496079471824137,476,3.5263748849290444,none,raw
876,3157200,3600,5.2151138822892165,0.0,1.8536510845666936,0.5542813303320595,0.0,0.8101751632459152,1.6966631907962404,0.3003431050173949,1081.2351780626218,2348.617170907055,1714.9261744848332,-633.6909964222716,0.3003431050173949,0.6523936585852931,0.1120231387666216,3554,118,3436,432,2.966793446078293,432,2.966793446078293,415,3.104079693361596,none,raw
