update_idx,timesteps,total_reward,mean_dam_safety,absolute_share_dam_safety,positive_days_dam_safety,mean_positive_dam_safety,mean_flood_safety,absolute_share_flood_safety,positive_days_flood_safety,mean_positive_flood_safety,mean_niip_delivery,absolute_share_niip_delivery,positive_days_niip_delivery,mean_positive_niip_delivery,mean_hydropower,absolute_share_hydropower,positive_days_hydropower,mean_positive_hydropower,mean_esa_min_flow,absolute_share_esa_min_flow,positive_days_esa_min_flow,mean_positive_esa_min_flow,mean_storage,absolute_share_storage,positive_days_storage,mean_positive_storage,mean_spring_peak_release,absolute_share_spring_peak_release,positive_days_spring_peak_release,mean_positive_spring_peak_release
0,3600,-3.905548,0,0,0,,-0.00394551798,0.0595194801,0,,-1.32646966,23.4784252,5.80555556,1.98003409,0.099569418,1.50203852,63.5833333,0.156596726,0.473377629,19.0516401,45.5,1.90802393,-2.13868102,35.3492736,6.47222222,1.58064327,-1.00939884,20.5591032,2.25,7.85454038
1,7200,-3.77488653,0,0,0,,-0.00258443469,0.037251189,0,,-1.33577019,26.6815408,13.1111111,1.9653456,0.0882099613,1.27142928,64.5,0.13675963,0.628046121,18.6087008,49.5,1.93847616,-2.27345123,34.1062908,3.72222222,1.24649828,-0.879336763,19.2947872,1.38888889,16.5350959
2,10800,-3.66535608,0,0,0,,-0.00316548308,0.0467690043,0,,-1.35286522,25.5890111,9.75,1.94402502,0.089097541,1.31638779,63.2222222,0.140927569,0.526004995,19.0412981,47.7222222,1.90140341,-2.21802644,34.7885512,4.55555556,1.4990421,-0.706401472,19.2179829,1.44444444,20.5731717
3,14400,-3.2823337,0,0,0,,-0.00541844527,0.0867341708,0,,-1.36317503,25.4147981,5.97222222,1.87982601,0.116757762,1.86896557,68.2222222,0.171143299,0.79172666,17.5591985,49.2222222,1.91852625,-2.07811212,36.4511962,7.5,1.32708022,-0.744112535,18.6191075,2.08333333,10.0573873
4,18000,-3.5591472,0,0,0,,-0.00252872484,0.0370544371,0,,-1.36587577,27.1488182,12.6944444,1.91759028,0.0862261842,1.26350747,63.5,0.135789266,0.588863649,19.3085495,48.8611111,1.95098596,-2.26284181,34.5952048,3.88888889,1.26072494,-0.602990716,17.6468657,1.72222222,17.4569033
5,21600,-3.62094095,0,0,0,,-0.00240540206,0.0367512525,0,,-1.26150857,27.8938734,14.5555556,1.93798913,0.0779525944,1.19100899,64,0.121800929,0.578256644,18.7904337,47.3611111,1.90885216,-2.32007944,35.8782162,2.16666667,0.650344875,-0.693156768,16.2097165,1.94444444,9.4572912
6,25200,-3.60491687,0,0,0,,-0.00285652708,0.0427399723,0,,-1.32998339,28.1353647,13.9166667,1.97764452,0.0746886866,1.11750819,64.2777778,0.116196747,0.606948422,19.0713894,47.8888889,1.9645321,-2.34574508,35.4258257,1.72222222,0.636991755,-0.607968977,16.207172,1.47222222,16.1401502
7,28800,-3.09103063,0,0,0,,-0.00577379916,0.0938077242,0,,-1.17188365,23.2131403,6.5,1.97591341,0.0996129274,1.61842519,65.1111111,0.152989138,0.572061267,20.9837819,47.5,1.96168234,-2.17788067,36.4277545,3.63888889,0.882438153,-0.407166701,17.6630903,1.52777778,22.2540228
8,32400,-2.892369,0,0,0,,-0.006115738,0.100238492,0,,-1.32864389,25.8724336,6.61111111,1.88986171,0.125274461,2.05328007,70.2777778,0.17825615,0.862680302,17.700539,49.7222222,1.95347596,-2.07060984,37.3481597,7,1.48622356,-0.474954293,16.9253491,2.05555556,13.565504
9,36000,-3.10808355,0,0,0,,-0.00434508025,0.0688763169,0,,-1.33364498,24.6910271,6,1.86662371,0.0980851804,1.5548035,67.4444444,0.145431075,0.872477422,18.7048938,52.1944444,1.96618673,-2.23168897,36.8825804,3.69444444,1.28650112,-0.508967118,18.0978189,1.97222222,16.0412568
10,39600,-3.25099154,0,0,0,,-0.00844370198,0.145706954,0,,-1.27196522,25.4313726,5.58333333,1.8069854,0.118214297,2.03993996,71.1388889,0.166173943,0.786470637,18.3707936,45.8888889,2.01688922,-2.17410339,38.437716,2.77777778,0.960444665,-0.701164158,15.5744709,1.88888889,5.33050729
11,43200,-2.89680745,0,0,0,,-0.00506509844,0.0836920905,0,,-1.31974493,25.1778984,5.63888889,1.80919915,0.116392211,1.92318226,70.5555556,0.164965338,0.905156138,18.026471,51.2222222,1.94849961,-2.15562326,37.2495033,4.13888889,1.19283618,-0.437922513,17.539253,2.33333333,13.3620902
12,46800,-2.92396363,0,0,0,,-0.00409907622,0.0692212903,0,,-1.25452616,25.6049327,6.86111111,1.90727703,0.10312096,1.74140844,68.1944444,0.151216072,0.824493088,19.1178881,50.3055556,1.94471246,-2.16391232,38.9545455,5.33333333,1.33929821,-0.429040123,14.512004,2.08333333,10.3276085
13,50400,-3.30658209,0,0,0,,-0.00333387005,0.0550306534,0,,-1.35851938,25.889829,5.86111111,1.79095438,0.089247441,1.4731663,62.8888889,0.141912892,0.464973842,20.1932512,44.2777778,1.90651222,-2.20053651,37.6553386,4.33333333,0.931168463,-0.298413606,14.7333842,1.38888889,21.3899429
14,54000,-2.99494798,0,0,0,,-0.00371038071,0.061416713,0,,-1.34064991,26.0522142,6.33333333,1.84143116,0.093678509,1.55062959,66.1111111,0.141698585,0.751609317,18.9763384,49.5833333,1.91398065,-2.20657861,37.955386,3.77777778,1.14390073,-0.289296911,15.4040151,1.86111111,17.2291989
15,57600,-2.8852869,0,0,0,,-0.004927745,0.0841686066,0,,-1.1647956,23.5550524,5.52777778,1.93804124,0.113689709,1.94188304,67.1666667,0.169265076,0.552928065,21.696394,46.0555556,1.97931351,-2.0740891,37.3144476,5.94444444,0.929665305,-0.30809222,15.4080543,2.55555556,11.621534
16,61200,-2.9021021,0,0,0,,-0.00509091413,0.0865790871,0,,-1.28182227,25.9745464,6.41666667,1.91298854,0.116797601,1.98632886,67.8888889,0.172042292,0.697396258,19.2661894,47.1666667,1.94020748,-2.04165425,38.8734178,7.5,1.62754244,-0.387728517,13.8129385,2.86111111,7.41813985
17,64800,-3.22708496,0,0,0,,-0.0028705583,0.0468155287,0,,-1.35250019,28.0800827,10.0555556,1.83614201,0.0980845097,1.59964637,64.6388889,0.151742258,0.537758255,20.6429865,47.1666667,1.9118494,-2.10604763,38.1823647,6.72222222,1.74909709,-0.401509339,11.4481042,1.05555556,14.2316935
18,68400,-2.41716426,0,0,0,,-0.0050221052,0.0876187006,0,,-1.09833112,23.2272067,5.80555556,2.00669587,0.122867011,2.14361257,69.1666667,0.177639052,0.713925237,21.7461492,49.7777778,1.96911682,-1.98334207,37.7924583,7.47222222,1.22343743,-0.16726122,15.0029545,1.86111111,18.6091551
19,72000,-2.66550111,0,0,0,,-0.00348824251,0.058106429,0,,-1.29041326,25.779002,6.88888889,1.86641576,0.107748286,1.79484888,67.7222222,0.159103294,0.848583616,20.4588443,53.6111111,1.9368821,-2.08943807,37.763567,6.44444444,1.37779659,-0.238493443,14.1456314,2.83333333,10.7769964
20,75600,-2.43870218,0,0,0,,-0.00577900143,0.0998591433,0,,-1.3120106,26.499608,5.80555556,1.90819175,0.133089292,2.29973688,70.9722222,0.187523073,0.96296682,19.0516911,51.9444444,1.9881985,-1.9986146,36.7794151,7.61111111,0.853137119,-0.21835409,15.2696898,2.58333333,12.8772817
21,79200,-3.16260075,0,0,0,,-0.00251554284,0.0400609291,0,,-1.32932015,28.1597997,10.6944444,2.05207477,0.0921871883,1.4681143,64.4166667,0.143110771,0.571173255,20.9099284,48.4444444,1.94466961,-2.18198926,37.1189282,4.97222222,1.49648125,-0.312136248,12.3031685,1.58333333,14.5394421
22,82800,-2.88357114,0,0,0,,-0.00495108274,0.0813392049,0,,-1.21189742,23.7622331,6.02777778,1.94515783,0.0963931576,1.58360165,65.6666667,0.146791611,0.585766991,21.233927,47.75,1.96677181,-2.14819554,36.795986,4.61111111,0.992824074,-0.200687235,16.5429131,1.58333333,25.4612474
23,86400,-2.6271814,0,0,0,,-0.00519938391,0.0871005891,0,,-1.37515127,27.1351346,6.22222222,1.96596864,0.140287946,2.35011742,70.0833333,0.20017305,0.875551141,18.8545574,50.9166667,1.96502983,-1.89194721,37.498617,10.8611111,1.59512135,-0.370722616,14.074473,3.08333333,7.61252745
24,90000,-3.16006158,0,0,0,,-0.00267914683,0.0422385497,0,,-1.31308887,28.0920476,11.9166667,1.96682602,0.0935447028,1.47479508,63.7777778,0.146672879,0.558460796,20.6314516,48.1666667,1.93815789,-2.17507738,36.7586833,5.30555556,1.47474926,-0.321221683,13.0007839,2.11111111,11.9227353
25,93600,-2.6220262,0,0,0,,-0.00526736444,0.0896247372,0,,-1.3014008,26.369557,7.16666667,1.73283467,0.127202394,2.16436157,69.1111111,0.184054911,0.892307228,18.7518305,50.7777778,1.96382868,-2.00896806,37.9689931,7.13888889,1.55850527,-0.325899595,14.6556331,2.72222222,9.83445353
26,97200,-2.75281686,0,0,0,,-0.00548888808,0.0926354548,0,,-1.10546734,22.5257838,6.33333333,1.80981375,0.105134982,1.77435334,66.1666667,0.15889418,0.512573797,21.3585405,45.2222222,1.96598261,-2.12287772,36.524802,3.47222222,0.594869635,-0.136691682,17.7238849,2.33333333,19.5748697
27,100800,-3.08372144,0,0,0,,-0.00322614568,0.0527910622,0,,-1.29132984,25.1577832,6.30555556,1.95147166,0.0947271563,1.55006863,63.3333333,0.149569194,0.495573738,20.5570183,45.7222222,1.91574873,-2.19164925,38.1003566,4.91666667,1.39041428,-0.187817096,14.5819822,2.66666667,13.1870813
28,104400,-3.0528661,0,0,0,,-0.00260894118,0.0416171664,0,,-1.2787887,29.5134466,14.5555556,1.9627613,0.0797296443,1.27182702,64.3611111,0.123878601,0.679154786,19.9470373,49.7777778,1.93823023,-2.31920792,37.444721,2,0.704164136,-0.211144967,11.7813509,1.44444444,18.2567383
29,108000,-2.96740033,0,0,0,,-0.00258093455,0.0408069172,0,,-1.19432654,29.0337858,16.1666667,1.98552725,0.0757861566,1.19824791,64.8333333,0.116893815,0.608039764,20.0959379,48.3888889,1.94162045,-2.32247737,37.1855818,2.16666667,0.678850291,-0.131841398,12.4456397,1.88888889,17.3465446
30,111600,-2.99709419,0,0,0,,-0.00263073306,0.0411497081,0,,-1.2984172,28.5601328,13.5277778,1.94952362,0.0886403129,1.38650442,63.75,0.139043628,0.610996846,21.0506161,50.0277778,1.95569272,-2.21319551,36.8358212,4.75,1.49207772,-0.182487905,12.1257758,1.69444444,17.4901702
31,115200,-2.43244834,0,0,0,,-0.00548794079,0.0926952488,0,,-1.24598022,25.2943356,6.55555556,1.91859184,0.122515928,2.06938173,71,0.172557645,0.90149648,18.6434487,51.25,1.95635657,-2.13087106,38.0168179,4.77777778,1.25457133,-0.0741215354,15.8833208,3.58333333,12.0870212
32,118800,-2.97129241,-0.00203895569,0.0331501754,0,,-0.00408012045,0.066336267,0,,-1.30454125,25.1923212,6.05555556,2.02255282,0.104965097,1.70656547,64,0.164007964,0.459044204,20.6270617,45.6666667,1.89169196,-2.09765582,37.4270642,6.94444444,1.47136964,-0.126985573,14.947501,4.36111111,9.08466751
33,122400,-3.05074817,0,0,0,,-0.00275867211,0.0431605111,0,,-1.26724432,29.3227956,15.4444444,1.96500557,0.0795150994,1.24404503,65.5555556,0.121294219,0.594389462,19.5136146,47.6944444,1.93065768,-2.30777958,36.5886466,2.16666667,0.711725945,-0.146870153,13.2877377,2.11111111,16.6366551
34,126000,-2.60315832,0,0,0,,-0.0037861377,0.0616759564,0,,-1.29356914,25.0579164,6.30555556,1.9401598,0.0979906232,1.59626138,68.6388889,0.142762543,0.828846281,19.8088067,51.7222222,1.97677217,-2.18540773,37.3620044,4.75,1.13847683,-0.0472322063,16.1133351,2.47222222,19.0501976
35,129600,-2.95764972,0,0,0,,-0.00218786611,0.0348484116,0,,-1.26067442,28.9430499,14.0277778,1.98334708,0.0918546876,1.46306483,64.8055556,0.141738909,0.600340033,21.332345,50.0277778,1.93855838,-2.19280972,37.2040234,5,1.42947298,-0.194172431,11.0226684,1.63888889,15.1888542
36,133200,-2.72118563,0,0,0,,-0.00374439785,0.061421681,0,,-1.33252472,25.5070332,6.05555556,1.83665155,0.106407798,1.74547312,68.5277778,0.155276883,0.802572991,19.1242415,50.5833333,1.94572775,-2.16433317,37.4053975,5.13888889,1.12845751,-0.129564128,16.1564331,2.08333333,20.5288032
37,136800,-2.64787491,0,0,0,,-0.00572229656,0.0970123822,0,,-1.11459764,23.0554194,6.13888889,1.99817359,0.113813585,1.92952722,68.2222222,0.16682773,0.577750623,21.8658493,46.4722222,2.00927827,-2.10786959,37.3213153,5.16666667,0.905190438,-0.111249596,15.7308764,2.75,14.8479925
38,140400,-2.33712904,-0.000642840053,0.0109018301,0,,-0.00521063523,0.0883663981,0,,-1.26191392,25.8752704,6.69444444,1.97069209,0.142483548,2.41635758,71.0555556,0.200524149,0.893859182,18.862476,51.0277778,1.96570257,-1.94998632,37.5402296,11.75,1.12178845,-0.155718057,15.2063983,2.16666667,17.0987595
39,144000,-2.54814783,0,0,0,,-0.0048446427,0.0808629511,0,,-1.27589846,25.1153178,6.30555556,1.81431071,0.104006029,1.73598652,68.5555556,0.151710577,0.885839525,19.6771185,52.0833333,1.98214134,-2.19127766,38.4848176,4.47222222,1.27918477,-0.0659726291,14.9058967,2.77777778,14.887189
40,147600,-2.79840931,0,0,0,,-0.00821871765,0.13867585,0,,-1.23224187,24.4944228,5.91666667,1.8543938,0.143232701,2.41679025,74,0.193557705,0.932955722,18.8126064,50.3611111,2.03321319,-2.03705676,36.3184084,4.63888889,1.24359711,-0.597080392,17.8190962,1.44444444,15.8877812
41,151200,-3.12627745,0,0,0,,-0.0045866167,0.0756897754,0,,-1.32216521,25.240678,5.52777778,1.87560563,0.114412842,1.88807631,64.3888889,0.17769035,0.535129732,20.7163087,46.4166667,1.92871214,-2.01401292,37.9885883,8.33333333,1.72802003,-0.435055281,14.0906588,3.05555556,6.85316368
42,154800,-2.50640002,0,0,0,,-0.00604762855,0.103377693,0,,-1.25290659,25.7787868,6.61111111,1.92978753,0.137513849,2.35065106,71.5,0.192327062,0.924586196,19.0499728,51.4722222,1.98069531,-1.98719756,38.2904527,8,1.58003956,-0.322348287,14.426759,2.33333333,11.1776098
43,158400,-2.88338292,0,0,0,,-0.00302360079,0.0460295707,0,,-1.28203277,27.828627,13.5833333,2.00974359,0.091324061,1.39026532,64.8611111,0.140799409,0.699653319,19.9762174,50.6666667,1.9853838,-2.24201371,35.8058221,4.22222222,1.30271665,-0.147290218,14.9530386,2.11111111,19.7750924
44,162000,-2.83050399,0,0,0,,-0.00663254489,0.109582342,0,,-1.11183084,21.8202776,5.44444444,1.91806645,0.11623046,1.92034976,68.5,0.169679503,0.650763528,20.3971908,47.1111111,2.00092628,-2.13552425,36.4770309,5.69444444,0.634588307,-0.343510346,19.2755687,1.77777778,23.1512738
45,165600,-2.81725528,0,0,0,,-0.00521159014,0.0860700203,0,,-1.32724337,25.2025705,5.19444444,1.9134581,0.124164158,2.05058558,68.6666667,0.180821589,0.788917458,19.1318944,48.6388889,2.00185995,-2.03600135,37.5304888,8.63888889,1.36876242,-0.361880593,15.9983907,2.27777778,13.3206878
46,169200,-2.86205708,0,0,0,,-0.00675408832,0.111591249,0,,-1.17659291,23.2504292,6,1.92204283,0.112031533,1.85098834,67.1944444,0.166727374,0.603255045,21.6603418,47.6388889,2.00912815,-2.0908878,36.4588756,4.5,1.28660867,-0.303108862,16.6677739,2.11111111,16.7142394
47,172800,-3.05440429,0,0,0,,-0.00696781051,0.118238566,0,,-1.09000826,22.5210568,6.02777778,1.96722471,0.102990707,1.74767575,66.4722222,0.154937962,0.569930561,22.0634044,46.25,2.02176128,-2.20052993,38.0218538,2.58333333,0.776162022,-0.429819561,15.5277708,2.44444444,9.92523112
48,176400,-2.29515903,-0.00100243314,0.0167483171,0,,-0.00454011099,0.0758546535,0,,-1.31199014,25.6548045,6.11111111,1.82880755,0.145057705,2.42357555,69.6666667,0.208216802,0.878814,19.9635394,51.5,2.01328844,-1.89028109,37.9054209,12.6388889,1.49721734,-0.111216961,13.9600567,2.22222222,16.2974492
49,180000,-2.29676698,0,0,0,,-0.00612156327,0.100404872,0,,-1.27154339,24.9759094,6.41666667,1.95746118,0.142627606,2.33935449,71.3611111,0.199867412,0.904623758,18.7517331,51.4444444,1.99039391,-1.95911894,36.6121126,10.6111111,1.28675099,-0.107234461,17.2204856,2.13888889,22.0366206
50,183600,-2.24638196,0,0,0,,-0.00569664929,0.0926179653,0,,-1.27514204,24.910731,6.69444444,1.91981012,0.146108408,2.37547773,70.9166667,0.206028308,0.918727832,18.8442799,51.25,2.02710455,-1.89502773,36.2802489,12.4166667,1.35487251,-0.135351779,17.4966445,2.83333333,16.6025928
51,187200,-2.33573379,-0.000199839382,0.00329492518,0,,-0.00481230254,0.0793446047,0,,-1.31241459,25.5600844,6.5,1.82939508,0.137841702,2.27271566,70.8888889,0.194447542,0.907816115,19.1756679,51.6111111,2.00618913,-1.96142746,36.9267624,11.1111111,1.25192253,-0.102537414,15.9821301,2.75,15.7598055
52,190800,-2.85962163,0,0,0,,-0.00406006213,0.0653059364,0,,-1.32464966,26.8462821,8.97222222,1.91914796,0.109452593,1.76054056,65.7222222,0.16653818,0.544366892,20.3844968,45.9444444,1.97158612,-2.13649362,37.0166873,6.91666667,1.1915373,-0.0482377765,13.9266873,2.16666667,18.8672926
53,194400,-2.14938241,0,0,0,,-0.0062371411,0.103209964,0,,-1.27893736,25.3775214,6.77777778,1.87868605,0.148948073,2.46473905,71.6111111,0.207995757,0.907019907,18.992132,51.1944444,2.00680412,-1.88959039,37.4355838,12.3333333,1.51095024,-0.0305855035,15.6268137,2.52777778,18.0745225
54,198000,-2.35131336,0,0,0,,-0.00565765055,0.0925942195,0,,-1.27364117,24.2634934,5.63888889,1.85227936,0.136580324,2.23530039,73.2777778,0.186387098,0.939479226,18.5993801,51.8055556,2.00357877,-2.07800957,37.0519261,6.41666667,1.44873224,-0.0700645298,17.7573058,2.75,18.4533531
55,201600,-2.71391908,0,0,0,,-0.00282242435,0.0434771036,0,,-1.18449024,28.1218075,15.5277778,2.06438703,0.0891635679,1.37349073,66.1666667,0.134756022,0.753935661,19.7153415,50.4444444,2.01588711,-2.29148188,36.1288105,3.16666667,0.851206388,-0.0782237607,14.6170728,1.88888889,23.0474088
56,205200,-2.72311451,0,0,0,,-0.00366473536,0.0567290586,0,,-1.30553479,26.8610143,10.4722222,2.051641,0.10312529,1.59635009,65.3888889,0.157710724,0.609255169,20.4224961,49,1.96792057,-2.14333428,36.1803215,6.55555556,1.47919452,0.0170388305,14.883089,2.91666667,16.7742239
57,208800,-2.63330063,0,0,0,,-0.00633662893,0.104803186,0,,-1.26438734,24.864626,6.41666667,1.86219836,0.136204078,2.25271535,72.3888889,0.188156055,0.934424298,18.2900019,51.3333333,1.98728344,-2.0204993,37.1464264,7.47222222,1.5086179,-0.412705743,17.3414271,2.27777778,13.9564694
58,212400,-2.58137085,0,0,0,,-0.00650896437,0.108605044,0,,-1.05558117,21.748926,6.44444444,1.92324449,0.118344682,1.97463508,69.7777778,0.169602251,0.666862732,20.6579255,47.7222222,1.99586519,-2.09639507,36.1328838,4.75,0.727752782,-0.208093056,19.3770246,2.08333333,22.8772595
59,216000,-2.50839518,0,0,0,,-0.00686247443,0.113912488,0,,-1.08880941,21.6937948,5.75,1.89650721,0.139352009,2.31315018,69.9166667,0.199311574,0.73664808,21.0633372,49.6944444,2.01790657,-1.94493407,35.7410469,8.47222222,1.22888513,-0.343789306,19.0747585,1.94444444,20.7087122
60,219600,-2.29174619,-0.00613899526,0.101248895,0,,-0.00594212424,0.0980019513,0,,-1.06224625,21.6649568,6.27777778,2.00197333,0.133282912,2.19820134,68.6111111,0.194258495,0.642555934,21.9145563,48.6388889,2.02645968,-1.94745185,36.4480293,9.63888889,1.36162517,-0.0458058173,17.5750054,2.22222222,22.9458251
61,223200,-1.88560954,0,0,0,,-0.0042069401,0.0674719213,0,,-1.29485642,24.4576608,6.02777778,1.90868505,0.157781799,2.53054259,71.3611111,0.221103338,0.901952618,19.3421045,51.6388889,2.04105059,-1.74436337,36.4157224,15.2777778,1.72208433,0.0980827713,17.1864979,2.38888889,24.4816258
62,226800,-2.59208727,0,0,0,,-0.00465888803,0.073970674,0,,-1.29376319,24.3121987,6,1.9790812,0.110802985,1.75925487,69.7777778,0.158794086,0.844277868,19.6213162,51.4166667,2.02277347,-2.16179105,36.4881897,5.36111111,1.27157574,-0.0869549953,17.7450699,2.19444444,23.4838727
63,230400,-2.55855261,0,0,0,,-0.00497454813,0.081451376,0,,-1.27753809,25.0586486,6.44444444,1.96207568,0.126455881,2.07054093,69.5833333,0.181733003,0.846167145,19.5674937,50.3611111,2.02659258,-2.00389642,37.7108876,9.72222222,1.53901142,-0.244766585,15.5109779,2.91666667,12.0436862
64,234000,-2.67595135,0,0,0,,-0.00342000214,0.0527882472,0,,-1.25483215,27.3873688,12.1944444,2.13014411,0.102694705,1.58510822,65.4722222,0.156852329,0.648563419,21.1862491,50.6666667,1.99456671,-2.13886812,36.2898012,6.72222222,1.57868984,-0.0300891938,13.4986845,2.30555556,18.3134304
65,237600,-2.68779505,0,0,0,,-0.0029060146,0.045118857,0,,-1.2407148,28.1014372,13.6388889,2.08683461,0.103348649,1.60459376,66.25,0.155997961,0.741250048,20.9485901,51.25,2.03951853,-2.17952198,36.4400644,5.94444444,1.40895503,-0.109250954,12.8601957,1.63888889,21.9370674
66,241200,-2.15612808,0,0,0,,-0.0046122734,0.0736110527,0,,-1.31700963,25.0656469,6.5,1.95028732,0.145082447,2.31548973,69.7222222,0.208086379,0.889111376,20.0120275,52.5555556,2.0388063,-1.8320747,36.7828598,13.5,1.75052509,-0.0366253049,15.7503651,2.88888889,16.4466487
67,244800,-2.31512727,0,0,0,,-0.00484613385,0.0789609807,0,,-1.25279957,24.601621,6.5,1.97765312,0.117040636,1.90701364,68.9722222,0.169692424,0.866160568,19.8612831,51.1666667,2.03757908,-2.09765816,37.117312,7.72222222,1.16787352,0.0569753904,16.4338093,2.69444444,19.7736566
68,248400,-2.70984388,0,0,0,,-0.0058203992,0.0987434365,0,,-1.11283132,23.284113,6.80555556,1.90758138,0.116459032,1.97573476,66.7777778,0.174397884,0.637110235,22.5329645,48.1666667,2.0401125,-2.1106741,37.5399265,5.58333333,0.914368136,-0.23408732,14.5685179,1.55555556,20.0780082
69,252000,-2.67610541,0,0,0,,-0.00842601451,0.142119061,0,,-1.14777507,22.7620397,5.44444444,1.85280872,0.140363083,2.36746205,73.7222222,0.190394536,0.870397343,19.9080462,49.3333333,2.07842628,-2.10084854,37.1640873,4.72222222,1.08583893,-0.429816205,17.6562457,1.88888889,16.3322124
70,255600,-2.95929627,0,0,0,,-0.00353698124,0.0555435401,0,,-1.230133,29.567985,15.1944444,2.14795469,0.0876081808,1.37576882,66.1666667,0.132405311,0.673626822,20.7127922,49,2.03327115,-2.33700333,36.9926541,1.83333333,0.509126371,-0.149857954,11.2952564,2.94444444,9.6693553
71,259200,-2.62712534,0,0,0,,-0.00329093947,0.0512882489,0,,-1.24913213,27.7994274,12.4444444,2.14808239,0.104590207,1.63000524,65.8888889,0.158737245,0.717172982,21.8306227,51.5833333,2.05293753,-2.13803378,36.7271986,6.77777778,1.61253198,-0.0584316831,11.9614578,1.44444444,24.5451466
72,262800,-2.6455096,0,0,0,,-0.00533593509,0.0887621015,0,,-1.10348556,22.9791069,7.13888889,1.94640795,0.0939676497,1.56313109,65.1111111,0.144318916,0.713093514,22.4194071,50.2777778,2.04945068,-2.29242933,38.8549033,3.05555556,0.709098233,-0.0513199334,14.0946894,1.69444444,23.4880093
73,266400,-1.48199499,-0.00425581782,0.0685356771,0,,-0.00361805977,0.0582652234,0,,-1.3515988,25.2237309,5.58333333,1.92271986,0.191707088,3.08725035,70.1388889,0.273324957,0.987765046,19.7639879,53.0833333,2.08637732,-1.29743383,35.9874883,26.4166667,1.77399203,-0.00456061953,15.8107416,2.47222222,19.7641878
74,270000,-1.54560796,0,0,0,,-0.00491867182,0.0785424886,0,,-1.3501507,25.0315262,5.80555556,1.87262191,0.195319111,3.11890072,71.1666667,0.274453084,0.959201866,19.183571,52.0277778,2.07635277,-1.26025247,36.116757,25.8888889,1.93429649,-0.0848070886,16.4707026,2.44444444,19.363497
75,273600,-2.31977477,0,0,0,,-0.0053496753,0.0879599912,0,,-1.28772135,24.8304925,5.55555556,2.00209238,0.159282147,2.61893581,69.6666667,0.228634661,0.804130855,19.7958043,48.8055556,2.05724542,-1.73278364,37.0478197,16.8333333,1.54587065,-0.257333105,15.6189877,2.97222222,11.6512925
76,277200,-2.72510714,0,0,0,,-0.00810106872,0.134971057,0,,-1.05876851,22.1028917,6.61111111,2.02586515,0.109990134,1.83253409,67.9722222,0.161816298,0.637864191,22.9575334,48.0555556,2.09735725,-2.17060716,37.3949795,3.80555556,0.970539597,-0.235484726,15.5770902,1.80555556,19.3697847
77,280800,-1.5314302,-0.00277280153,0.04384516,0,,-0.00449911876,0.0711426979,0,,-1.38507912,25.7566896,6.44444444,1.89150272,0.222468864,3.51780782,70.8611111,0.313950572,0.996200204,19.3930086,52.3888889,2.12127894,-1.00881278,34.673865,32.5,1.82152158,-0.348935444,16.5436411,2.41666667,14.4268366
78,284400,-2.23428767,0,0,0,,-0.00687380594,0.115090834,0,,-1.21116911,24.678067,6.44444444,2.03842012,0.145425863,2.43492237,74.1111111,0.196226802,0.956615591,19.2284411,51.7222222,2.03494275,-2.03496175,38.2433145,8.36111111,1.48976713,-0.0833244612,15.3001643,2.33333333,17.7959707
79,288000,-1.83660674,0,0,0,,-0.00652430177,0.106232054,0,,-0.996731155,20.3557934,6.08333333,2.08299801,0.150963332,2.45806302,71.2222222,0.211960997,0.811098576,21.403487,51,2.08392731,-1.88324205,35.6973959,11.3333333,1.36382533,0.0878288503,19.9790286,2.38888889,27.5201624
80,291600,-2.69730354,0,0,0,,-0.00417923266,0.0682738375,0,,-1.33243644,25.838394,6.44444444,1.93347912,0.124877222,2.04005086,65.1666667,0.191627451,0.582100756,20.9756512,46.4444444,2.00893679,-1.90850947,37.4784803,11.6388889,1.65674403,-0.159156379,13.5991498,3.75,8.97714188
81,295200,-2.42103509,0,0,0,,-0.00529951476,0.0863640044,0,,-1.25294217,24.7880296,6.61111111,2.02775534,0.149780789,2.44091569,68.1666667,0.219727319,0.703198653,21.2705565,49.3055556,2.03670157,-1.74003376,37.1765695,15.8888889,1.70312415,-0.275739093,14.2375646,3.36111111,8.89458918
82,298800,-2.55432221,0,0,0,,-0.00762151641,0.130295488,0,,-0.991814758,21.6489459,6.77777778,2.02515269,0.118246438,2.02151074,68.3888889,0.172902996,0.66517614,22.8594084,47.8888889,2.09058568,-2.16407937,38.9070399,4.83333333,1.15606187,-0.174229147,14.4327996,2.91666667,11.4857893
83,302400,-2.61115806,0,0,0,,-0.00460130933,0.0758936736,0,,-1.2861172,24.9846346,5.75,1.98835077,0.113763123,1.87640097,65.9166667,0.17258628,0.603049915,21.7313071,47.4722222,2.02284983,-2.11686615,38.7183955,7.36111111,1.56611453,0.0796135632,12.6133681,3.69444444,11.4271775
84,306000,-2.26948284,0,0,0,,-0.00465122231,0.0759641446,0,,-1.34256816,25.1799349,5.25,1.89693921,0.140281665,2.29109166,68.9166667,0.203552597,0.898668804,20.7484634,52.9444444,2.04844931,-1.94537493,38.0961398,10.8888889,1.77805323,-0.0158389915,13.6084061,2.44444444,16.7193932
85,309600,-2.30613657,0,0,0,,-0.00759805536,0.129623342,0,,-0.966098452,20.7665856,6.58333333,1.90757704,0.11401626,1.94512516,67.5833333,0.1687047,0.723950503,23.0163229,49.4444444,2.09637789,-2.22677318,39.234685,3.75,0.973644267,0.0563663523,14.907658,1.83333333,25.3690853
86,313200,-2.37321262,0,0,0,,-0.00615703053,0.103810389,0,,-1.24119363,24.7319955,5.97222222,1.88932765,0.145095507,2.44637752,69.9722222,0.207361583,0.870735677,20.4274101,50.2777778,2.07078814,-1.8982647,38.9402833,12.5,1.64518855,-0.243428449,13.3501232,2.44444444,11.2167007
87,316800,-1.01173154,0,0,0,,-0.00406656661,0.0622036509,0,,-1.3268911,23.9325818,6.44444444,1.84424403,0.239846897,3.66878353,70.3611111,0.340879916,0.967590257,17.9746817,50.6666667,2.11449269,-0.859490412,33.2763715,37,1.77831614,-0.0287206185,21.0853778,2.80555556,24.0547179
88,320400,-1.21850102,-0.0265057471,0.405497883,0,,-0.00492685941,0.0753735049,0,,-1.34618435,24.5335532,6.44444444,1.99764487,0.219070788,3.35145206,69.5,0.315209766,0.975879486,18.5592042,52.25,2.09475519,-0.926777368,34.4839838,33.5277778,1.97940404,-0.109056972,18.5909353,2.47222222,22.3717115
89,324000,-2.05781844,0,0,0,,-0.00728610878,0.122768471,0,,-1.15301065,23.8760846,6.83333333,1.93167856,0.147979076,2.49339745,73.8333333,0.200423128,0.97655067,19.3622826,52.7222222,2.01591522,-1.99535345,38.9868857,9.97222222,1.59670881,-0.0266979665,15.1585811,2.30555556,18.93121
90,327600,-2.88274069,0,0,0,,-0.00339413597,0.0543412596,0,,-1.17864819,29.7419202,14.8611111,2.28455897,0.092553034,1.48180524,64.6666667,0.143123248,0.702233483,21.1460238,49.3333333,2.05034462,-2.33163652,37.9251294,2.72222222,0.682415424,-0.16384837,9.65078017,2.5,8.77871932
91,331200,-2.27971488,0,0,0,,-0.00827699869,0.135984971,0,,-1.00860639,20.7352918,6.27777778,2.01893774,0.127331878,2.09196865,68.1944444,0.186718844,0.696437276,22.6462941,48.8611111,2.12321155,-2.03734973,37.6018666,8.13888889,1.54421258,-0.049250918,16.7885939,2.19444444,22.1609759
92,334800,-2.82480843,0,0,0,,-0.00381886024,0.0594665516,0,,-1.19736962,29.5577008,15.4444444,2.26872942,0.0895578406,1.39457734,64.7222222,0.138372629,0.692976789,20.8390857,49.0277778,2.07151367,-2.36378798,37.0899053,1.63888889,0.551433931,-0.0423665941,11.0592642,1.83333333,18.2139316
93,338400,-2.33645166,0,0,0,,-0.00909920238,0.15279841,0,,-1.00192927,20.8253966,5.88888889,2.02271504,0.134932994,2.26586309,69.3888889,0.194459078,0.780257802,22.1245898,50.1666667,2.090816,-2.03605196,38.4835369,8.33333333,1.53394221,-0.204562031,16.1478151,1.55555556,24.333634
94,342000,-2.61182135,0,0,0,,-0.00397760169,0.064975006,0,,-1.34113722,25.5383286,5.33333333,2.08362334,0.124561792,2.03474451,63.8055556,0.19522092,0.598054066,21.3775143,46.5833333,2.04657978,-1.98378606,37.8390407,11.3055556,1.47105582,-0.00553633046,13.1453969,3.33333333,11.9878627
95,345600,-2.66021612,0,0,0,,-0.00362011341,0.0564623404,0,,-1.20011127,28.775287,14.8333333,2.17359027,0.0915429649,1.42778125,64.5555556,0.141804937,0.785543255,20.6995898,50.7222222,2.08262624,-2.34848144,37.2269457,2.30555556,0.831562141,0.0149104886,11.8139339,1.58333333,24.3905442
96,349200,-2.89195328,0,0,0,,-0.00962183719,0.161355137,0,,-1.05787851,21.9926924,6.33333333,2.00192478,0.105598828,1.77085863,65.1111111,0.162182501,0.591650806,22.9622739,46.2777778,2.11864536,-2.2604232,38.8055891,3.05555556,0.877245997,-0.261279371,14.3072308,2.44444444,12.1066615
97,352800,-2.59536504,0,0,0,,-0.00370444344,0.0577886419,0,,-1.30185155,26.8598974,9.86111111,2.12935883,0.115476323,1.80140958,64.1388889,0.180041041,0.689120901,21.4715796,50.0555556,2.06322783,-2.09221984,36.8065585,8.22222222,1.62488022,-0.00218643007,13.0027663,2.55555556,16.26523
98,356400,-2.61168122,0,0,0,,-0.00542218135,0.0919863692,0,,-1.10277867,23.3585391,6.72222222,2.03877372,0.105073505,1.78255385,65.3333333,0.160826794,0.758340042,23.0732238,50.4444444,2.09973812,-2.2739236,39.9031187,3.66666667,1.06616153,-0.0929703091,11.7905781,2.63888889,11.4069044
99,360000,-2.20093584,0,0,0,,-0.00823783494,0.140394859,0,,-1.20552968,24.3417259,6.05555556,1.8392199,0.13995591,2.38522505,73.1944444,0.19121111,0.989321839,19.7663363,52.8055556,2.03495167,-2.04031377,39.2465665,8.55555556,1.53423751,-0.0761323082,14.1197513,2.08333333,18.0566605
100,363600,-2.13125423,-0.0153568474,0.246403224,0,,-0.00445262493,0.0714431228,0,,-1.37366355,25.5366212,5.63888889,1.93196015,0.156138808,2.50527367,68.5,0.227939865,0.907771619,20.5084827,52.6944444,2.07416872,-1.66425995,36.7998131,17.6944444,1.77811046,-0.137431693,14.3319629,2.27777778,16.5906069
101,367200,-2.1079442,0,0,0,,-0.00343326131,0.055416012,0,,-1.28444008,24.4821826,5.94444444,1.95423548,0.14010764,2.26146686,65.0833333,0.215274223,0.63763216,21.6742252,48.4444444,2.04403627,-1.63876142,37.1320518,18.6666667,1.77248995,0.0409507581,14.3946575,3.5,13.325171
102,370800,-1.97208705,0,0,0,,-0.00791537408,0.128805027,0,,-0.978201152,20.4704498,6.63888889,2.10695266,0.130638903,2.12585624,68.6388889,0.190327823,0.735426989,22.246788,49.4444444,2.12616892,-1.99326045,37.2794064,9.5,1.56656528,0.141224035,17.7486945,2.72222222,22.6271638
103,374400,-2.54938152,0,0,0,,-0.00608472661,0.103152643,0,,-1.08093201,23.6368666,7.58333333,2.06604379,0.109427593,1.85509492,64.8888889,0.168638414,0.691588688,22.9144135,49.5833333,2.0604251,-2.19257608,38.9921641,6.27777778,0.856019575,-0.0708049874,12.4983082,2.47222222,13.4785656
104,378000,-2.58249346,0,0,0,,-0.0113758021,0.195144676,0,,-1.1568445,23.5661565,5.58333333,1.94261791,0.145249223,2.49165836,73.1388889,0.198593696,0.908712785,19.1483381,48.6111111,2.08280548,-2.06182911,38.7098779,7.27777778,1.33785434,-0.406406061,15.8888245,1.38888889,18.7135273
105,381600,-2.47790379,0,0,0,,-0.0033333873,0.0518692646,0,,-1.28310841,28.4016676,12.1944444,2.22285521,0.1221093,1.90008511,64.8333333,0.188343393,0.747323109,21.5084714,51.4722222,2.06865827,-1.89955912,36.3557588,12.6388889,1.72819796,-0.161335279,11.7821479,1.44444444,20.6254558
106,385200,-1.78662915,0,0,0,,-0.00769030215,0.127226239,0,,-1.17191841,23.6537537,6.66666667,1.93390187,0.178702143,2.956399,76.4722222,0.233682424,1.09489897,19.1571558,54.75,2.05741565,-1.5120185,37.4472504,20.6944444,1.81573743,-0.368603051,16.6582148,1.27777778,24.9776383
107,388800,-2.06318927,-0.00530559871,0.0850253116,0,,-0.00471466459,0.075555248,0,,-1.40921012,25.789404,5.11111111,1.95705522,0.142974919,2.2912564,67.4166667,0.212076517,0.919916063,20.7002528,53.0555556,2.08424595,-1.55980766,36.0958806,19.75,1.75337588,-0.147042208,14.9626256,2.72222222,14.4482881
108,392400,-2.52527985,0,0,0,,-0.00724845455,0.121822282,0,,-1.11308241,23.3781582,6.91666667,2.00908573,0.125096258,2.10244977,66.4444444,0.18827196,0.704437316,23.2656742,49.3055556,2.11816945,-2.01443204,37.5802429,9.52777778,1.16292222,-0.22005053,13.5516527,1.66666667,17.5882802
109,396000,-2.0590313,0,0,0,,-0.00332539706,0.0538272101,0,,-1.33045229,26.1903604,6.77777778,2.12137988,0.134115601,2.17088922,65.1388889,0.205891754,0.658611752,21.8303876,49,2.04823841,-1.53171515,36.2753139,21.8611111,1.62238188,0.0137341826,13.4792216,2.75,15.3903359
110,399600,-2.48947251,0,0,0,,-0.00361860542,0.0573524031,0,,-1.17104597,28.975446,14.9166667,2.20269495,0.103286317,1.63701698,66.0555556,0.156362802,0.840653094,21.1128226,52,2.08918295,-2.24841327,37.2192955,4.88888889,1.02179995,-0.0103340684,10.9980666,1.83333333,18.6431023
111,403200,-2.41195147,0,0,0,,-0.0110276311,0.192969168,0,,-1.09350205,22.8400707,5.52777778,1.915255,0.147111091,2.5742523,74.6666667,0.197023782,0.898152602,20.3144215,48.8333333,2.10825581,-2.07863457,39.0348512,6.58333333,1.15514833,-0.274050904,15.0434351,1.58333333,18.4938318
112,406800,-1.81650367,0,0,0,,-0.003626988,0.0565034029,0,,-1.31479639,25.7523206,8.19444444,2.06396435,0.140321511,2.18601298,66.75,0.210219492,0.768805761,21.3276228,51.2777778,2.08456666,-1.53085366,35.4650064,21.0555556,1.77071272,0.123646094,15.2125338,3,18.3357992
113,410400,-2.20148369,0,0,0,,-0.00778622703,0.135004461,0,,-1.18137279,24.8117424,6.36111111,1.96204654,0.159815564,2.77102299,73.5277778,0.217353997,0.984030487,20.0356777,52.5277778,2.03660353,-1.86380325,38.6020067,13.9722222,1.29729933,-0.292367481,13.6445457,1.72222222,14.3583678
114,414000,-1.27526918,0,0,0,,-0.00859081084,0.138595844,0,,-1.23301954,23.4910821,5.94444444,1.87625836,0.212226919,3.42386412,78.4444444,0.270544231,1.12131749,19.2351304,54.9444444,2.10539917,-0.932683349,35.2588072,34.4166667,1.82007813,-0.434519886,18.4525203,1.55555556,22.7974045
115,417600,-1.79374354,0,0,0,,-0.0079905286,0.128526281,0,,-1.19810668,23.38061,6.27777778,2.03475573,0.15760984,2.53512722,73.4722222,0.214516228,1.00705815,18.2090672,52.4722222,2.03833839,-1.73623014,36.6528654,15.8333333,1.71313477,-0.0160841728,19.0938039,2.05555556,28.4834189
116,421200,-2.07942526,0,0,0,,-0.00774861554,0.127816423,0,,-1.02950145,21.3840177,6.86111111,1.94474294,0.15068105,2.48554243,67.8888889,0.221952446,0.746137639,22.4230737,48.8055556,2.15702056,-1.58814319,36.9436118,18.5,1.76078258,-0.350850704,16.6359379,2.13888889,15.3741
117,424800,-2.63090672,0,0,0,,-0.00375599306,0.0570783989,0,,-1.15460324,28.7207754,15.5,2.37207011,0.0984041158,1.49540995,63.8333333,0.154157884,0.725490417,20.3846843,49.5277778,2.08659307,-2.30670788,35.8632986,3.52777778,0.754645727,0.010265865,13.4787533,1.86111111,24.1045036
118,428400,-2.59878116,0,0,0,,-0.00880861893,0.145023039,0,,-1.08129056,22.3484087,7,1.97242424,0.122293045,2.01340404,66.1944444,0.1847482,0.661187297,22.504364,47.8333333,2.11995458,-2.05385447,36.9434041,7.77777778,1.22186187,-0.238307849,16.0453961,2.33333333,15.7774416
119,432000,-0.447492677,-0.0560177739,0.870145843,0,,-0.00299633639,0.0465432571,0,,-1.49563624,26.3175219,5.72222222,1.73550417,0.238065086,3.69795747,67.1388889,0.354585979,1.06759369,18.989908,53.4444444,2.14251981,0.277853979,31.9191837,62.1388889,1.87702886,-0.476355076,18.1587399,1.97222222,17.560353
120,435600,0.368911801,0,0,0,,-0.00337603243,0.0522323831,0,,-1.2835467,24.2312549,7.25,1.94922004,0.226130193,3.4985798,73.7777778,0.306501767,1.18853763,20.0066584,57.9166667,2.14244466,0.158272128,31.7201594,60.3333333,1.83024861,0.0828945863,20.4911151,4.02777778,17.4703632
121,439200,-0.910649749,-0.057604209,0.879015589,0,,-0.00545089057,0.0831782584,0,,-1.36767574,24.8037471,6.58333333,1.9578167,0.191325811,2.91955004,69.3055556,0.276061291,1.08642359,19.0848961,54.6944444,2.13651237,-0.754489046,32.8328632,38.9166667,1.79503431,-0.0031792617,19.3967497,3.16666667,20.0201193
122,442800,-2.39721413,0,0,0,,-0.00888371317,0.147959449,0,,-1.12490378,23.0519735,6.33333333,2.0460964,0.12749293,2.12341206,66.7777778,0.190921193,0.677373242,23.0135636,48.0555556,2.14246097,-1.91418156,36.9814479,11.5277778,1.32827646,-0.154111251,14.6816436,2.52777778,14.3880772
123,446400,-2.33242482,0,0,0,,-0.00343828965,0.0539665267,0,,-1.10771098,28.6804063,15.7777778,2.28030025,0.107151701,1.68182606,65.1111111,0.164567459,0.83231199,21.122327,51.8888889,2.0987611,-2.20708336,36.8303249,5.91666667,1.17830503,0.046344115,11.6311491,2.02777778,19.4149072
124,450000,-2.06547572,0,0,0,,-0.00354747739,0.0559133302,0,,-1.38989924,26.9705421,8.52777778,1.88369056,0.137643035,2.16945159,65.3611111,0.210588578,0.74415306,21.3147042,50.6944444,2.06776689,-1.46544359,36.4167157,21.9722222,1.92299963,-0.0883815118,13.0726731,3.38888889,10.9331906
125,453600,-1.7281902,0,0,0,,-0.00310125881,0.0487950602,0,,-1.18934198,27.5145951,12.9444444,2.16076542,0.138812886,2.18407542,68.75,0.201909653,0.921146929,21.5964748,55.0277778,2.08417481,-1.57763584,36.0926299,19.8333333,1.80579053,-0.0180709335,12.5634297,2.27777778,17.1311859
126,457200,-1.72734408,0,0,0,,-0.00744826048,0.125161928,0,,-1.06108285,21.9303722,6.44444444,1.89288269,0.158998594,2.67184139,68.7222222,0.231364163,0.777545067,22.9993512,50.0277778,2.14502165,-1.36601877,36.251686,24.9722222,1.58432558,-0.229337852,16.0215872,1.86111111,19.4531827
127,460800,0.927488336,-0.0928430664,1.42072593,0,,-0.00344625745,0.0527361655,0,,-1.42349629,25.8927252,7.61111111,1.76431717,0.294648626,4.50884442,71.75,0.410660106,1.19960297,19.0899882,56.5,2.16558872,1.06965239,30.7772699,77.9722222,1.97565052,-0.116630039,18.2577102,2.91666667,18.4541774
128,464400,0.848855751,-0.0947774862,1.44534859,0,,-0.00380060114,0.0579588436,0,,-1.40696825,25.6150551,7.30555556,1.86650338,0.303417092,4.6270848,71.7777778,0.42271731,1.17898719,18.6709705,56,2.1458214,1.00937948,30.1525623,78.0277778,1.91381058,-0.137381681,19.4310199,3.22222222,17.6398553
129,468000,1.24513463,-0.15316059,2.3100088,0,,-0.00560680362,0.0845633049,0,,-1.39597334,24.3860848,6.19444444,1.78303359,0.326198388,4.91981093,73.3333333,0.444815983,1.19085085,18.5679527,56.3888889,2.1475529,1.54909552,30.025934,89.3611111,1.9806748,-0.26626939,19.7056455,2.27777778,22.8352978
130,471600,-2.45248256,0,0,0,,-0.00563829149,0.0916390441,0,,-1.09724678,23.1089216,7.88888889,2.05719644,0.0930899266,1.5129888,65.1666667,0.142848992,0.769232552,21.7913229,50.8333333,2.07540107,-2.35640312,38.5018087,1.52777778,0.409234812,0.144483151,14.9933189,2.69444444,19.7996234
131,475200,-0.293183958,0,0,0,,-0.00236863294,0.0378761847,0,,-1.33840372,25.9913743,7.61111111,1.88538997,0.215716203,3.44946093,70.0555556,0.307921623,0.993329329,22.4439477,55.9166667,2.14326858,-0.0276648594,34.6694645,54.1111111,1.97781187,-0.133792281,13.4078764,2.69444444,13.0766374
132,478800,1.03057196,-0.0123790249,0.189441542,0,,-0.00129205711,0.0197729057,0,,-1.36823892,24.7986661,6.66666667,1.89169228,0.269668369,4.12685104,72.75,0.370678171,1.10231405,22.9692947,59.8888889,2.17339034,0.932438979,30.4649346,77.5555556,1.88456188,0.108060569,17.4310391,2.69444444,23.1418543
133,482400,-2.69030428,0,0,0,,-0.00915462481,0.155336758,0,,-1.05388135,22.5104508,6.77777778,2.01209582,0.112459151,1.90822019,65.8333333,0.170824027,0.626037394,23.3575709,47,2.13041886,-2.11742803,38.4173169,6.88888889,1.06446904,-0.248336819,13.6511046,2.41666667,11.5071333
134,486000,-2.16489882,0,0,0,,-0.0074587329,0.126751406,0,,-0.983467316,21.504207,6.94444444,2.03008043,0.137989235,2.3449465,69.5,0.198545662,0.773675804,23.335847,50.0555556,2.14449948,-1.95433759,37.7657782,10.5555556,1.26949001,-0.131300218,14.9224699,2.38888889,15.631074
135,489600,1.61020628,-0.12309898,1.86852231,0,,-0.00358429639,0.0544061194,0,,-1.40947866,25.019328,6.66666667,1.79103332,0.316124035,4.79845419,73.5555556,0.429775879,1.23779681,19.1817838,57.8611111,2.16164204,1.6341618,30.2330896,91,1.99226898,-0.0417144242,18.844416,3.55555556,16.871668
136,493200,-1.64026603,0,0,0,,-0.00328462946,0.0519567185,0,,-1.25031267,27.9278977,11.4722222,2.24563768,0.153190221,2.4231839,70.6944444,0.216693437,0.98193572,21.9093273,56.4166667,2.09779504,-1.50367568,36.030342,21.3333333,1.81432273,-0.0181189939,11.6572923,3.13888889,11.4505225
137,496800,-1.2294621,-0.0152812648,0.243943581,0,,-0.00318237088,0.0508020088,0,,-1.25624152,27.327033,10.8888889,2.09201967,0.177644881,2.83584697,72.1111111,0.246348834,1.07398448,21.8796803,57.9166667,2.11043306,-1.17982452,35.097737,29.5277778,1.72513769,-0.026561787,12.5649571,2.61111111,14.5635326
138,500400,-2.34690693,0,0,0,,-0.00776923708,0.132024425,0,,-1.05090426,22.3681729,6.63888889,1.99878996,0.141446167,2.40362711,68,0.208009069,0.648902349,23.3432846,47.0833333,2.14787667,-1.90050895,36.0290399,10.8333333,1.01395753,-0.178073003,15.7238511,2.52777778,14.7803332
139,504000,-1.65030816,0,0,0,,-0.00324599131,0.0503713696,0,,-1.20954304,28.0443737,13.7222222,2.17774472,0.149195275,2.3152158,69.5,0.214669461,0.956011757,21.3687796,55.6944444,2.09450108,-1.57528595,35.6152016,19.75,1.8222791,0.0325597931,12.6060579,2.55555556,16.5308331
140,507600,1.16167174,-0.131322263,2.05182129,0,,-0.00562196959,0.0878394616,0,,-1.37511001,24.7994905,6.05555556,1.75150141,0.341476776,5.33534301,72.5277778,0.470822058,1.17901814,19.0459773,55.5,2.16037261,1.55854547,29.9938579,89.8888889,1.93474174,-0.405314399,18.6856706,2.41666667,16.3576641
141,511200,-1.50127813,0,0,0,,-0.00844676572,0.140241528,0,,-1.05912497,21.611754,6.25,1.94043054,0.180600071,2.99850036,75.7222222,0.238503396,1.00818766,21.6052966,54.0277778,2.13730568,-1.42322322,35.588835,21.9444444,1.64118304,-0.199270903,18.0553725,2.47222222,17.9637282
142,514800,-2.41971628,0,0,0,,-0.00335957924,0.0519752795,0,,-1.08679364,28.4845957,17.0277778,2.21518711,0.101270061,1.56672587,65.6111111,0.154348949,0.735613135,20.7368559,50.4166667,2.05884543,-2.25487687,36.2234188,4.86111111,0.890056377,0.0884306117,12.9364285,2.08333333,22.1907781
143,518400,-1.78154529,0,0,0,,-0.00639879793,0.10628104,0,,-1.0880213,22.6250806,7.11111111,1.92763941,0.148469863,2.46601497,68.75,0.215956164,0.724231886,23.1264977,49.6944444,2.12960914,-1.57268476,34.9438503,19.6111111,1.35422814,0.0128578218,16.7322754,2.75,18.549959
144,522000,2.60667022,-0.00426780421,0.0651396479,0,,-0.00173583111,0.0264940521,0,,-1.23511032,23.1818577,7.22222222,1.96416839,0.341561672,5.21326799,82.2222222,0.415412844,1.40877419,22.7441258,66.6111111,2.17600221,1.80828633,28.4097734,97.5833333,1.88025511,0.289161978,20.3593414,4.88888889,16.5994829
145,525600,0.95931218,-2.3323319e-06,3.51287784e-05,0,,-0.00209195261,0.0315082684,0,,-1.29039997,23.7990088,7.41666667,1.95307316,0.252349613,3.8008028,74.1388889,0.34037415,1.13364364,21.3155577,59.3888889,2.14590965,0.542262048,32.2981432,65.9722222,2.03620352,0.323551143,18.7549442,3.75,20.9168337
146,529200,-1.45509769,0,0,0,,-0.00795253418,0.133925934,0,,-1.03816535,21.3753207,6.27777778,1.84064448,0.184849147,3.11298187,77.1111111,0.239717914,1.03702791,22.0725473,55.0555556,2.13211705,-1.4857741,35.4319405,20.3611111,1.5180354,-0.145082754,17.8732837,1.97222222,23.2284793
147,532800,2.73519956,-0.0340313636,0.500106666,0,,-0.00233534409,0.034318964,0,,-1.27122551,22.9840583,7.94444444,1.84278793,0.337442749,4.95887764,77.2222222,0.436976222,1.28137609,19.6634904,61.1666667,2.14123277,2.06018987,31.7864396,97.4444444,2.16697844,0.363783068,20.0727085,4.05555556,21.3250063
148,536400,1.49494786,-0.162282262,2.50996674,0,,-0.00500137417,0.0773546206,0,,-1.26922512,23.6527676,7.27777778,1.78658921,0.366157097,5.66323221,76.25,0.480206028,1.2405134,19.5682294,57.4444444,2.18097687,1.53609224,31.2871856,88,2.0221419,-0.211306128,17.2412639,2.5,18.0686055
149,540000,1.99596098,-0.0671062059,1.05310512,0,,-0.00370047234,0.0580719222,0,,-1.15604472,21.6665892,5.97222222,1.88036076,0.355133269,5.57314572,79.0555556,0.449219876,1.31850075,21.9168353,62.2777778,2.17982276,1.73018408,30.0542187,95.6944444,1.9046591,-0.181005726,19.6780341,3.47222222,15.4500836
150,543600,1.73358553,-0.167546686,2.51263228,0,,-0.00448035136,0.0671900814,0,,-1.3530673,23.9370209,6.75,1.80070249,0.342902995,5.14238243,75.5277778,0.454009114,1.22515424,18.8982584,57.3611111,2.16638319,1.56728567,30.7860398,87.6388889,2.06538007,0.123336966,18.6564761,4.41666667,15.4798099
151,547200,1.98805357,-0.115956603,1.76576748,0,,-0.0035732845,0.0544133703,0,,-1.29713567,24.1920778,7.86111111,1.85431558,0.365008217,5.55828322,79,0.462035718,1.27714544,20.0278982,60.25,2.15133795,1.77385441,32.4025637,91.4722222,2.13272726,-0.0112889372,15.9989962,3.13888889,16.5560645
152,550800,1.99992168,-0.0597237145,0.962732279,0,,-0.00365383804,0.0588990127,0,,-1.13988324,22.1538179,6.63888889,1.76568001,0.350501191,5.64999704,80.1666667,0.437215623,1.32133199,23.104425,64.5555556,2.13353428,1.85820423,32.6200077,95.9166667,2.02353119,-0.326854936,15.4501211,2.47222222,12.7739981
153,554400,2.50343223,-0.0605288805,0.929588543,0,,-0.003517147,0.05401553,0,,-1.22993532,22.2179361,6.22222222,1.74178167,0.336355184,5.1656651,81.1388889,0.414542507,1.3813858,22.8177855,66.5,2.15574026,1.89400435,31.4565109,96.6111111,2.04026834,0.185668252,17.3584984,3.86111111,17.0409887
154,558000,-2.6069204,0,0,0,,-0.00324179455,0.050519066,0,,-1.15589115,28.8891639,15.2777778,2.28409703,0.103265502,1.60925581,67.1666667,0.153745164,0.741409149,21.2610922,50.7222222,2.0757446,-2.28054108,36.2549155,3.52777778,0.650931956,-0.0119210288,11.9350535,1.97222222,19.1141764
155,561600,2.32625584,-0.0536926144,0.817484792,0,,-0.0026115315,0.0397612839,0,,-1.28126058,23.495284,7.22222222,1.81326321,0.358666086,5.4607896,80.8888889,0.443405875,1.34543241,21.6342871,64.1388889,2.15655282,1.97249146,32.5695585,96.0277778,2.14087457,-0.0127693855,15.9828348,3.75,13.8264983
156,565200,1.93981987,-0.115348644,1.73517105,0,,-0.00426129764,0.0641020132,0,,-1.2703389,23.0055076,7.83333333,1.65315292,0.389663086,5.86163898,77.75,0.501174388,1.25520388,19.2381793,57.6944444,2.19613585,1.71970025,31.0068633,91.5555556,2.06483251,-0.0347985117,19.0885378,2.75,22.4390304
157,568800,2.41440767,-0.0834857991,1.24397044,0,,-0.00309155976,0.0460654267,0,,-1.26632188,23.4827681,8.33333333,1.85797341,0.361893908,5.39235809,79.6111111,0.454577135,1.3650016,21.0419515,63.25,2.19539663,1.91594412,32.2914452,94.2222222,2.16673907,0.12446729,16.5014412,3.66666667,16.7988824
158,572400,-2.09987743,0,0,0,,-0.00336019683,0.0516989211,0,,-1.21381564,28.5017384,13.6944444,2.33185393,0.126605143,1.94790652,71.0277778,0.178247367,0.910899414,21.2562849,53.7222222,2.13362555,-2.07684075,34.5494933,9.44444444,0.893226584,0.156634604,13.692878,2.11111111,24.7881304
159,576000,2.33784703,-0.0294209729,0.448962719,0,,-0.00227675111,0.0347431193,0,,-1.27614197,23.4869688,7.30555556,1.7998797,0.358042338,5.46370994,80.8611111,0.442786815,1.38518302,22.3286754,65.1388889,2.18640765,2.04871488,32.5190679,97.8611111,2.13553762,-0.146253522,15.7178721,3,14.7292375
160,579600,2.56947552,-0.0300183902,0.441489397,0,,-0.00230800549,0.0339445235,0,,-1.25850798,22.6365179,7.47222222,1.8778023,0.353653083,5.20128112,80.1111111,0.441453224,1.38383205,20.8189829,63.6388889,2.19943082,2.08250098,31.9711315,97.6388889,2.1796278,0.0403237842,18.8966526,3.63888889,18.2084773
161,583200,2.9984964,-0.0731378351,1.03253736,0,,-0.00444059533,0.0626909527,0,,-1.17317437,19.7793868,6.25,1.82288934,0.352137691,4.97137112,81.5277778,0.431923574,1.45348213,21.376837,67.0555556,2.21284427,1.88505937,29.45071,94.75,2.09559094,0.558570011,23.3264668,4.08333333,27.0717094
162,586800,2.86207298,-0.0283617263,0.421646954,0,,-0.00205590668,0.0305646695,0,,-1.19067167,21.5760973,6.5,2.00481762,0.346038042,5.14446422,81.5833333,0.42415286,1.48201457,22.7809024,67.5833333,2.23010067,2.04042818,31.567034,98.0555556,2.12316276,0.214681491,18.4792905,4.94444444,14.7405374
163,590400,2.54311544,-0.0268896468,0.396585998,0,,-0.00254994987,0.0376083189,0,,-1.23359768,22.5447489,7.91666667,1.86315626,0.362211856,5.34213599,80.3055556,0.451042089,1.36623618,20.7710257,62.6666667,2.21375281,2.11204307,32.3848162,97.75,2.20349092,-0.0343383984,18.5230789,3.61111111,16.9141637
164,594000,2.62322653,-0.0355276882,0.516366988,0,,-0.00272957829,0.0396722723,0,,-1.26462252,22.3749431,7.52777778,1.82553612,0.373532815,5.4290055,81.5555556,0.458010264,1.38993099,20.6029198,63.1944444,2.22130071,2.12055797,32.2946046,97.4722222,2.22757274,0.0420845545,18.7424877,3,22.193787
165,597600,2.29095105,-0.122055786,1.79704555,0,,-0.0039582118,0.0582773427,0,,-1.24277203,22.3723409,7.66666667,1.80497609,0.386488209,5.69032355,80.1944444,0.481938882,1.3058416,19.5459681,58.8611111,2.2369682,1.71193122,30.6035332,90.4444444,2.09550234,0.255476038,19.9325114,3.83333333,20.9908335
166,601200,3.11267435,-0.0337450537,0.484345779,0,,-0.00235095922,0.0337435283,0,,-1.27383506,21.8777789,6.75,1.85496782,0.359718857,5.16307698,82.6388889,0.435290046,1.44218369,21.2183673,65.3611111,2.23412456,2.03996265,30.8346437,97.1666667,2.15519165,0.580740217,20.3880439,5.05555556,19.7921274
167,604800,2.38351256,-0.0808576994,1.18903826,0,,-0.00336810472,0.0495290542,0,,-1.24893581,22.8300546,8.02777778,1.8907311,0.385510109,5.66904911,81.2222222,0.47463625,1.34695215,20.2602948,61.2222222,2.22525815,1.89517128,31.5140579,93.6111111,2.15690706,0.0890406443,18.4879762,3.11111111,21.6365013
168,608400,2.79116912,0,0,0,,-0.000895011729,0.0135207282,0,,-1.33998312,24.6869815,7.58333333,1.93967891,0.328557574,4.96344072,81.5277778,0.403000773,1.52295216,23.4295396,68.4444444,2.24553133,2.08186853,31.4502901,100,2.08186853,0.198668994,15.4562274,3.66666667,16.6609379
169,612000,1.82788577,-0.0957426828,1.46322587,0,,-0.00453201519,0.0692623361,0,,-1.23064625,22.5993511,7.38888889,1.67879233,0.395200387,6.0398081,79.8055556,0.495204105,1.30022567,20.0643986,58.4166667,2.23659764,1.79973209,31.894169,92.0555556,2.11103539,-0.336351434,17.8697849,2.30555556,18.0632206
170,615600,3.09767997,-0.0228025921,0.329059299,0,,-0.00196874906,0.028410594,0,,-1.23283044,21.5479622,6.94444444,1.8746181,0.364966252,5.26674944,83.2222222,0.438544228,1.48613491,21.9198735,67.0555556,2.24075472,2.17520149,32.3682194,98.1944444,2.24971961,0.328979097,18.5397256,4.75,16.9864578
171,619200,2.9549784,-0.0202275805,0.294484082,0,,-0.00236672626,0.0344560838,0,,-1.16469892,21.3460364,8.22222222,1.83357868,0.395437553,5.75699425,82.8888889,0.477069434,1.39353469,20.5191417,62.8888889,2.22849981,2.1577964,32.3994582,97.9444444,2.23762398,0.195502985,19.6494292,3.25,23.7721053
172,622800,2.94473372,-0.0144880256,0.21239853,0,,-0.00204264398,0.0299457353,0,,-1.26028882,22.0610508,6.58333333,1.85718144,0.387667606,5.68331614,85.1666667,0.455187013,1.53692731,23.0199185,68.8055556,2.25792148,2.08185011,31.1372851,99,2.12412703,0.215108177,17.8560851,5.16666667,13.8686981
173,626400,3.11879345,-0.0235048863,0.336402755,0,,-0.00237369849,0.0339724558,0,,-1.24648581,21.5492459,7.16666667,1.80828333,0.365694117,5.23382699,82.2777778,0.444462803,1.45475472,21.0615532,64.9722222,2.25200248,2.11562357,31.3632812,98.1111111,2.19496838,0.455085436,20.4217174,4.38888889,21.4402407
174,630000,3.27448621,-0.029551072,0.424438213,0,,-0.00246448543,0.0353970845,0,,-1.17130034,21.5731211,9.11111111,1.81484957,0.35501065,5.09897191,82.25,0.431623891,1.42926228,20.8202343,64.6944444,2.22495888,2.12949347,31.936349,97.6944444,2.22787938,0.564035709,20.1114885,4.69444444,20.9212968
175,633600,2.70664195,-0.031444047,0.472175723,0,,-0.00238278375,0.0357807836,0,,-1.18650105,22.5188082,8.55555556,1.82989499,0.361626278,5.43031721,81.5555556,0.443410967,1.39859087,21.1924627,63,2.23006404,2.08914682,32.9226093,97.5555556,2.19443856,0.0776058542,17.427846,3.5,17.6884997
176,637200,3.08498015,-0.0315328081,0.462985166,0,,-0.00241513378,0.0354605625,0,,-1.15956101,21.0923714,7.44444444,1.86037902,0.335281205,4.92281638,81.5555556,0.411107744,1.52340373,22.78777,68.5555556,2.24301591,2.14997744,32.8486284,98,2.23837686,0.269826736,17.8499682,4.05555556,18.314941
177,640800,2.88676498,-0.0674471401,0.998928787,0,,-0.0039868522,0.0590474471,0,,-1.12149813,20.0832972,6.33333333,1.85143746,0.347283219,5.14345314,83.2777778,0.417017875,1.5001134,22.8208876,68.0833333,2.23326872,2.05574635,32.9508915,96.3333333,2.22175069,0.176554139,17.9434944,3.94444444,17.5954986
178,644400,1.52060494,-0.152953864,2.38086347,0,,-0.00609937024,0.094942144,0,,-1.2380606,23.2076305,7.30555556,1.73065355,0.406098608,6.32128745,81.3333333,0.499301568,1.2771947,20.0151346,57.2777778,2.23736633,1.60019334,31.7782283,89.0833333,2.04399781,-0.365767879,16.2019136,2.27777778,14.8190929
179,648000,2.63744334,-0.111074013,1.69151812,0,,-0.00509445977,0.0775822422,0,,-1.07823137,19.510444,5.72222222,1.77315228,0.384088772,5.84919098,83.8333333,0.458157581,1.46779383,22.5893731,66.25,2.22726896,1.86791678,32.9688199,92.8611111,2.17142762,0.112043799,17.3130716,3.55555556,17.5628183
180,651600,3.07600761,-0.00929890799,0.132855966,0,,-0.00141330388,0.0201922475,0,,-1.38040006,25.3170584,10.3055556,1.89995399,0.344225949,4.91804747,83.7222222,0.411152427,1.59291322,23.0219769,70.75,2.26450647,2.08693726,30.2520118,98.9444444,2.12460043,0.44304346,16.3378573,5.16666667,15.3538966
181,655200,2.82026023,-0.0756608468,1.12265574,0,,-0.00391062421,0.0580258467,0,,-1.19115392,20.8682704,5.86111111,1.83628318,0.351625276,5.21741627,83.7777778,0.419711868,1.53135245,23.2194305,68.8055556,2.24997447,1.97959246,32.383759,95.1944444,2.18609418,0.228415427,17.1304422,3.94444444,17.5298881
182,658800,3.34411379,-0.0382724055,0.544071906,0,,-0.00277622021,0.039466122,0,,-1.19426351,21.1543736,8.36111111,1.75711073,0.339344496,4.82404501,82.1388889,0.413134997,1.43752943,20.6517166,65.5277778,2.20537145,2.04464978,30.7180434,97.1111111,2.16529896,0.757902227,22.0682833,4.88888889,23.6278853
183,662400,2.24243346,-0.124456753,1.88087899,0,,-0.00424716559,0.0641861882,0,,-1.22094843,22.6712733,7.86111111,1.77581477,0.369862236,5.58962126,80.4722222,0.459614791,1.33623764,20.290369,59.9722222,2.23340103,1.71212271,31.6398669,90.8333333,2.09488938,0.173863223,17.8638044,3.66666667,18.4895668
184,666000,2.97371922,-0.0172593081,0.252429829,0,,-0.00123973017,0.0181319478,0,,-1.36428472,24.2024833,7.91666667,1.8347642,0.343876577,5.02944294,82.1388889,0.418652579,1.51599028,22.4714986,67.2777778,2.26852561,2.07082307,31.0798167,98.5833333,2.12806456,0.425813043,16.9461967,4.19444444,18.8877243
185,669600,2.32065695,-0.107895596,1.63229322,0,,-0.00392430807,0.0593687014,0,,-1.25369584,23.4032551,8.55555556,1.71393821,0.373487691,5.65029015,81.8055556,0.456555412,1.37349358,20.985848,61.8055556,2.23335196,1.81024096,32.0702657,92.0833333,2.13399391,0.128950469,16.1986792,3.66666667,16.3594531
186,673200,2.48819414,-0.0888353347,1.36501781,0,,-0.00421901617,0.0648281703,0,,-1.12911134,20.130981,5.36111111,1.68819988,0.360418637,5.53808752,84.1666667,0.428220163,1.53763451,24.1287491,69.6111111,2.23235417,1.91847741,33.1037211,94.3611111,2.15812793,-0.106170722,15.6686153,4.02777778,11.3405274
187,676800,2.7028242,-0.0971890993,1.45232011,0,,-0.00482146995,0.0720483865,0,,-1.11380146,19.8325133,5.86111111,1.82037247,0.367655354,5.49396249,85.6666667,0.429169674,1.58626884,23.9981711,70.8055556,2.25421843,1.87868653,31.9225285,94.1666667,2.13182578,0.0860254979,17.2284562,4.05555556,15.2747489
188,680400,3.13768214,-0.015368898,0.229761552,0,,-0.00153048588,0.022880418,0,,-1.27359523,22.560981,6.58333333,1.78878461,0.354858005,5.30504697,83.1388889,0.426825532,1.54763478,23.4474431,67.7222222,2.30061066,2.05760992,31.5583787,98.6944444,2.11185655,0.468074048,16.8755082,4.77777778,16.7116149
189,684000,2.69300414,-0.0357313061,0.549000843,0,,-0.00260714413,0.0400579906,0,,-1.11960882,22.161459,8.86111111,1.82117704,0.394688056,6.06426405,84.25,0.46847247,1.43153646,22.1569322,63.5,2.26268007,2.04572562,33.1307335,97.25,2.16041874,-0.0209987279,15.8975524,2.72222222,18.6186395
190,687600,3.21035215,-0.000188951876,0.0028854421,0,,-0.0011275448,0.0172184861,0,,-1.23677086,22.489128,6.36111111,1.85438951,0.348480661,5.32157074,82.8333333,0.420701,1.59991073,24.5908373,69.4166667,2.31229097,2.09605715,32.0084229,100,2.09605715,0.403990967,15.5699372,4.38888889,16.2180146
191,691200,2.39810516,-0.0763666765,1.17824363,0,,-0.00341705139,0.0527208886,0,,-1.13246992,23.1257442,9.5,1.92843128,0.398953108,6.1553544,84.3333333,0.473066926,1.43989429,22.3286884,63,2.29135379,1.91421597,33.0155183,94.1111111,2.15388148,-0.142704558,14.1437302,2.44444444,15.8319634
192,694800,3.14908851,-0.0537526029,0.787400665,0,,-0.00263660512,0.0386225879,0,,-1.157726,21.8165328,8.88888889,1.86524385,0.386026555,5.65475066,85.5,0.451493047,1.51169924,22.332708,66.4166667,2.2857676,2.036258,32.3100473,95.75,2.21510807,0.429219929,17.059938,4.75,16.7771756
193,698400,2.69554042,-0.0883740931,1.33731225,0,,-0.0035691986,0.054010546,0,,-1.13015717,22.1404764,9.19444444,1.81065863,0.409489446,6.19655867,85.0833333,0.481280446,1.41430213,21.4655501,62.2777778,2.27434087,1.83262007,31.7987302,93.1666667,2.11126323,0.261229232,17.0073618,3.25,21.3097373
194,702000,3.10670337,-0.0400238956,0.598356895,0,,-0.00243816357,0.0364505245,0,,-1.09916188,21.5104859,9.30555556,1.82507875,0.391247631,5.84914873,85.1388889,0.459540448,1.48343377,22.3646962,65.2222222,2.28403819,2.04187948,32.3880316,96.6111111,2.17796079,0.331766417,17.2528302,4.22222222,17.5950301
195,705600,3.30165636,-0.044907985,0.663242707,0,,-0.00277431771,0.0409736929,0,,-1.1025511,21.3445011,9.30555556,1.841262,0.368195121,5.43784649,84.9722222,0.433312336,1.51005428,22.4505683,66.5833333,2.2754765,2.05899055,32.1829418,96.9166667,2.18646029,0.514649818,17.879926,4.47222222,19.2890101
196,709200,3.22401135,-0.047222115,0.705135043,0,,-0.00282370547,0.0421644325,0,,-1.15656157,21.5271007,7.75,1.83925545,0.335456059,5.00913231,83.2777778,0.402815815,1.5762782,23.7571847,69.5833333,2.27588308,1.96115765,31.1733061,97.1666667,2.08343029,0.557726835,17.7859767,4.5,19.4314895
197,712800,3.28275881,-0.0136030028,0.195113394,0,,-0.00134182405,0.0192463273,0,,-1.27729872,24.3675633,11.0833333,1.90181928,0.355835025,5.10388629,85.5833333,0.415776076,1.62906437,23.5267459,71.3055556,2.29246692,2.11354005,30.9754153,98.8888889,2.16055511,0.476562914,15.8120295,4.16666667,18.9474366
198,716400,3.21876884,-0.0278830022,0.413181764,0,,-0.0024862954,0.0368429451,0,,-1.09925507,21.4722125,9.05555556,1.9312322,0.375941623,5.57085718,84.3611111,0.445633798,1.5086347,22.5076917,65.7777778,2.30133593,2.11468678,32.6080946,97.6944444,2.20851818,0.349130109,17.3911193,4.55555556,16.7130641
199,720000,3.27426871,-0.0255479543,0.373988558,0,,-0.00246003139,0.0360116345,0,,-1.1630529,21.4596477,8.25,1.83576548,0.382442366,5.59845486,84.2222222,0.454087242,1.50541908,22.1103923,65.3055556,2.30901262,2.13579197,32.4729843,97.9166667,2.22336543,0.441676165,17.9485206,4.44444444,18.7625003
200,723600,3.46993534,-0.00637069745,0.0941408602,0,,-0.00142960633,0.0211255315,0,,-1.22089662,21.3652842,6.47222222,1.73768948,0.379473318,5.6075406,84.5277778,0.448933271,1.63203692,24.1890417,69.6388889,2.34707724,2.10721046,31.4198843,99.4722222,2.12795885,0.579911564,17.3029828,4.47222222,19.5745918
201,727200,2.74631061,-0.0744531792,1.10917227,0,,-0.0052350014,0.0779888574,0,,-1.08846863,19.7900738,6.36111111,1.88599053,0.398563445,5.93763121,85.9722222,0.463595607,1.61349805,24.1816862,69.3611111,2.33321921,1.98715598,32.4182641,95.4166667,2.18160613,-0.0847500571,16.4851835,3.30555556,15.4560668
202,730800,3.40723106,-0.0276797239,0.415381432,0,,-0.00276720588,0.0415266405,0,,-0.972176034,20.387262,10.5555556,1.83016213,0.398409088,5.97880739,85.6388889,0.465219824,1.46786826,22.1470676,64.1111111,2.29576415,2.11440116,33.023977,97.8611111,2.20466333,0.429175512,18.0059779,3.5,23.2719679
203,734400,2.64800184,-0.0696878418,1.08290425,0,,-0.00477696268,0.0742309284,0,,-0.953958397,18.9628561,7.16666667,1.8582775,0.406724909,6.32024355,85.25,0.477096667,1.59083794,24.8767633,68.6111111,2.32595381,1.97908689,33.7333341,95.4722222,2.17336459,-0.300224694,14.9496677,2.66666667,12.4092599
204,738000,3.28417461,-0.0470478316,0.703206433,0,,-0.00306040702,0.0457427651,0,,-1.01020504,20.792577,10.4722222,1.81869978,0.431608817,6.4510964,87.3055556,0.494365811,1.49324628,22.3943403,64.4166667,2.32201817,2.04417194,32.9380648,96.0277778,2.21179961,0.375460843,16.6749723,4.33333333,17.2049452
205,741600,3.07211517,-0.0324361637,0.499802555,0,,-0.002899404,0.0446763539,0,,-1.07508318,21.5380615,9.11111111,1.77087606,0.435987701,6.71804992,87.7777778,0.49669485,1.55876048,24.0962105,67.0555556,2.3283345,2.07017498,33.5992233,97.0833333,2.18919958,0.117610755,13.5039758,2.97222222,16.7213468
206,745200,3.12258563,-0.0515653899,0.794972506,0,,-0.00442404416,0.0682045357,0,,-0.925135869,18.1543023,6.86111111,1.83958172,0.424634493,6.54649849,87.0277778,0.487929835,1.64643709,25.481812,70.3055556,2.34639974,2.01035696,33.25658,96.25,2.16494755,0.0222823748,15.6976302,3.05555556,17.0263514
207,748800,2.1159715,-0.096009922,1.49910438,0,,-0.00673237226,0.105119643,0,,-0.988746927,21.1899469,9.80555556,1.87832366,0.488180994,7.62248578,87.5,0.557921136,1.36050337,21.2532419,58.6111111,2.32179881,1.78444593,32.125823,92.5277778,2.07610065,-0.42566958,16.2042784,1.41666667,21.6046262
208,752400,3.12103912,-0.017772823,0.272371443,0,,-0.00290197342,0.0444732212,0,,-0.947075823,21.0627672,11.4722222,1.86239018,0.428123579,6.56106444,87.2777778,0.49052988,1.4726265,22.6089825,63.8333333,2.30906889,2.13421265,33.6528491,98.1944444,2.20487703,0.05382701,15.797492,3.33333333,16.2697106
209,756000,3.21411092,-0.0130447662,0.20090463,0,,-0.0021248033,0.0327244517,0,,-1.1328505,22.0786488,8.19444444,1.83489741,0.404613643,6.23152252,86.0833333,0.470025529,1.60491039,24.8250953,68.5,2.34803457,2.06985094,32.5073856,99.0555556,2.11020981,0.282756015,14.1237187,4.38888889,13.6687338
210,759600,3.08971985,-0.0322959547,0.489491844,0,,-0.00297468976,0.0450857201,0,,-1.14829393,21.4175251,7.22222222,1.8332515,0.375883715,5.69706066,84.5277778,0.444686617,1.63118998,24.7745647,69.7777778,2.3401286,2.03698622,32.1596257,98,2.12185266,0.229224511,15.4166463,4.13888889,15.0570875
211,763200,3.13058444,-0.0478560382,0.731544425,0,,-0.00346593225,0.0529814734,0,,-0.927858914,21.2073872,12.25,1.87543686,0.446649352,6.82764089,86.8333333,0.514375453,1.44821722,22.1784398,62.2777778,2.32754155,2.03383178,33.769993,95.75,2.21566107,0.181066978,15.2320132,3.30555556,17.811106
212,766800,2.89209754,-0.0198574019,0.309465839,0,,-0.00274593762,0.0427938103,0,,-0.975442923,21.0934652,10.75,1.75839604,0.427897328,6.66852623,86.5277778,0.494520187,1.49894631,23.3942816,64.3055556,2.33267573,2.15689567,34.6927812,98.1388889,2.23306838,-0.193595504,13.7986861,2.19444444,15.7630023
213,770400,3.08827093,-0.0605785462,0.898944235,0,,-0.00398942394,0.0592003255,0,,-1.0499065,20.4843028,9.11111111,1.81372452,0.444505273,6.59615453,86.1944444,0.515700606,1.41368935,20.9914528,60.1111111,2.3525375,1.91988066,31.2447594,95.1388889,2.11554899,0.424670118,19.7251859,3.36111111,26.0913979
214,774000,3.15946222,-0.0314093323,0.481079019,0,,-0.00278478542,0.0426529868,0,,-1.04309917,21.0678439,8.52777778,1.94896311,0.373244114,5.71676947,83.9166667,0.44477948,1.62143116,24.8705435,69.4444444,2.33655305,2.15078817,34.3388457,97.8611111,2.24437917,0.0912920639,13.4822654,3.69444444,13.1486656
215,777600,3.29282939,-0.0168161414,0.25744222,0,,-0.00161473632,0.0247203739,0,,-1.09751665,21.4517852,8.08333333,1.87865108,0.415075913,6.35449369,87.2777778,0.475580295,1.65267797,25.3136461,69.8055556,2.36812589,2.0405595,31.9718574,98.8055556,2.08943876,0.30046354,14.626055,4.13888889,15.1712014
216,781200,3.39904879,-0.000246643385,0.0037959732,0,,-0.00104543009,0.0160897266,0,,-1.1110223,21.73634,8.05555556,1.87011648,0.391128613,6.01967791,84.4166667,0.463331033,1.66480278,25.6510564,69.8055556,2.38625731,2.03762435,31.3601253,100,2.03762435,0.417807413,15.2129147,4.61111111,15.2486746
217,784800,3.15730083,-0.0518445586,0.785555893,0,,-0.00392555306,0.0594805206,0,,-0.989480798,18.9197903,7,1.85124326,0.428547233,6.4934067,86.6388889,0.494636114,1.65455603,25.0885349,69.8333333,2.3701656,1.9343414,31.5264983,96.3888889,2.08271142,0.185107084,17.1267334,3.19444444,20.5892615
218,788400,3.30819353,-0.00456093474,0.069587623,0,,-0.000907275488,0.0138425889,0,,-1.15455681,23.3793641,9.91666667,1.90477873,0.392114234,5.98261082,85.0833333,0.460859041,1.65009477,25.1950299,69.2222222,2.3846646,2.07396449,31.7974733,99.4166667,2.09122123,0.352045053,13.5620917,3.86111111,16.0696761
219,792000,2.23528747,-0.114684814,1.81458975,0,,-0.00663989304,0.105059087,0,,-1.00850595,20.6412278,8.22222222,1.80030915,0.488789305,7.73382309,84.9722222,0.575234226,1.36737223,21.6376236,57.5277778,2.37702797,1.65531307,31.5496893,91.3333333,1.99779258,-0.146356488,16.5179873,2.33333333,19.2343986
220,795600,2.52875194,-0.0803061127,1.26240363,0,,-0.00514775846,0.0809222207,0,,-0.931266602,20.6628182,10.6666667,1.79611335,0.4823638,7.58270812,87.1111111,0.553733954,1.38898956,21.8686081,58.9444444,2.35826441,1.85771515,33.0802681,93.3333333,2.12253857,-0.183596094,15.4622716,2,20.000389
221,799200,2.16670194,-0.108181849,1.68043917,0,,-0.0067854127,0.105400984,0,,-0.998508062,20.404145,9.02777778,1.74490453,0.492838646,7.65549282,86.1388889,0.572144188,1.35571694,21.0921214,57.3333333,2.36648299,1.70594519,31.6916948,91.4166667,2.04895105,-0.274323528,17.3707058,2.11111111,19.9883518
222,802800,2.96529734,-0.0637531501,0.984160647,0,,-0.00557238604,0.0860212091,0,,-0.898877445,18.3004908,7.94444444,1.80386374,0.453722817,7.00414239,86.9444444,0.521853719,1.56496054,24.1583761,65.8333333,2.37715525,1.9250862,32.3666386,95.7777778,2.09953269,-0.0102692362,17.1001704,3.30555556,16.6003307
223,806400,2.91284526,-0.0464329838,0.727699615,0,,-0.00427418996,0.0669852794,0,,-0.97028354,21.0040918,10.5277778,1.75698728,0.471166443,7.38413971,87.5277778,0.538305045,1.41033022,22.1123155,59.8055556,2.3587028,2.01942576,34.057317,95.9444444,2.18488503,0.0329135463,14.6474511,2.55555556,18.9300646
224,810000,3.50326341,-0.0329441178,0.499646215,0,,-0.00314291433,0.0476669388,0,,-0.935137331,20.25789,11.1666667,1.79357193,0.450030523,6.82537771,88.6111111,0.507871436,1.51623985,23.022407,64.75,2.3430268,2.11129675,33.7542677,96.5277778,2.24644177,0.39692065,15.5927445,4.08333333,17.4493045
225,813600,3.54015253,0,0,0,,-0.00159116366,0.0233514452,0,,-1.13642177,23.1809192,10.7222222,2.06637328,0.405850089,5.95613534,86.5277778,0.469040231,1.69819089,24.9312243,70.9722222,2.39319013,2.10221343,30.8514598,100,2.10221343,0.471911058,15.0569099,4.94444444,15.1471663
226,817200,2.96348442,-0.0439084746,0.681042617,0,,-0.00475665412,0.0737781078,0,,-0.908014779,20.9393021,11.5,1.9217086,0.487276181,7.55789967,88.4444444,0.550940406,1.42836543,22.169199,60.4166667,2.36496632,2.0486598,33.9837002,95.8611111,2.21136162,-0.0441370897,14.5950782,2.27777778,19.6868001
227,820800,3.40279689,0,0,0,,-0.00157261085,0.0238129503,0,,-1.14361693,22.1118228,8.38888889,1.88732508,0.417267457,6.31839033,85.6111111,0.487398717,1.63832363,24.8349924,68.4166667,2.39592957,2.07859607,31.4747318,100,2.07859607,0.413799277,15.2362496,3.38888889,20.9508715
228,824400,3.13568651,-0.0376248993,0.583248366,0,,-0.0044611885,0.0691558237,0,,-0.89535735,20.7440843,12.1666667,1.81983872,0.512215806,7.94019485,90,0.569128673,1.43456857,22.2413581,60.3333333,2.37790717,2.10633097,34.592534,96.6944444,2.24308051,0.0200146101,13.8294246,2.52777778,18.0423308
229,828000,3.43857053,0,0,0,,-0.00089824099,0.0138837329,0,,-1.11144163,22.0431414,8.36111111,1.88187682,0.401434954,6.2048111,85.2777778,0.470738057,1.66247421,25.7114585,69.3333333,2.39851293,2.05374459,31.7438656,100,2.05374459,0.433256639,14.2828397,4.69444444,14.4566498
230,831600,3.15268651,-0.0158095903,0.249986793,0,,-0.00341422127,0.0539868658,0,,-0.967069405,21.4142439,10.1111111,1.9147442,0.474911023,7.50945988,90.1944444,0.526541325,1.5975298,25.2913104,67.2222222,2.3779304,2.13732316,34.6909764,98.25,2.20419316,-0.0707842656,10.7900357,2.27777778,13.425277
231,835200,3.50786227,-0.0134870626,0.212955624,0,,-0.00359078505,0.0566971399,0,,-0.817967339,20.1367919,11.5277778,1.98369025,0.469761433,7.41735563,88.8333333,0.52881212,1.50425051,23.7644372,63.8055556,2.35819384,2.20333769,35.5135139,98.4722222,2.26079275,0.165557822,12.8982486,3.72222222,13.1969446
232,838800,3.40000506,-0.00499023122,0.0768151063,0,,-0.00230614154,0.0354986573,0,,-1.07051137,21.3591254,8.25,1.92161773,0.465816574,7.17035907,89.75,0.519015681,1.67923212,25.8681379,70.25,2.39127029,2.12953695,33.0028225,99.25,2.15291617,0.203227167,12.4872413,4.05555556,12.5069264
233,842400,3.48781486,-0.0241444253,0.367819848,0,,-0.0030330534,0.0462059969,0,,-0.99753266,20.4548156,9.05555556,1.90580277,0.392103728,5.97336785,85.4444444,0.458899032,1.67306088,25.5010701,70.1944444,2.38409306,1.96351584,30.962828,98.4166667,2.03013244,0.483844554,16.6938926,4.08333333,19.3428345
234,846000,3.12567685,-0.021519484,0.338027987,0,,-0.00288973283,0.0453919142,0,,-0.91510668,20.7996673,10.5,1.94780207,0.478710642,7.51958525,89.3611111,0.535703547,1.59972921,25.1346201,67.2777778,2.37808494,2.10292098,34.2108024,97.8333333,2.18782469,-0.116168079,11.9519051,2.61111111,12.3455528
235,849600,2.56270213,-0.0869352655,1.38089101,0,,-0.00718666423,0.114153905,0,,-0.807540883,19.3768885,10.8611111,1.89828175,0.520149469,8.26212147,88.0277778,0.590892423,1.36766781,21.729383,57.5277778,2.37768713,1.78250861,32.6060718,93.1388889,2.05888966,-0.205960944,16.5304904,1.94444444,21.4645193
236,853200,3.35541619,-0.0187828568,0.290036295,0,,-0.00288613869,0.0445664353,0,,-0.909832688,20.4751863,10.9166667,1.90602086,0.455396676,7.03202744,89.1111111,0.511043651,1.60550441,24.8182843,67.75,2.37102997,2.10112065,33.3847365,98.3333333,2.16769242,0.124896123,13.9551627,2.52777778,20.3466774
237,856800,3.28385775,-0.0357820881,0.556940227,0,,-0.00394801522,0.061449977,0,,-0.807654369,20.7047742,13.5833333,1.92360092,0.483215888,7.5211476,88.9444444,0.543278325,1.47742368,23.0094193,62.3888889,2.3687906,2.04410801,33.6658087,96.6944444,2.1754385,0.126494639,14.48046,2.86111111,18.4688709
238,860400,3.77426732,-0.0270832978,0.406640677,0,,-0.00275788249,0.0414080742,0,,-0.861633814,19.2248099,10.9166667,1.91810912,0.396058367,5.94659646,84.5833333,0.468246345,1.65165847,24.8010713,69.7222222,2.36902414,2.18992071,34.0126187,98.3055556,2.26602003,0.428104764,15.5668549,3.91666667,18.7008086
239,864000,3.78533668,-0.00500408424,0.0739449558,0,,-0.00155125544,0.0229227785,0,,-0.979240008,21.9180135,13.4166667,1.87833489,0.396249692,5.85535027,86.6388889,0.457357773,1.72414156,25.52011,72.2777778,2.3874326,2.1329408,31.7711206,99.4166667,2.15406084,0.517799973,14.8385379,4.36111111,17.4493353
240,867600,3.33488327,-0.00491150557,0.0781150394,0,,-0.00178624904,0.0284093975,0,,-0.999779292,21.8146273,9.5,1.95695619,0.422898766,6.72599334,86.1666667,0.490791604,1.65890865,26.3841123,69.1111111,2.40035014,2.08952806,33.4731943,99.2777778,2.11233816,0.170024847,11.4955483,4.5,9.92011944
241,871200,3.08833294,-0.0680033789,1.08004714,0,,-0.00451007116,0.0716301091,0,,-0.794799392,19.4024044,11.7777778,1.81206026,0.509724938,8.09558245,89.1111111,0.572010529,1.4303518,22.7173647,60.3055556,2.37184867,1.93704009,34.1564796,94.4444444,2.16404801,0.0785289478,14.4764916,3.16666667,15.6318514
242,874800,3.18937096,-0.0493213328,0.777098143,0,,-0.00485685805,0.0765237911,0,,-0.792734447,19.6063975,11.8611111,1.90393712,0.498115741,7.84822297,87.9722222,0.566219345,1.41030317,22.2204858,59.2777778,2.37914312,2.03117893,34.3149969,96.1388889,2.1890745,0.0966857541,15.1562748,2.94444444,17.9767924
243,878400,4.06185998,-0.0172376106,0.250449919,0,,-0.00292307862,0.042470202,0,,-0.886212617,18.6930905,10.3611111,1.9320747,0.42485139,6.17278106,87.75,0.484161128,1.62506362,23.6346294,68.25,2.38223755,2.17629661,32.3812989,98.2777778,2.24109186,0.74202168,18.82528,4.63888889,21.9632471
244,882000,3.62210295,0,0,0,,-0.00154534279,0.0229660325,0,,-1.05496208,23.2984886,12.9444444,1.98058357,0.397697207,5.91035663,86.75,0.458440585,1.72064429,25.5778855,71.7222222,2.39934977,2.10763879,31.3225656,100,2.10763879,0.452630081,13.8677377,4.22222222,16.4103758
245,885600,3.52116617,0,0,0,,-0.00107231401,0.016594994,0,,-1.04099124,21.8434572,10.0555556,1.8420724,0.40260308,6.23063359,85.2222222,0.472415609,1.67650054,25.9453071,69.8333333,2.40071676,2.09567158,32.4323444,100,2.09567158,0.388454528,13.5316627,4.69444444,13.4502192
246,889200,3.87430739,-0.0252590612,0.385243475,0,,-0.00275999022,0.0420945266,0,,-0.820567705,18.172556,9.66666667,1.9186704,0.41158722,6.27740238,85.3333333,0.482328774,1.68775315,25.7488669,70.75,2.38587695,2.19709499,34.5560267,98.3055556,2.26986778,0.426458793,14.8178101,4.58333333,15.2510241
247,892800,3.17984488,-0.0418991406,0.641448875,0,,-0.00546827572,0.0837157817,0,,-0.754031786,18.4327672,12.3611111,1.82017598,0.511290101,7.82752236,88.6666667,0.576642971,1.40500914,21.5097856,59.0833333,2.37801265,2.00052017,32.5445016,96.5555556,2.13675525,0.0644246755,18.9602586,2.5,26.057998
248,896400,3.85246919,-0.0497296751,0.763984053,0,,-0.0044133462,0.0678010888,0,,-0.736443431,16.6600824,9.30555556,1.86987183,0.471158362,7.23828327,89.4166667,0.526924543,1.70863997,26.2567524,71.4166667,2.39283018,2.06345378,33.8117661,96.6666667,2.20569728,0.399803523,15.2013307,3.83333333,18.1212652
249,900000,3.45601494,-0.0102182115,0.15929132,0,,-0.00172613112,0.026908594,0,,-0.986642184,21.0297182,9.11111111,1.98862197,0.427890531,6.67036961,86.0833333,0.497065476,1.66584396,25.9687796,69.0555556,2.41232432,2.07035757,32.8473125,99.0555556,2.10863756,0.290509413,13.2976201,4.22222222,13.5417371
250,903600,3.34204103,-0.00757641058,0.120070468,0,,-0.00198848782,0.0315134272,0,,-0.978702048,21.252374,9.58333333,1.89034639,0.429780662,6.81113629,86.25,0.498296419,1.66103381,26.3239571,68.7777778,2.4150734,2.04774334,32.8748193,99.25,2.07664212,0.191750156,12.5861295,4.25,11.5991901
251,907200,3.85825318,-0.0151982847,0.226483529,0,,-0.00301159623,0.0448785474,0,,-0.785689272,18.9398275,12.4444444,1.94977303,0.450710596,6.71645045,88.0277778,0.512009512,1.59229168,23.7281933,66.4166667,2.39742787,2.1842308,33.3702575,98.1111111,2.25436127,0.434919261,16.9739092,3.58333333,21.9622534
252,910800,3.91375963,-0.00700546413,0.103677348,0,,-0.00168523045,0.0249405637,0,,-0.91232306,21.1359992,13.4166667,1.92236085,0.40919247,6.0558429,85.5555556,0.478276913,1.68978445,25.0079607,69.8888889,2.4178156,2.06838518,31.0145651,99.2222222,2.09833794,0.667411284,16.6570142,4.63888889,19.3249233
253,914400,3.71595084,-0.0216134119,0.328524364,0,,-0.0033403329,0.0507731379,0,,-0.734048677,18.5492815,13.5277778,1.79740136,0.467288775,7.10280025,88.1111111,0.53034035,1.55894403,23.6989772,65,2.39852683,2.16974769,34.0316084,97.6666667,2.25699618,0.278972775,16.2380352,4.19444444,16.0600879
254,918000,3.45414234,-0.00764976752,0.121291788,0,,-0.0028010873,0.0444129688,0,,-0.668801554,19.1105501,14.3055556,1.87509046,0.46593347,7.38766288,87.5277778,0.532326402,1.54513413,24.4990557,64.5,2.39555679,2.20250612,35.2405743,98.8888889,2.23740934,-0.0801789659,13.5964522,2.88888889,13.4539174
255,921600,3.86990878,-0.0122966153,0.188565536,0,,-0.00301006839,0.0461586498,0,,-0.612806793,17.8237452,14.6666667,1.87330872,0.462610525,7.09401731,87.9166667,0.526192066,1.54638796,23.7134746,64.3888889,2.4016379,2.21549672,34.6025751,98.5555556,2.26875985,0.273527057,16.5314636,4.16666667,16.2187956
256,925200,3.5226384,-0.00518414635,0.0817328734,0,,-0.00305847201,0.0482196468,0,,-0.648734462,18.8383243,14.4722222,1.88686056,0.465337893,7.33648331,87.8333333,0.529796463,1.57057823,24.7616219,65.3055556,2.40496879,2.20711768,35.0793065,99.3888889,2.22968848,-0.0634183343,13.8543115,2.36111111,17.2658511
257,928800,3.04867188,-0.0441356725,0.698128634,0,,-0.00420604029,0.0665302464,0,,-0.730385316,20.0273798,13.9166667,1.92483259,0.50485977,7.98576394,89.6666667,0.563040636,1.50627313,23.8279658,62.75,2.40053901,2.03155518,34.4449418,95.75,2.19799657,-0.21528917,12.9492897,2,15.084114
258,932400,3.33921013,-0.0387909045,0.602411584,0,,-0.00435303601,0.0676013966,0,,-0.722200104,18.448343,12.5277778,1.85882285,0.518186729,8.04729078,88.25,0.587180429,1.45465561,22.590383,60.4722222,2.40549388,2.01219418,33.3147547,96.5833333,2.15224554,0.11951766,16.9292156,2.91666667,20.7366078
259,936000,3.29977736,-0.0447875948,0.68893199,0,,-0.00472597995,0.072695995,0,,-0.740132843,17.2331003,9.83333333,1.93319065,0.450801457,6.93432068,87.3333333,0.516184875,1.73023301,26.618772,71.75,2.41165453,1.93996778,31.9758991,96.4166667,2.08404158,-0.0315784701,16.4762799,3,17.3257918
260,939600,3.50261706,-0.00946610999,0.147987252,0,,-0.00280872606,0.0439098693,0,,-0.703979685,18.9323178,13.6111111,1.8625941,0.462801714,7.23515297,87.3611111,0.529757128,1.53338832,23.9720354,64,2.39591925,2.18786349,34.7074654,98.9444444,2.22748799,0.0348180589,14.9611313,2.58333333,19.1964673
261,943200,3.63838931,0,0,0,,-0.00146684684,0.0225877315,0,,-0.841802969,22.014704,14.6666667,2.00397094,0.384326539,5.91818072,84.7222222,0.453631325,1.73884094,26.7761237,71.8611111,2.41972455,1.93277584,29.762495,100,1.93277584,0.425715802,15.5059089,4.58333333,15.6291187
262,946800,3.30251615,-0.0476912102,0.733787325,0,,-0.00551929888,0.0849211322,0,,-0.64569684,17.8392698,13.5833333,1.89104897,0.536858522,8.26022189,89.3055556,0.601147956,1.41521156,21.7765468,59.0555556,2.39650589,1.9816112,32.8255704,95.3611111,2.15761493,0.0677422045,18.4796825,2.05555556,30.8626177
263,950400,3.4811914,0,0,0,,-0.00105943692,0.0169234674,0,,-0.80957811,24.0406426,17.1666667,2.02545348,0.355370995,5.67670365,82.4166667,0.431188265,1.69414791,27.064281,69.8611111,2.4251092,1.7886518,28.5719609,100,1.7886518,0.453658242,14.6294884,4.80555556,14.2490112
264,954000,4.19801988,-0.0122548846,0.18237936,0,,-0.00288318224,0.0429080279,0,,-0.63045446,17.2169352,13.7222222,1.91816014,0.458111075,6.81769003,87.8888889,0.521238897,1.57858269,23.4927468,66.1111111,2.38777214,2.18784383,33.1918033,98.3611111,2.24588226,0.61907481,19.0555372,4.19444444,22.6430649
265,957600,3.0745457,0,0,0,,-0.00079413296,0.0136356606,0,,-0.829000218,23.6351021,13.4722222,2.03193803,0.354399976,6.08522505,81.9722222,0.432341549,1.68144237,28.8748909,69.4722222,2.42046328,1.68059547,28.8566658,100,1.68059547,0.187902239,12.5344805,4.08333333,11.2396299
266,961200,3.16989607,0,0,0,,-0.000673950033,0.0114704987,0,,-0.78070276,23.4627711,14.6944444,2.03428637,0.351401068,5.98077794,81.8055556,0.429556484,1.67948223,28.5847049,69.3888889,2.42040103,1.66721712,28.3757115,100,1.66721712,0.253172371,13.584564,4.72222222,11.1317768
267,964800,3.21541139,-0.0433111655,0.685575594,0,,-0.00517849717,0.0819708091,0,,-0.577149956,18.1520843,15.5277778,1.83415185,0.515097,8.15350794,89.7222222,0.574101919,1.44597009,22.8915032,60.8055556,2.37818597,2.00936826,34.0377408,96.0555556,2.16525682,-0.12938436,15.9976174,2.38888889,18.4450484
268,968400,3.96251837,-0.0189746273,0.286118522,0,,-0.00279410231,0.042132286,0,,-0.71939529,18.1690313,12.7222222,1.90818488,0.400120485,6.03341927,84.6111111,0.472893548,1.66978534,25.1797773,69.7777778,2.3930555,2.15275331,33.4185702,98.5,2.21775885,0.481023253,16.8709511,4.94444444,16.1783628
269,972000,3.97748436,-0.0128977225,0.200982245,0,,-0.00293122935,0.045676673,0,,-0.508905591,17.9967835,17.2777778,1.8694822,0.444555573,6.92740728,87,0.510983417,1.51398617,23.5920985,63.9722222,2.36663058,2.1951845,34.8798338,98.4722222,2.25116455,0.348492652,16.357218,2.97222222,23.5209809
270,975600,3.43486197,0,0,0,,-0.00111821391,0.0187345537,0,,-0.598406514,24.2044865,21.25,1.99127673,0.310881263,5.2085041,80.3055556,0.387122984,1.74955256,29.3138073,71.8611111,2.43470558,1.47170575,25.0052179,93.9722222,1.5771673,0.502247141,16.2492497,5.44444444,13.5194703
271,979200,3.66445491,0,0,0,,-0.00110058564,0.0182336514,0,,-0.646494931,20.1044077,15.1666667,1.8692631,0.3725635,6.17234386,82.5833333,0.451136427,1.66788497,27.64253,69.3055556,2.40701611,1.74830741,29.0827313,95.6944444,1.83069403,0.523294539,16.9797533,5.80555556,13.3337344
272,982800,3.82832127,-0.019227133,0.302915857,0,,-0.00283861362,0.0447212322,0,,-0.506030297,18.1176929,16.9166667,1.90333975,0.445529677,7.01914341,87.2222222,0.510798355,1.53608926,24.2122228,65,2.36378773,2.12276684,34.514627,97.9166667,2.20265433,0.252031545,15.7886768,2.61111111,24.0164865
273,986400,3.9374016,-0.041773939,0.630746199,0,,-0.00426864682,0.0644524511,0,,-0.610250117,17.3096374,13.6388889,1.96554389,0.396530312,5.98722536,84.8611111,0.467269762,1.67148069,25.2654125,69.5555556,2.4044044,2.0708187,33.2258841,96.9166667,2.20361938,0.454864585,17.516642,4.41666667,18.2828058
274,990000,3.69078011,-0.0381822798,0.603075127,0,,-0.00419337724,0.0662328579,0,,-0.542766923,16.5811829,13.2777778,1.90932394,0.465970715,7.3598368,88.2777778,0.527845995,1.68647676,26.6625311,70.1111111,2.40657436,2.03806687,33.9897458,97.0833333,2.15796437,0.0854083527,14.7373954,3.58333333,14.2112344
275,993600,3.37743092,0,0,0,,-0.0012709222,0.0215565413,0,,-0.674490583,21.4267799,15.6388889,1.88242656,0.366345466,6.21370936,83.8055556,0.437137447,1.69065788,28.6768195,69.6944444,2.42585668,1.5651094,28.0209891,89.9166667,1.78896756,0.431079686,15.6401456,4.19444444,16.130686
276,997200,3.53919202,-0.0508680371,0.801346126,0,,-0.00441942043,0.069621036,0,,-0.582941182,18.1055386,15.3333333,1.84684709,0.514238953,8.10102801,89,0.577796577,1.43479286,22.6029107,60.3055556,2.37920511,1.97858999,33.7005628,95.25,2.16159696,0.249798861,16.6189927,3.08333333,21.1579974
277,1000800,3.74140028,-0.0474487704,0.733516645,0,,-0.00439167149,0.0678914145,0,,-0.609698265,17.1005627,13.1666667,1.88536971,0.401416897,6.20555545,85.1666667,0.471330995,1.70573039,26.3727562,70.75,2.41109324,2.03944424,33.754122,96.5833333,2.18613648,0.256347457,15.7655956,3.27777778,19.4670273
278,1004400,3.68342245,-0.0200505196,0.327701776,0,,-0.00286608523,0.0468427371,0,,-0.482687959,18.5483231,17.1666667,1.89960024,0.453366919,7.40974036,87.7777778,0.516493958,1.61194073,26.3469494,67.4166667,2.39108958,2.11157382,35.7298968,98.0555556,2.19147041,0.0121455501,11.5905459,3.11111111,11.5925811
279,1008000,1.00391077,0,0,0,,-0.00115293613,0.0209311551,0,,-0.98693035,31.7665955,22.1388889,1.72286592,0.211775259,3.84470629,75.7222222,0.279673856,1.48432473,29.0222013,66.8611111,2.3054764,-0.0572188855,18.4090174,60.6666667,0.78856492,0.353112952,16.9365483,4.61111111,13.9447622
280,1011600,3.40662864,0,0,0,,-0.0010989162,0.0184025578,0,,-0.620496706,24.2595858,20.9444444,1.9770739,0.303356617,5.08003949,79.75,0.380384473,1.75309733,29.3676099,71.75,2.44376032,1.47208279,25.0017411,93.9444444,1.57809858,0.499687525,16.2726212,5.33333333,13.7945034
281,1015200,3.40317104,-0.0608480878,0.973003503,0,,-0.00564949225,0.0903393343,0,,-0.501301603,16.0644062,13.5555556,1.85646294,0.490292802,7.84012499,88.0833333,0.556623805,1.59033506,25.4310736,65.9166667,2.41266871,1.90416805,33.3444136,95.3888889,2.09112718,-0.0138256853,16.2566388,3.11111111,16.1165116
282,1018800,-0.562893666,0,0,0,,-0.00115293613,0.0194900523,0,,-1.2244963,30.9660779,18.6666667,1.62671078,0.15182992,2.56664094,72.9166667,0.20822389,1.24878635,24.7921608,63.0833333,2.15220814,-1.06105259,27.4350764,24.6944444,1.1376492,0.323191883,14.2205539,4.61111111,12.6261355
283,1022400,-0.704868468,0,0,0,,-0.00115293613,0.0197786546,0,,-1.16945689,31.7929199,20.7777778,1.64554186,0.119073104,2.04270275,70.1666667,0.169700386,1.11682559,23.7022451,59.5833333,2.09662273,-1.24453752,25.9558043,22.1944444,0.604828481,0.474380186,16.4865492,3.77777778,18.9981147
284,1026000,4.12493044,-0.00329863252,0.0521614679,0,,-0.0017657693,0.0279222126,0,,-0.492234898,18.0919159,16.8888889,1.9299005,0.452325849,7.15265497,88.9444444,0.508548738,1.70437647,26.9582395,70.5277778,2.41690954,2.11769365,33.6176538,99.5,2.13248052,0.347833779,14.0994521,4.44444444,13.9440067
285,1029600,3.59191553,-0.0519269097,0.82051999,0,,-0.00565002429,0.0892785244,0,,-0.464333798,16.1361267,14.4722222,1.92384732,0.496670108,7.84810332,88.7222222,0.559803503,1.59415082,25.1898798,65.8333333,2.42149492,1.99928884,34.066496,96.25,2.15854524,0.023716503,15.8495957,3.16666667,16.2120632
286,1033200,3.63014096,-0.0554530147,0.879973836,0,,-0.00560886719,0.0890060965,0,,-0.512992609,15.7359678,13.5,1.77272433,0.488647581,7.75425987,88.8333333,0.550072324,1.60383933,25.4510355,66.3888889,2.41582493,1.94332979,33.5236983,95.8888889,2.11488601,0.168378745,16.5660586,3.27777778,18.4929632
287,1036800,4.23573223,-0.0120434517,0.187672255,0,,-0.00289880463,0.0451718675,0,,-0.443939488,18.1847952,19.25,1.8779987,0.448913867,6.99539302,88.2777778,0.508524204,1.61109606,25.109115,67.0277778,2.40379292,2.20065583,34.7843109,98.5277778,2.24954937,0.433948211,14.6935418,4.44444444,15.4898296
288,1040400,3.56370618,-0.00146865045,0.025382579,0,,-0.00177275857,0.0306384575,0,,-0.475212042,19.5161896,18.2222222,1.79452807,0.421278641,7.28092811,86.5277778,0.486870981,1.68473566,29.1171638,69.3333333,2.4299072,1.8927815,33.0538277,94.5833333,2.01160957,0.0433638307,10.9758697,4.33333333,7.82808341
289,1044000,2.05549865,0,0,0,,-0.000686724881,0.0113914356,0,,-0.922283571,24.2942308,15.3055556,1.77150532,0.303421338,5.03317228,80.4166667,0.377311508,1.61181701,27.1697118,68.4722222,2.37302394,0.591752951,28.742631,61.8055556,1.88048042,0.471477646,14.7488627,4.02777778,16.8902406
290,1047600,3.83014365,-0.0318132779,0.507469454,0,,-0.0047022657,0.0750081844,0,,-0.443349268,16.1205469,14.7222222,1.92650393,0.470113969,7.49902227,88.8055556,0.529374503,1.7132724,27.3352815,70.8888889,2.4171081,2.1233681,35.2861254,97.75,2.21762483,0.00325398618,13.1765464,4.16666667,9.95150567
291,1051200,4.05813697,0,0,0,,-0.00127693088,0.0206841045,0,,-0.345864316,22.8289861,26.6111111,1.99818899,0.320551889,5.19239442,79.5,0.403209923,1.70773297,27.6623644,69.9444444,2.44155627,1.7982123,29.1279753,100,1.7982123,0.578781054,15.1675956,6.33333333,11.9617174
292,1054800,3.91602946,-0.0436631646,0.683244481,0,,-0.00445721798,0.0697468819,0,,-0.429108964,16.6758535,16.5,1.92900562,0.403545655,6.31471274,85.0555556,0.474449496,1.69088546,26.4591027,69.75,2.42420854,2.06996095,34.446827,96.8333333,2.2054941,0.228866743,15.3505126,3.11111111,19.4440311
293,1058400,3.93682549,-0.00179008569,0.0294324879,0,,-0.00264531296,0.0434940864,0,,-0.373411605,18.1135623,18.8055556,1.9362798,0.445981586,7.33280407,88,0.506797257,1.66817117,27.4315966,68.9166667,2.42072252,2.16940057,35.7181718,99.7222222,2.17693802,0.0311191652,11.3309386,3.88888889,9.26058259
294,1062000,3.77007485,-0.03629087,0.582525543,0,,-0.00530544586,0.0851607507,0,,-0.405859091,16.9973145,17.7222222,1.8424886,0.537080434,8.62098571,89.8611111,0.597678381,1.42955734,22.9516792,59.3055556,2.41075929,2.06340598,35.0657272,96.2777778,2.20610223,0.187486512,15.6966071,3.83333333,15.20051
295,1065600,1.94004885,0,0,0,,-0.000728584407,0.0121667806,0,,-0.918629457,24.8050915,16.1388889,1.75593268,0.293365914,4.89897763,79.7222222,0.367985119,1.60051029,27.2160733,68.3611111,2.36266847,0.537644228,29.0598597,60.2777778,1.8894512,0.427886462,14.0078312,3.77777778,16.7653941
296,1069200,3.14861557,-0.000127005722,0.00211912775,0,,-0.00166341886,0.027754632,0,,-0.616133246,20.6189431,17.0555556,1.81648215,0.397326553,6.62951017,84.6666667,0.46928333,1.60415574,27.5341894,67.3055556,2.41760341,1.56898529,33.0455703,87.1666667,2.03604553,0.19607166,12.1419132,3.5,13.1967595
297,1072800,3.78591609,-0.0311077374,0.510461311,0,,-0.00431291984,0.0707727048,0,,-0.373123247,17.5151006,19.1666667,1.81109924,0.510921132,8.38394215,88.5277778,0.577130867,1.43338834,23.5211351,59.2777778,2.41808718,2.09316256,36.1208216,96.8888889,2.21613717,0.156987958,13.8777665,3.58333333,13.9912349
298,1076400,4.26522241,-0.0146665841,0.230629676,0,,-0.00232548567,0.0365678882,0,,-0.390716624,17.2680635,18.8611111,1.87534724,0.389570647,6.12593577,83.8888889,0.464388851,1.70819164,26.8610388,70.4722222,2.42392192,2.13713496,34.4468111,98.75,2.19125751,0.438033856,15.0309533,3.61111111,19.3002524
299,1080000,3.16977396,-0.000138145789,0.0023253801,0,,-0.00186218271,0.0313457446,0,,-0.553866217,20.9650633,18.75,1.84432727,0.380362708,6.40256848,83.4722222,0.45567579,1.60016228,27.7293651,67.2777778,2.41350401,1.54790606,33.0776825,87.0833333,2.01702169,0.197209453,11.7916494,4.88888889,9.18128632
300,1083600,-0.679221952,0,0,0,,-0.000840436129,0.0140117936,0,,-1.32779101,31.4678384,17.6111111,1.58896727,0.134708508,2.24586706,70.9722222,0.189804552,1.22488466,24.2577234,63,2.12688734,-1.19134169,27.8856354,20.1111111,1.19649315,0.481158014,14.1289239,3.63888889,18.255843
301,1087200,3.86894412,-0.0304859777,0.495022804,0,,-0.00395488357,0.0642182965,0,,-0.421130852,17.6543448,18.8055556,1.77105087,0.493661535,8.01593835,88.3611111,0.558686428,1.45996525,23.7065087,60.1388889,2.42765585,2.10834082,35.8367625,97.3333333,2.21678821,0.262548233,14.2272045,4.58333333,12.4225154
302,1090800,3.54869621,-0.0335760382,0.548987625,0,,-0.00549518219,0.0898494039,0,,-0.432945206,16.4826106,17.4444444,1.64846152,0.513895311,8.40248526,87.6944444,0.58600669,1.47078432,24.0481734,60.5555556,2.42881814,1.97731271,34.2020892,97.2222222,2.09268498,0.0587203061,16.2258045,2.80555556,18.7322825
303,1094400,-0.336535352,0,0,0,,-0.000944602796,0.0150544014,0,,-1.27132048,29.257031,17.6944444,1.59496353,0.15116554,2.40916789,73.4166667,0.205900849,1.25794442,23.6985594,64.1111111,2.14076243,-1.12477955,27.8926841,22.2222222,1.40709049,0.65139933,16.7275032,4.91666667,17.2981271
304,1098000,3.62030205,-0.0193318912,0.317449861,0,,-0.00530824798,0.0871669808,0,,-0.403853292,17.1058002,18.8055556,1.69589923,0.510518981,8.38325532,88.2777778,0.578309733,1.42706875,23.4339606,59.0833333,2.41534908,2.16636376,36.5605243,98.1666667,2.23742289,-0.0551560101,14.1118428,2.75,14.6221711
305,1101600,2.99422646,0,0,0,,-0.00133339163,0.0221176034,0,,-0.640817021,20.7939859,17.1944444,1.78190818,0.339997234,5.63969638,80.8333333,0.420615134,1.60479641,27.4026663,67.8055556,2.40157732,1.26581897,31.4441858,80.3333333,1.96772433,0.425764257,14.6973479,5.25,12.493477
306,1105200,3.52168184,-0.0218133409,0.359078342,0,,-0.00565598535,0.0931054923,0,,-0.396121767,16.8082027,17.5,1.78555789,0.502919124,8.27875775,87.8333333,0.572583443,1.49379328,24.5899432,61.5555556,2.42673999,1.99729144,34.0953639,97.9166667,2.07754281,-0.0487309112,15.7755486,2.41666667,18.8193994
307,1108800,4.04678753,-0.0113041556,0.181695792,0,,-0.00437065169,0.0702510695,0,,-0.350205119,16.7593831,19.3055556,1.79346163,0.497092209,7.98994334,88.9166667,0.559054031,1.45484503,23.3842517,60.1666667,2.41802498,2.19265585,35.7499811,99.0277778,2.23009723,0.268074372,15.864494,3.75,16.7343955
308,1112400,3.92737293,-0.0179157734,0.293499266,0,,-0.00470736062,0.0771167873,0,,-0.290673393,17.212361,22.0277778,1.72510146,0.494012996,8.09300544,88.75,0.556634362,1.45427043,23.824107,60.3611111,2.40928373,2.19278749,36.8286905,98.4166667,2.25616426,0.0995985476,13.67122,3.41666667,13.6700012
309,1116000,2.89201877,0,0,0,,-0.00123179914,0.0203457593,0,,-0.616057533,21.0145249,18.1944444,1.80338257,0.333685417,5.511518,81.1666667,0.411111396,1.54949384,26.6201918,66.5,2.37681786,1.10510264,30.3469979,76,1.93579582,0.521026214,16.4864216,4.19444444,18.1092919
310,1119600,-0.997992011,0,0,0,,-0.00137813903,0.0244427311,0,,-1.41451473,29.4408498,7.61111111,1.61231432,0.116162626,2.06026516,71.1111111,0.163353693,1.19799043,26.3846107,61,2.2013256,-1.33982667,26.1404942,15.8055556,0.424016326,0.443574463,15.9493375,6.08333333,11.0370071
311,1123200,4.00417206,-0.028301644,0.451136693,0,,-0.00413673328,0.0659407689,0,,-0.316689776,16.5809942,18.5277778,1.95248346,0.398141796,6.34649962,84.9722222,0.468555236,1.70919378,27.2450615,70.25,2.43301606,2.05529419,34.1699005,97.75,2.14778075,0.190670444,15.1404667,3,19.0082274
312,1126800,4.02350295,-0.0156356355,0.252192398,0,,-0.00573638905,0.0925241393,0,,-0.241887024,16.393009,21.3888889,1.81042707,0.522108859,8.42126857,89.3611111,0.58426854,1.42683818,23.0151674,59.0555556,2.41615862,2.1747868,35.9025457,98.5,2.23385933,0.16302816,15.9232929,2.58333333,22.2629769
313,1130400,-0.346309205,0,0,0,,-0.000882780835,0.0142919426,0,,-1.24076089,29.8059546,18.2777778,1.64211765,0.16216397,2.62538341,73.0277778,0.222057928,1.20273871,23.3624654,62.9166667,2.10261071,-1.06778182,28.3075225,24.4166667,1.39394447,0.598213606,15.8843822,4.55555556,17.3343931
314,1134000,-1.10087684,0,0,0,,-0.00134341681,0.023777454,0,,-1.41406278,29.2213439,7.94444444,1.49117837,0.115428383,2.04299444,71.0555556,0.162448076,1.18043096,26.1815431,61.3611111,2.16723411,-1.35926923,26.4067499,16.8888889,0.392867065,0.377939237,16.1235912,4.58333333,14.0608997
315,1137600,4.33445401,0,0,0,,-0.00273154282,0.0442635218,0,,-0.183392045,16.6884864,23.3055556,1.81602593,0.461325785,7.47559358,87.8333333,0.525228598,1.63459786,26.4879824,67.3333333,2.42762059,2.19855528,35.6266791,100,2.19855528,0.226098676,13.676995,3.22222222,16.6052897
316,1141200,1.35924432,0,0,0,,-0.000797026249,0.0133582412,0,,-0.853164992,24.7781602,17.3611111,1.8006812,0.271534087,4.55093899,78.3055556,0.346762226,1.45294221,25.8570695,65.6666667,2.28100309,0.205060907,30.693319,54.6944444,1.86160898,0.283669134,14.107154,4.19444444,13.4151216
317,1144800,4.18970061,-0.0177760008,0.275839794,0,,-0.00585033054,0.0907827352,0,,-0.334719959,15.7499942,19.3333333,1.75929353,0.527067047,8.17878372,89.8055556,0.586898042,1.4297862,22.1867637,59.3611111,2.40862438,2.14400966,34.1622133,98.4166667,2.20772171,0.447183984,19.3556226,3,28.2420394
318,1148400,3.30649339,0,0,0,,-0.00130880041,0.0219281561,0,,-0.190935943,24.8767227,33.1388889,1.95216584,0.309247066,5.18124683,79.9722222,0.386693101,1.63461929,28.2332953,68.2222222,2.43303949,1.4034516,28.5974255,89.9722222,1.72848512,0.151420182,13.0893815,4.58333333,10.1745917
319,1152000,4.39188246,-0.000242267578,0.00388755458,0,,-0.00276304047,0.044337219,0,,-0.186788947,16.3782049,23.3055556,1.78901649,0.451241325,7.24085863,88.1388889,0.511966206,1.55507864,24.95362,64.5,2.41097463,2.25340075,36.1592686,100,2.25340075,0.321955992,15.2198231,3.63888889,17.4563791
320,1155600,3.80830732,-0.0131925806,0.219414471,0,,-0.00458567084,0.0762673032,0,,-0.298072771,17.621504,21.8333333,1.74376279,0.477537688,7.94224289,87.8333333,0.543686173,1.45292342,24.1646173,60.0277778,2.42042317,2.15523794,36.4854066,98.6666667,2.20387018,0.0384592912,13.4905474,2.33333333,18.2056287
321,1159200,2.64330002,0,0,0,,-0.00114762794,0.0192751373,0,,-0.546716962,20.7570348,18.9444444,1.8188501,0.326533665,5.48433951,80.5833333,0.405212408,1.49637919,26.6554449,65.3888889,2.35775942,1.01996543,31.1804088,74.0833333,1.94134403,0.348286325,15.9034969,3.63888889,17.7962179
322,1162800,3.47312646,-0.0250182444,0.41329919,0,,-0.00730994282,0.12075961,0,,-0.317089414,16.0195742,19.2222222,1.69757596,0.527251606,8.71015002,87.6944444,0.601237181,1.39996714,23.1273337,57.7222222,2.42535212,2.03631245,35.1058754,97.5833333,2.13221697,-0.140987141,16.5030078,1.94444444,22.06259
323,1166400,4.40987899,0,0,0,,-0.00262054047,0.0417977709,0,,-0.0946607117,15.7912601,25.0833333,1.78481737,0.42737149,6.8165998,85.9444444,0.497264823,1.55899845,24.8661148,64.6111111,2.41289528,2.26986279,36.2044418,100,2.26986279,0.250927517,16.2797857,3.13888889,20.2555762
324,1170000,3.62779152,0,0,0,,-0.00161653342,0.0267999308,0,,-0.26538142,18.051857,21.4722222,1.9175489,0.393780423,6.52834515,84.8611111,0.464029304,1.60923032,27.3193987,68.1111111,2.39101759,1.6266448,33.0829831,89.2777778,2.02859156,0.265133942,14.9906162,3.02777778,19.310308
325,1173600,0.403852484,0,0,0,,-0.00104876946,0.0173341275,0,,-1.05258297,27.1692003,17.5555556,1.68390983,0.21152304,3.49606608,75.3055556,0.280886368,1.37936591,25.580229,64.8611111,2.25639872,-0.48192515,27.1438831,37.3333333,1.55406095,0.348520428,16.5932874,4.13888889,16.3385242
326,1177200,3.9735851,-0.00829066091,0.132773357,0,,-0.00483530233,0.0774364468,0,,-0.241637638,14.5706137,18.4444444,1.81134103,0.481004747,7.70319949,88.0833333,0.546079183,1.64289835,26.3107044,67.6388889,2.42892569,2.14993403,34.8914015,99.2222222,2.18128052,-0.045488421,16.3138711,2.13888889,22.7497939
327,1180800,4.00217405,-0.015964666,0.25691661,0,,-0.00438394,0.0705499888,0,,-0.223991571,16.5997877,21.5555556,1.87309181,0.508126374,8.17718992,89.4444444,0.568091598,1.45114,23.3529452,59.8888889,2.4230538,2.16374159,35.5407145,98.5,2.21940269,0.123506256,16.0018961,2.44444444,22.8652332
328,1184400,4.09159787,-0.0133510938,0.211211559,0,,-0.0050311401,0.0795916021,0,,-0.261004431,16.1092992,21.0555556,1.79832758,0.500915063,7.92437332,88.8888889,0.563529446,1.4792721,23.4017805,61,2.42503623,2.15939858,34.8479025,98.6666667,2.21057551,0.231398804,17.4258413,2.25,29.6204479
329,1188000,3.41602048,-0.0363044517,0.594444421,0,,-0.00735581535,0.120443174,0,,-0.24402027,16.1482129,21.4722222,1.72827504,0.533515076,8.73570721,89.4722222,0.596291299,1.40189089,22.954381,57.9166667,2.42053103,2.11558219,36.5388404,97.0833333,2.23885781,-0.347287136,14.9079708,1.52777778,18.4315434
330,1191600,4.47856873,-0.000532045583,0.0082943073,0,,-0.00322251229,0.0502372505,0,,-0.193138365,16.4694262,22.6944444,1.90202355,0.461951226,7.2015736,89.1388889,0.518237586,1.60537599,25.0269567,66.3055556,2.4211787,2.23560363,34.85187,100,2.23560363,0.372530816,16.3916419,3.55555556,20.0248172
331,1195200,3.95448058,-0.0116497941,0.188173518,0,,-0.00432902216,0.0699246116,0,,-0.364562723,16.671338,18.9722222,1.75930182,0.499089074,8.06154562,87.9444444,0.567504948,1.44889482,23.4033007,59.7777778,2.42380174,2.16578434,35.5725069,98.8333333,2.20981765,0.221253878,16.0332106,3.5,17.3409647
332,1198800,4.26450189,0,0,0,,-0.00241678929,0.0385752595,0,,-0.179576014,16.9365476,23.5833333,1.8689477,0.39566045,6.31528143,84.8888889,0.466092153,1.62285058,25.9029127,66.7222222,2.43224899,2.10518593,33.6016441,100,2.10518593,0.322797731,17.2050388,3.91666667,17.8814731
333,1202400,3.38530344,-0.0199778247,0.329438546,0,,-0.00745224351,0.122889068,0,,-0.290514516,15.641387,19.1944444,1.71406645,0.520264331,8.57926863,87.5555556,0.59421053,1.40088054,23.1100322,57.7222222,2.42741866,2.04127912,34.7875687,98.1111111,2.11539148,-0.259175963,17.4294158,1.88888889,21.117688
334,1206000,4.21070488,0,0,0,,-0.00282780609,0.0456344275,0,,-0.175408967,15.9749139,23.1944444,1.75580979,0.432642141,6.98187069,86.3333333,0.501129893,1.55677612,25.1228637,64.5833333,2.41049205,2.27015021,36.6351164,100,2.27015021,0.129373188,15.2396009,2.75,19.5221459
335,1209600,3.87204144,-0.0142978388,0.23729432,0,,-0.00454414153,0.0754169209,0,,-0.136074211,17.666628,25.1111111,1.84859175,0.479685292,7.96110497,89.1388889,0.538132456,1.51550939,25.1521769,62.5,2.42481502,2.14138291,36.3135373,98.75,2.19210356,-0.109619957,12.5938415,2.05555556,15.791459
336,1213200,-1.14744916,0,0,0,,-0.00116693485,0.0207628201,0,,-1.40438355,29.3501593,7.86111111,1.55948937,0.119767692,2.13098018,73.1666667,0.163691606,1.22116224,26.2018064,61.6666667,2.18414998,-1.36434573,26.7532139,15.8888889,0.438255381,0.281517115,15.5430773,2.75,21.001568
337,1216800,2.82092386,0,0,0,,-0.00182231552,0.0306878469,0,,-0.379429474,19.9800703,21.25,1.89890221,0.36564629,6.15749427,83.2222222,0.439361363,1.48850862,26.9583771,65.5277778,2.35729005,1.23403511,33.6763701,80.2222222,2.01553633,0.113985623,13.1970004,2.61111111,17.1891213
338,1220400,3.57490776,-0.0301816668,0.498095068,0,,-0.00728830761,0.120280636,0,,-0.222574735,15.8776593,20.9444444,1.76543035,0.529564507,8.73952624,87.8611111,0.602729125,1.38802625,22.9247789,57.5277778,2.41373363,2.03204082,35.1490608,97.1666667,2.14161389,-0.114679099,16.6905991,1.91666667,23.3915014
339,1224000,0.93374467,0,0,0,,-0.00112802541,0.0179513252,0,,-1.10650896,25.8730228,15.6944444,1.6544074,0.219647612,3.49545822,75.4166667,0.291245452,1.39165896,24.1795384,64.8333333,2.24502791,-0.387299742,27.1065835,39.3888889,1.67055209,0.817374824,19.3274458,6.16666667,16.4746452
340,1227600,4.0768077,0,0,0,,-0.00288830768,0.0482218889,0,,-0.0897156101,16.547866,24.6944444,1.82518503,0.448132407,7.48181757,86.4444444,0.518405098,1.55330756,25.933326,64.2777778,2.41655455,2.17567552,36.3241022,100,2.17567552,-0.00770387167,13.6646663,2.69444444,15.0449873
341,1231200,4.58760337,0,0,0,,-0.00280098336,0.0437983653,0,,-0.0747449503,15.2678586,23.6111111,1.90940138,0.452189281,7.07078507,87.1666667,0.518763994,1.53956864,24.0738986,63.9722222,2.40662053,2.2678668,35.4621381,100,2.2678668,0.405524585,18.0815212,3,26.0311671
342,1234800,4.11327899,-0.0240308456,0.38940546,0,,-0.00447360124,0.0724920289,0,,-0.154708376,14.6928394,19.5277778,1.92548967,0.475547316,7.70595945,86.9444444,0.54695538,1.61664184,26.1967129,66.8611111,2.41791053,2.08556109,34.9625362,98.0555556,2.16364904,0.118741557,15.9800546,2.30555556,23.9616167
343,1238400,3.09105931,0,0,0,,-0.00117926393,0.0204921913,0,,-0.439820675,20.626535,20.2777778,1.84234765,0.349337812,6.07047934,82.5833333,0.423012487,1.64121195,28.9116595,68.2222222,2.42222462,1.25581104,30.7070801,80.2222222,1.88408584,0.285698448,13.6637538,4.05555556,13.2165166
344,1242000,4.71835866,-2.25805719e-06,3.41530577e-05,0,,-0.0024478109,0.0370230778,0,,-0.24882053,15.7366875,20.7222222,1.91008319,0.39718537,6.00741863,86.7777778,0.457704011,1.66091886,25.1213556,68.6944444,2.41783579,2.15835457,32.6450581,100,2.15835457,0.753170454,20.4524229,5.02777778,20.9376699
345,1245600,0.32468252,0,0,0,,-0.000925261418,0.0174620557,0,,-0.834031524,32.8688123,27.6666667,1.64021792,0.156912564,2.96134246,72.3888889,0.216763327,1.23398832,28.4532143,61.0555556,2.2451994,-0.701235856,19.1048744,33.0833333,0.470136344,0.469974276,16.5942945,5.27777778,12.7824221
346,1249200,1.42917534,0,0,0,,-0.00137526818,0.0269744105,0,,-0.833393753,26.3142208,16.6111111,1.52974473,0.205142679,4.02365366,77.3888889,0.265080275,1.55335279,32.9986115,67,2.4147462,-0.165796098,15.401126,54.8055556,0.565104818,0.671244996,21.2354137,4.88888889,17.9377684
347,1252800,4.29497192,-0.000838073141,0.0134600128,0,,-0.00292695495,0.047008846,0,,-0.131646146,15.8462797,22.6666667,1.88604115,0.455474424,7.31522262,86.9166667,0.524035771,1.54192785,24.7686592,64.2222222,2.40113275,2.21819765,35.6257316,100,2.21819765,0.21478317,16.383638,2.69444444,22.9155341
348,1256400,3.43760548,-0.0482100746,0.795499869,0,,-0.00666698055,0.110009831,0,,-0.291918681,15.2187462,17.8055556,1.77020754,0.527404239,8.70253794,87.8611111,0.600270396,1.42037944,23.4372518,58.8333333,2.41424267,1.91315154,34.3119968,95.6666667,2.08671353,-0.0765339992,17.4239576,2.22222222,22.0369225
349,1260000,4.28743526,-0.02836371,0.452255606,0,,-0.00385231021,0.061424577,0,,-0.154553271,15.2910835,20.1666667,1.99448907,0.416301566,6.63787342,86.0833333,0.48360298,1.71557624,27.3546363,70.8055556,2.42294015,2.01695126,33.6309925,97.6666667,2.11236661,0.325375495,16.5717341,4.02777778,16.9409807
350,1263600,3.17351826,0,0,0,,-0.00143191935,0.0239733301,0,,-0.467147061,19.8017052,19.5277778,1.83226805,0.330393841,5.53148515,81.7222222,0.404288861,1.60295667,27.5095877,67.4444444,2.40649588,1.10368755,29.0538876,76.7222222,1.85022467,0.605059195,18.0793611,3.91666667,21.5097914
351,1267200,4.42801792,-0.00104383965,0.0169032943,0,,-0.00258228154,0.0418158714,0,,-0.0818280547,15.3403634,23.4722222,1.84365789,0.430778842,6.97576636,86.9166667,0.495622829,1.54648609,25.0428401,64.5833333,2.39455911,2.23840448,36.2473389,100,2.23840448,0.297802682,16.3349721,3.02777778,21.5759953
352,1270800,2.51017514,0,0,0,,-0.00117281946,0.0208444358,0,,-0.459285994,21.1610292,20.9444444,1.74592052,0.325297861,5.78149544,81.4166667,0.399547014,1.56971253,28.717285,66.4166667,2.3981184,0.935723607,30.7454038,72.4444444,1.83977151,0.139899951,13.5739421,3.05555556,14.786878
353,1274400,3.90199456,0,0,0,,-0.00133601365,0.0236809221,0,,-0.0767052709,18.4448975,25.3333333,1.90244608,0.335368672,5.94442983,81.1666667,0.413185222,1.7067834,30.2528382,70.0833333,2.43536277,1.56993769,27.8272397,100,1.56993769,0.367946091,17.5069139,3.94444444,17.1841548
354,1278000,3.98766279,-0.0234598536,0.38070193,0,,-0.00404805179,0.065690995,0,,-0.173548529,15.7948939,20.0833333,1.99113947,0.423594466,6.87400839,86.5,0.489704585,1.73106836,28.095165,71.4166667,2.4240604,1.93846207,32.6958439,98.0833333,2.01525875,0.0955943307,16.0936959,3.05555556,17.7926756
355,1281600,4.15165681,-0.000627112734,0.0101817306,0,,-0.00323209375,0.0524759046,0,,-0.0894721911,16.120084,24.75,1.82504113,0.443127212,7.19456274,86.7222222,0.510973082,1.5615732,25.3535239,64.7777778,2.41066189,2.19679398,35.6668959,100,2.19679398,0.043493809,15.6022757,2.55555556,19.6526452
356,1285200,4.27790225,-0.0237639181,0.373086952,0,,-0.00454645481,0.0713780851,0,,-0.168134499,14.0442313,19.6111111,1.85205789,0.446450291,7.00914628,86.9444444,0.513489152,1.70097842,26.7048914,70.1388889,2.42515734,2.04272494,33.2286458,98.1388889,2.1190562,0.284193475,18.5686201,3.11111111,23.5756436
357,1288800,3.97974782,0,0,0,,-0.00124032567,0.0207589579,0,,0.0898079922,22.5885585,36.0555556,1.99615611,0.341989836,5.72378109,82.3055556,0.415512457,1.69391015,28.350465,69.5,2.43728079,1.69467761,30.0478619,94.4722222,1.84710666,0.160602566,13.2685746,3.83333333,12.4354669
358,1292400,4.06314121,-0.0213916581,0.348270354,0,,-0.00443706567,0.0722383661,0,,-0.170144661,16.3559159,23.2222222,1.79672218,0.489209402,7.96465287,87.7222222,0.557680128,1.44775641,23.5704326,59.7777778,2.42189734,2.10357283,35.3679646,98.1111111,2.17914355,0.218575946,16.3205253,3.02777778,20.1637066
359,1296000,3.90684898,-0.00621225778,0.104859677,0,,-0.00374406801,0.0631979188,0,,-0.0735367935,16.8201371,26.1666667,1.76359407,0.459410541,7.75461075,88.1388889,0.521234777,1.53429172,25.8980455,63.5,2.41620744,2.1494669,36.4930502,99.1388889,2.17444647,-0.152827071,12.8660989,1.52777778,19.9441992
360,1299600,3.03929457,0,0,0,,-0.0011942057,0.0197317591,0,,-0.418293932,19.622452,20.6111111,1.86621738,0.33708659,5.56965305,80.1666667,0.420482233,1.52850242,26.5935636,66.4444444,2.36136996,1.14595926,31.8898295,77.3333333,1.98879039,0.44723444,16.3047701,4.02777778,17.801775
361,1303200,-0.456089529,0,0,0,,-0.00104876946,0.0167219035,0,,-1.25191442,28.9400495,17.4166667,1.6167171,0.145913077,2.32648306,72.6111111,0.200951445,1.16301601,22.6209191,61.5555556,2.09709888,-1.24508,28.1031716,20.5277778,1.26049523,0.733024581,17.9926549,5.44444444,17.0953477
362,1306800,3.9993035,-0.0198870797,0.328880731,0,,-0.00467030539,0.0772347411,0,,-0.124697277,16.2769133,23.4444444,1.83316551,0.483836873,8.0014073,88.1388889,0.548948233,1.45516447,24.064647,60.0833333,2.42191035,2.0814106,35.4637552,98.1111111,2.15361306,0.128146235,15.7871617,2.36111111,22.9294519
363,1310400,-1.11540853,0,0,0,,-0.00141286126,0.0260477321,0,,-1.42971116,30.5134749,7.36111111,1.53086616,0.132680557,2.4461196,71.5,0.185567213,1.12565063,27.162659,59.2777778,2.19221013,-1.12799414,24.724004,27.3888889,0.388965133,0.185378443,15.1276948,3.61111111,13.9281694
364,1314000,4.54414659,0,0,0,,-0.00292675334,0.0467833154,0,,0.0365041815,15.4911055,25.8888889,1.94219255,0.452796621,7.23782453,88.0277778,0.514379247,1.5778395,25.2213133,65.1388889,2.42226959,2.24218123,35.8406259,100,2.24218123,0.237751815,16.1623475,2.72222222,22.9383279
365,1317600,-1.28111725,0,0,0,,-0.00115623917,0.0192060111,0,,-1.29715091,31.3150843,18.9166667,1.55439113,0.10649356,1.76893895,70.1388889,0.151832403,1.02575289,22.4004634,58,2.04681404,-1.54446406,28.3576753,12.0277778,0.676446934,0.429407512,16.138632,4.86111111,14.4101263
366,1321200,4.34983671,-0.00326371854,0.0524055352,0,,-0.00247481844,0.0397381647,0,,-0.0757346477,16.3050998,22.6111111,2.07799699,0.402923218,6.46973893,84.3055556,0.477931988,1.69764335,27.2590628,69.8055556,2.43196024,2.13171193,34.3949364,99.6388889,2.14462655,0.199031379,15.4790185,3.27777778,17.7412217
367,1324800,4.70994397,-0.0108377091,0.164939123,0,,-0.00393336504,0.0598618929,0,,-0.0489411633,13.4101965,21.8333333,1.9058176,0.4769972,7.25942163,89.2777778,0.534284355,1.74264547,26.521326,71.4444444,2.43916163,2.11769202,32.8368544,98.9444444,2.16046187,0.436321508,19.7474004,3.80555556,22.7807793
368,1328400,4.20535846,-0.00959313179,0.157050094,0,,-0.00602766105,0.0986794258,0,,0.0732899997,15.2126173,26.8333333,1.86806136,0.521601828,8.53919429,89.6111111,0.582072715,1.43228974,23.4481548,59.0833333,2.42418574,2.20281378,36.5184781,99.1944444,2.23474284,-0.00901609673,16.025826,1.86111111,26.0568431
369,1332000,0.802312582,0,0,0,,-0.000882728025,0.0146237146,0,,-0.874526462,25.7184536,17.6666667,1.91861553,0.250382883,4.14796825,74.9166667,0.334215195,1.29749465,24.5863784,63,2.20761645,-0.0445910906,32.7216665,48.1111111,2.006376,0.17443533,12.8109096,3.22222222,14.7062702
370,1335600,4.27231672,-0.00732957856,0.120158023,0,,-0.00473423052,0.0776109807,0,,0.135950893,16.5985423,28.8611111,1.98962119,0.488900838,8.01483437,89.9166667,0.543726604,1.53407068,25.1489084,63.2777778,2.42434348,2.17039741,35.9726941,99.3611111,2.19638925,-0.0449392881,14.0672519,1.77777778,22.8700111
371,1339200,3.90905723,-0.0287810228,0.469256984,0,,-0.0076831561,0.125269164,0,,0.0904726532,14.6333361,25.25,1.95639937,0.558204922,9.10119004,91.0277778,0.613224815,1.43300634,23.3642924,58.9722222,2.42996835,2.09371826,35.6152704,97.3888889,2.19640869,-0.229880759,16.6913849,1.83333333,21.6505894
372,1342800,4.12349829,-0.0106593219,0.173160351,0,,-0.00494734371,0.0803694435,0,,0.0323715514,14.1414325,22.4166667,2.01386561,0.47764859,7.75938638,88.8611111,0.537522639,1.72021012,27.9447595,70.6388889,2.43521684,2.13360397,35.262209,99.0833333,2.17203943,-0.224729273,14.6386828,2.22222222,15.2188144
373,1346400,4.37249621,-0.0133209155,0.216731562,0,,-0.00510383983,0.0830395765,0,,0.135701957,15.2773439,27.1388889,1.9799804,0.530627237,8.63331579,90,0.589585819,1.42812165,23.2355679,58.9166667,2.42396886,2.18841753,36.3866275,98.5,2.24611133,0.10805259,16.1673738,2.47222222,22.2824562
374,1350000,-1.56851789,0,0,0,,-0.00132654724,0.020885474,0,,-1.45600849,30.1581898,14.3611111,1.5998,0.107922633,1.6991595,66.5833333,0.162086557,0.888340863,19.8429039,56.5,1.90147694,-1.58541941,31.6584379,15.3611111,1.38458705,0.477973072,16.6204234,4.25,18.0426391
375,1353600,0.0708198892,0,0,0,,-0.00210393409,0.0378256234,0,,-0.990402618,25.3664243,12.4444444,1.68961661,0.197274328,3.54670066,71.2222222,0.276984235,1.12718828,27.1999879,58.8333333,2.24371448,-0.218788611,26.635434,54.6388889,1.15551908,-0.0423475584,17.2136275,3.22222222,14.1999453
376,1357200,4.0858054,-0.0182899354,0.298930114,0,,-0.00515458807,0.0842464211,0,,0.0699589469,14.7421903,24.8333333,1.95695588,0.500119816,8.17394213,88.5555556,0.564752615,1.6034891,26.207374,65.8333333,2.43567964,2.01736892,34.0323169,98.0833333,2.08986802,-0.0816868607,16.4610001,2.66666667,17.3526324
377,1360800,4.4079614,-0.00523568803,0.0860411744,0,,-0.00256419828,0.0421389949,0,,0.107503949,16.186343,26.3055556,2.07647858,0.399084409,6.55839139,84.0833333,0.474629624,1.6962224,27.8750312,69.8055556,2.42992464,2.1010773,34.7994799,99.25,2.12526904,0.11187323,14.4525743,3.08333333,16.0755607
378,1364400,-0.488833586,0,0,0,,-0.0020564345,0.0365784725,0,,-1.07804528,26.3163439,12.2222222,1.64231337,0.168601692,2.99897339,69.5,0.242592362,1.00074761,25.4784429,55.8055556,2.1800165,-0.455924726,27.5361138,48.4166667,1.12786591,-0.122156452,17.6335475,2.77777778,15.6455659
379,1368000,2.80955829,0,0,0,,-0.00205779922,0.0344646482,0,,-0.292296822,20.2577589,21.6111111,2.12215845,0.376388861,6.30387532,82.5277778,0.456075362,1.42210513,26.3609483,64,2.34066593,1.33686224,34.5885987,82.0555556,2.0730237,-0.0314433191,12.4543542,2.63888889,13.4938512
380,1371600,1.51645896,0,0,0,,-0.000957052722,0.0152731228,0,,-0.860335914,23.1169844,14.8333333,1.98280828,0.277629019,4.43054182,76.7777778,0.361600748,1.33710768,24.0530428,63.0833333,2.25442471,0.308537466,32.0764899,56.1944444,2.06295473,0.454477762,16.307668,4.61111111,16.0086981
381,1375200,2.92633779,0,0,0,,-0.00204340171,0.0340174976,0,,-0.277057339,19.7271473,22.0555556,2.05829176,0.380578799,6.33567952,82.3611111,0.462085557,1.44861463,26.578404,64.7777778,2.35046378,1.44272669,34.4100732,84,2.08911314,-0.0664815891,12.9146785,2.25,15.7620444
382,1378800,4.63253042,0,0,0,,-0.00286798783,0.0457940251,0,,0.157295698,16.6900399,28.5833333,2.10360242,0.408248771,6.51863103,85,0.480292671,1.59354645,25.4449271,65.7777778,2.42263516,2.13060769,34.0200544,100,2.13060769,0.345699793,17.2805534,4,17.8493269
383,1382400,4.07769788,-0.0165932765,0.266097014,0,,-0.00529198792,0.0848646247,0,,-0.0779756541,15.782766,21.75,2.0832322,0.429162819,6.882242,87.1388889,0.492504351,1.71032629,27.4275377,70.8055556,2.41552555,2.07635728,34.1333403,98.6666667,2.13083309,-0.0382875875,15.4231523,4.08333333,11.3077871
384,1386000,-2.71986802,0,0,0,,-0.00122238057,0.0198981348,0,,-1.53016408,32.4817961,14.8055556,1.57121745,0.060959857,0.992315712,61.0833333,0.0997978559,0.563250686,18.84417,48.75,1.76500942,-1.9197763,32.7465174,8.63888889,0.531926368,0.107084189,14.9153027,3.13888889,16.3013071
385,1389600,4.6073911,0,0,0,,-0.00341704773,0.0545865695,0,,0.137852695,15.6846868,26.0833333,2.1463774,0.45984891,7.34598298,87.8055556,0.523712773,1.53796652,24.5686694,64,2.40307268,2.26650973,36.2069836,100,2.26650973,0.208630286,16.1390906,3.55555556,17.1410092
386,1393200,2.56648738,0,0,0,,-0.00142310113,0.0232685239,0,,-0.496762553,21.2620321,19.2777778,2.08432139,0.339891488,5.55742179,79.4444444,0.427835439,1.43662166,25.8527813,64.6666667,2.33333178,1.08189536,32.7789225,74.4166667,2.07389814,0.206264533,14.5255738,3.86111111,14.1752915
387,1396800,3.85525687,-0.00870336332,0.141177467,0,,-0.00637728827,0.103446147,0,,0.0424132651,14.5840434,23.3888889,2.01269937,0.531297587,8.618191,90.3055556,0.588333224,1.54438432,25.0514955,63.5833333,2.42891374,2.05052304,33.7058209,99.0277778,2.08448209,-0.298280703,17.7958256,2,19.9700817
388,1400400,4.57507355,-1.68853566e-08,2.72678486e-07,0,,-0.00337696195,0.054533931,0,,0.139449918,15.5164129,26.5833333,2.06950921,0.475162483,7.67331065,88.6111111,0.536233524,1.63465461,26.3977434,67.4166667,2.42470445,2.21184827,35.7187267,100,2.21184827,0.117335242,14.6392722,2.86111111,17.8926691
389,1404000,-0.523805726,0,0,0,,-0.00140179277,0.0222033945,0,,-1.21899442,27.7330686,15.4166667,1.72511254,0.170026668,2.69310077,69.8611111,0.243378132,1.05996833,21.6365578,59.3055556,2.04531794,-0.89781387,31.9094695,30.4444444,1.83410118,0.364409361,16.0056,3.58333333,19.1847844
390,1407600,4.62981539,-1.61926965e-06,2.61294019e-05,0,,-0.00317526837,0.0512378301,0,,0.172918489,15.8748345,27.1666667,2.12889679,0.469617947,7.57800657,88.5555556,0.530308849,1.53972745,24.8458663,64,2.40582414,2.27812077,36.7609762,100,2.27812077,0.172607624,14.8890525,3.36111111,16.2937139
391,1411200,-1.72877129,0,0,0,,-0.00241462381,0.0421386586,0,,-1.49202071,28.4608387,4.19444444,1.65502834,0.146406587,2.55500552,66.9722222,0.218607927,0.829844089,23.9618882,52.5277778,2.09689531,-0.966583806,26.4440117,37.5277778,0.731068389,-0.244002824,18.5361172,2.13888889,19.1256148
392,1414800,-2.26431922,0,0,0,,-0.0021900519,0.0373518577,0,,-1.5314757,28.8752886,5.02777778,1.60676769,0.113698174,1.93914948,64.8055556,0.175445103,0.686435762,23.0031317,49.6111111,2.05113189,-1.25828383,28.525354,27.6944444,0.747882068,-0.27250357,17.6197244,1.61111111,23.6046392
393,1418400,4.62104333,0,0,0,,-0.00279568477,0.0460019593,0,,0.203021332,16.0668417,30.3611111,1.94237652,0.414011435,6.81240511,85.9444444,0.481719834,1.58687925,26.1115115,65.5833333,2.419638,2.15598226,35.4758911,100,2.15598226,0.263944727,15.4873487,3.25,18.5409224
394,1422000,4.46666472,-0.00897285971,0.148177959,0,,-0.00500879172,0.0827152725,0,,0.210814166,15.2054824,28.3611111,1.9949436,0.544045183,8.9843715,90.4166667,0.601708958,1.45160922,23.9718996,60.0555556,2.41711064,2.20810127,36.900186,99.3333333,2.23619695,0.0660765315,14.7071673,2.47222222,19.348249
395,1425600,-0.505403824,0,0,0,,-0.0012241112,0.0190623321,0,,-1.20815852,27.6590425,15.8055556,1.7968399,0.161193878,2.51017329,68.2222222,0.236277672,1.04448598,21.2634336,59,2.04232511,-0.935279677,31.2310502,29.2777778,1.82776985,0.433578625,17.3172381,4.72222222,16.3654566
396,1429200,0.22305785,0,0,0,,-0.00209945984,0.036850684,0,,-1.16195721,26.3677204,10.3055556,1.6508885,0.231584373,4.06487536,72.8888889,0.317722464,1.29167959,27.9489756,62.0555556,2.32371673,0.185720335,22.3865244,72.9722222,1.00115289,-0.321869775,19.1950536,2.08333333,18.521093
397,1432800,4.9281374,0,0,0,,-0.00322183316,0.0514101825,0,,0.255324207,15.1234189,31.4166667,1.91474201,0.45333235,7.23373858,89.4722222,0.506673847,1.62653039,25.9542378,67.3611111,2.41464305,2.23777899,35.7078162,100,2.23777899,0.358393289,15.9293783,3.27777778,20.6950288
398,1436400,-2.28574589,0,0,0,,-0.00128511622,0.0207594573,0,,-1.45361946,31.4635116,16.0277778,1.5414872,0.0822959221,1.32938846,64.0833333,0.128420165,0.80774498,19.2492298,54.3611111,1.83897126,-1.82556277,32.7378914,9.91666667,1.0138466,0.104680553,15.1992192,2.27777778,22.951969
399,1440000,4.50429331,-0.000175192758,0.00289217565,0,,-0.00309587623,0.0511083788,0,,0.241502534,15.6448475,30.0277778,1.98014144,0.468750559,7.73838465,87.7777778,0.534019624,1.54432501,25.4945423,64.1388889,2.40778261,2.23472998,36.8921164,100,2.23472998,0.0182562893,14.1761086,2.41666667,18.1442118
400,1443600,4.48110728,-0.0119418633,0.191334684,0,,-0.00648234266,0.103861261,0,,0.190195314,14.0878308,27.3888889,1.95237172,0.556543351,8.91703779,92.1944444,0.603662568,1.42151812,22.7758193,59.2222222,2.40031202,2.20449409,35.894711,98.5277778,2.25561156,0.12678061,18.0294052,2.72222222,22.996993
401,1447200,1.5617234,0,0,0,,-0.00165747885,0.0268312049,0,,-0.681817395,23.1540901,18.6388889,2.00792621,0.293855763,4.75692597,76.4722222,0.38426471,1.27101891,23.7863757,60.9444444,2.24828169,0.464721151,33.2219586,59.4166667,2.11807938,0.215602442,15.0538185,2.61111111,21.9359013
402,1450800,2.96141474,0,0,0,,-0.00203094816,0.0341600535,0,,-0.223312711,19.5317604,23.75,1.97458206,0.372565007,6.26645271,82.3055556,0.452660825,1.43058818,26.6875326,64.4166667,2.34199163,1.36341632,34.6665398,82.6111111,2.0726492,0.0201888853,12.8135544,2.44444444,15.9955481
403,1454400,4.33005516,0,0,0,,-0.00251153963,0.0410355375,0,,0.102573946,16.5439359,27.8333333,2.00322617,0.447159905,7.30605517,89.3055556,0.500707825,1.66728189,27.3016977,69.25,2.4102927,1.99216125,34.1120104,95.4722222,2.13672267,0.123389712,14.6952652,2.16666667,23.6030524
404,1458000,3.47013666,-0.000171192925,0.00283524363,0,,-0.0019736771,0.0326874223,0,,-0.0776759301,18.8511858,26.2777778,2.01798789,0.401117437,6.64318142,85.1944444,0.470825815,1.51258549,27.0195919,66.6388889,2.3590108,1.54461727,34.7892208,85.8333333,2.12341844,0.0916372511,12.6612974,2.77777778,15.4103485
405,1461600,0.916695467,0,0,0,,-0.000926297973,0.0147727401,0,,-0.82249131,23.3725308,16.1666667,1.98878661,0.261085325,4.16382822,74.6388889,0.349797979,1.20097271,23.0673788,60.5555556,2.18590268,0.0136403561,33.3238759,50.1111111,2.09849047,0.264414678,16.0576135,3.27777778,19.3923812
406,1465200,-0.831544607,0,0,0,,-0.00274305556,0.0485331919,0,,-1.6370493,30.1803938,2.97222222,1.15606091,0.177320787,3.13735672,66.7222222,0.265759714,1.340913,24.2433525,59.5277778,2.27719493,-0.417892962,22.3084444,51.6944444,0.815331057,-0.29209307,20.0819194,1.80555556,23.3424077
407,1468800,4.71336142,-0.00740261309,0.114003287,0,,-0.00520936038,0.0802262928,0,,0.0407143284,13.2491759,22.2777778,2.02225611,0.515174041,7.93389216,90.3333333,0.570303367,1.63282631,25.1486836,67.5555556,2.41713214,2.09526315,32.6286074,99.4166667,2.11933644,0.441995556,20.8454114,3.11111111,28.8571748
408,1472400,4.18553503,-0.00475201499,0.0771644691,0,,-0.00605218328,0.0982769438,0,,0.151225889,15.3141875,25.7777778,2.12260074,0.541223943,8.78853672,91.1666667,0.593664289,1.43168054,23.2480052,59.4166667,2.40956052,2.25148934,36.8484121,99.5277778,2.27108605,-0.179280486,15.625417,1.69444444,23.1042883
409,1476000,-1.30290173,0,0,0,,-0.00126582202,0.020001848,0,,-1.34262165,28.5733776,13.8888889,1.67634645,0.143262301,2.26375488,67.5,0.212240446,0.954623824,20.6805917,57.3055556,1.97485243,-1.17763597,32.2749171,24.0277778,1.7997718,0.120735588,16.1873568,2.33333333,24.5390693
410,1479600,1.24605341,0,0,0,,-0.00159047759,0.0262965138,0,,-0.668711392,23.0362124,18,2.01270884,0.290757005,4.80729538,76.2777778,0.381181798,1.27203956,24.2810961,60.7777778,2.2546232,0.44442398,33.9694632,59.5833333,2.09704645,-0.0908652644,13.8796363,1.94444444,19.2499497
411,1483200,4.69537183,0,0,0,,-0.00449129405,0.072855799,0,,0.261633214,15.971234,30.6944444,2.03001148,0.504372453,8.18170835,91.9166667,0.548727963,1.49438994,24.2413372,62.3888889,2.39528219,2.25551584,36.5879871,100,2.25551584,0.183951683,14.9448775,2.33333333,23.6839034
412,1486800,3.09442035,0,0,0,,-0.00132024021,0.0205819769,0,,-0.358189928,19.2667814,22.1388889,1.98222791,0.336248721,5.24197293,79.8888889,0.420895479,1.434323,24.7722262,64.9722222,2.32664709,1.11105824,31.9028056,75.4444444,2.09258491,0.572300568,18.7956319,4.22222222,21.0547287
413,1490400,-1.46244907,0,0,0,,-0.00116650209,0.0182257766,0,,-1.35309173,29.1471454,14.7777778,1.73371586,0.137164919,2.14310562,67.2777778,0.203878493,0.925689659,20.3964862,56.7222222,1.96671015,-1.29517879,31.6157329,20.2777778,1.79585504,0.124133365,16.6793041,2.66666667,22.3435644
414,1494000,4.22675807,-0.0145759693,0.240204096,0,,-0.00489217236,0.0806203562,0,,0.176371255,15.1102857,26,2.10247614,0.462944171,7.62906972,87.8055556,0.527237904,1.66244305,27.3961629,69.1111111,2.40546422,2.11894612,35.7200591,98.9166667,2.16672107,-0.174478388,13.8235982,2.05555556,16.1601006
415,1497600,4.72350663,-4.55383172e-05,0.000733858181,0,,-0.00287965231,0.0464061154,0,,0.216693081,16.0408168,31.5,1.92393428,0.467057559,7.52671666,88.2777778,0.529077159,1.62566575,26.1978963,67.3333333,2.41435508,2.13639906,34.4284555,100,2.13639906,0.28061637,15.7589747,2.61111111,24.0991785
416,1501200,4.78980441,-0.025786822,0.398311802,0,,-0.00621899795,0.0960607041,0,,0.166039567,12.9404129,24.8888889,2.01657389,0.504196606,7.78798793,90.7222222,0.55575866,1.61900861,25.0077437,67.2777778,2.40645375,2.09280639,33.5693852,97.7777778,2.18152747,0.439759069,20.2000978,3.5,24.9645611
417,1504800,3.61486364,-0.0019294348,0.0321024081,0,,-0.00250660358,0.0417054835,0,,-0.0341111692,18.2812412,26.5833333,2.00245208,0.409278143,6.80966985,86.3333333,0.474067347,1.51487387,27.1302064,66.8055556,2.35419563,1.63594994,34.8002109,87.8333333,2.12193325,0.0933088972,12.9048638,3.13888889,13.8412576
418,1508400,4.45756404,-0.0242902864,0.386667411,0,,-0.00566066032,0.0901098007,0,,0.160443336,14.4746279,25.8888889,2.06600882,0.426759918,6.79342144,86.6388889,0.492573166,1.68203717,26.7791867,69.5833333,2.41745718,2.05842745,33.9691018,97.9722222,2.13956173,0.159847119,17.506885,2.97222222,21.1899091
419,1512000,-2.20059829,0,0,0,,-0.00122099318,0.0191369325,0,,-1.43897084,30.4590273,16.2222222,1.55467489,0.0878010186,1.3761274,64.6388889,0.135833119,0.789186881,18.8921503,54.75,1.82151801,-1.82522351,31.8331495,10.3055556,0.998616945,0.187829159,17.4204085,2.69444444,24.1107774
420,1515600,2.60202659,0,0,0,,-0.00135631777,0.0212876822,0,,-0.485254014,20.8134864,20.8888889,2.0126752,0.324081594,5.08652627,79.25,0.408935766,1.39970681,24.5295243,63.8055556,2.32156466,0.859692686,31.6026428,67.75,2.12045398,0.505155829,17.9465326,4.05555556,20.325162
421,1519200,-1.8409404,0,0,0,,-0.00219989128,0.0374669702,0,,-1.34156067,27.1181321,7.27777778,1.72232228,0.126905868,2.16136971,66.0555556,0.192119901,0.785162791,23.6221065,52.0277778,2.08748701,-1.04084261,28.0497569,30.8055556,0.983771319,-0.368405893,19.0111678,1.86111111,20.0913319
422,1522800,0.917491975,0,0,0,,-0.00123863048,0.0192538167,0,,-0.960201885,24.6117389,16.1111111,1.93379823,0.233849356,3.6350572,73.2777778,0.319127249,1.25793573,22.6036328,61.9444444,2.18911118,-0.141217718,30.869914,46.1111111,2.00027264,0.528365124,18.2604033,4.75,17.9272384
423,1526400,-0.267393568,0,0,0,,-0.00109791082,0.0178603627,0,,-1.09605642,27.6343604,15.8611111,1.89986949,0.203849117,3.31613379,71.1666667,0.28643904,1.17312795,22.6137857,60.7222222,2.1106283,-0.587518514,31.9348993,36.5,1.88435769,0.0403022046,14.4829605,2.30555556,20.181635
424,1530000,4.39943822,-0.0102071778,0.166825744,0,,-0.00484009505,0.0791063382,0,,0.223394605,14.7211417,26.8333333,2.09460145,0.481071544,7.86261589,89.1388889,0.539687616,1.70512851,27.8685587,70.5833333,2.41576649,2.12914213,35.3551526,98.8888889,2.17028195,-0.124251299,13.9465991,2.83333333,12.8658836
425,1533600,4.05778619,-0.0242687163,0.403229136,0,,-0.00844145613,0.140256329,0,,0.218896655,15.3023241,27.4444444,2.07670646,0.566570222,9.41366728,90.4444444,0.626428992,1.38437806,23.0016933,57.4444444,2.40994247,2.08733064,35.8475735,97.8888889,2.16819797,-0.166679224,15.8912564,1.86111111,21.2171818
426,1537200,4.28943076,-0.0155584998,0.25718103,0,,-0.00504500325,0.0833935884,0,,0.154628954,14.7313764,24.6111111,2.12469617,0.477844053,7.89873233,88.4444444,0.540275939,1.66784484,27.5693709,69.1111111,2.41328031,2.12390473,35.8946379,98.7777778,2.17427314,-0.114188308,13.5653079,2.63888889,13.3856068
427,1540800,1.64588256,0,0,0,,-0.00087040364,0.0141724611,0,,-0.739272846,23.3620808,17.3888889,1.99987633,0.282068016,4.59280937,77.6388889,0.363307641,1.35900265,24.6156453,63.5833333,2.25749086,0.370413905,32.4521935,57.6111111,2.05122742,0.374541244,14.9630985,4.16666667,15.5220238
428,1544400,-0.3250645,0,0,0,,-0.00226686796,0.040438467,0,,-1.02125213,25.2041212,12.2777778,1.59483578,0.178437531,3.18313212,71,0.251320466,1.10539006,26.7666195,58.8333333,2.21460534,-0.380304991,27.2087357,48.8055556,1.17296179,-0.205068099,17.5969529,2.16666667,18.0315721
429,1548000,4.61439586,-0.0274209024,0.430130773,0,,-0.00634118691,0.0994693606,0,,0.178841023,12.7307303,23.5555556,2.10232151,0.512231662,8.03498724,90.8055556,0.564097272,1.62910416,25.5545139,67.5555556,2.41150286,2.13161492,34.788374,97.8888889,2.22158977,0.196366174,18.3617944,3.66666667,18.6400004
430,1551600,4.73002568,-0.00972772196,0.160136518,0,,-0.00282749649,0.0465458864,0,,0.195170309,14.6603739,26.2777778,2.06588189,0.395129188,6.50456628,85,0.464857868,1.71570283,28.243681,70.8055556,2.42311894,2.12372432,35.4970314,99,2.16163752,0.312854255,14.887665,3.72222222,16.3508074
431,1555200,4.43483376,-0.0209146258,0.353851395,0,,-0.00485880499,0.0822053879,0,,0.352167071,15.0714255,32.8333333,1.89285359,0.522964016,8.84794922,91.9166667,0.568954505,1.4851111,25.1263704,61.7777778,2.40395681,2.16064222,37.5744691,97.75,2.24117984,-0.0602772064,12.943729,2.19444444,16.0580652
432,1558800,4.41806101,-0.0163339318,0.269011634,0,,-0.00299048142,0.0492517234,0,,0.0676549073,16.0754277,27.3611111,1.90731968,0.378282924,6.23012931,83.3611111,0.453788246,1.70642215,28.1039137,70.25,2.42907068,1.83928501,31.1939082,98.6944444,1.89135591,0.445740427,18.0783577,4.30555556,17.9236772
433,1562400,4.45757789,-0.0185517712,0.303474292,0,,-0.00481206319,0.0787168756,0,,0.158434261,14.5975134,25.1666667,2.08767995,0.44133457,7.21945601,87.4722222,0.504542538,1.72152235,28.1610725,71.3611111,2.41240967,2.07473675,34.8349715,98.6388889,2.13112856,0.0849137986,14.8047954,3.30555556,14.9740314
434,1566000,4.68017869,-0.0199299869,0.323304119,0,,-0.0054491746,0.0883964753,0,,0.282647968,14.231331,29.9722222,1.93501529,0.543508773,8.81679583,91.1944444,0.595988908,1.43606472,23.2958326,59.6944444,2.40569241,2.19176294,36.6114442,98.3611111,2.26139403,0.251573461,16.6328958,2.61111111,24.4513418
435,1569600,1.58302836,0,0,0,,-0.00147173087,0.0242285552,0,,-0.610341298,22.6665323,19.9722222,1.9189317,0.290340057,4.77975983,76.9444444,0.377337259,1.27728774,24.3075202,60.6666667,2.26962794,0.442645448,33.6285595,59.4444444,2.09049552,0.184568144,14.5933996,2.72222222,19.6718786
436,1573200,4.91514826,0,0,0,,-0.00278152769,0.0452026878,0,,0.352190221,14.5612232,34.0277778,1.83410265,0.454458878,7.38542451,88,0.516430544,1.62302941,26.3784354,67.3888889,2.40856838,2.18497025,35.5080153,100,2.18497025,0.303281034,16.1216988,2.94444444,21.9960465
437,1576800,4.21212034,-0.0277332388,0.467435268,0,,-0.00755547802,0.127345274,0,,0.334988783,14.0408081,30.9722222,1.88562361,0.558234339,9.40886927,90.25,0.618542204,1.38255611,23.302561,57.4444444,2.4067708,2.07201771,36.43473,97.1944444,2.17796088,-0.100387891,16.2182511,2.13888889,20.1471781
438,1580400,5.31528685,0,0,0,,-0.00247740272,0.0393910354,0,,0.362173256,14.8507129,34.0555556,1.90302648,0.389694261,6.196191,86.4722222,0.450658317,1.65447725,26.3064101,68.6944444,2.40845859,2.13095499,33.88247,100,2.13095499,0.780464495,18.724825,5.16666667,18.9495147
439,1584000,4.65143402,-0.00867434498,0.144574621,0,,-0.00505373769,0.0842302458,0,,0.41697378,15.1397442,35.3333333,1.87548762,0.51464997,8.57763027,91.6111111,0.561776801,1.50449319,25.0752689,62.6388889,2.40185166,2.20199671,37.1233198,99.25,2.2314166,0.0270484337,13.8552319,2,21.4587418
440,1587600,5.04714228,-0.00612284635,0.0996401157,0,,-0.00484137618,0.0787861159,0,,0.35517345,13.4241538,31.8611111,1.8519167,0.538497635,8.76323911,92.3333333,0.583210435,1.47695941,24.035293,61.4722222,2.40264522,2.24344662,36.8330912,99.4166667,2.26663491,0.444029401,16.7657967,3.72222222,19.8037758
441,1591200,2.25309107,0,0,0,,-0.00135234293,0.0219205576,0,,-0.527653576,20.935394,20.5833333,1.85565608,0.300099924,4.86441531,78.7222222,0.381213735,1.37661341,25.0475909,63.2777778,2.30876638,0.715728555,31.8489139,64.1944444,2.08786031,0.389655103,17.2817654,4.22222222,17.2399436
442,1594800,3.07758595,0,0,0,,-0.0016604804,0.0280704211,0,,-0.138801707,19.3486714,27.2777778,1.84353629,0.363696104,6.14828263,83.6111111,0.434985373,1.45400728,26.7771751,65.3333333,2.32498996,1.25911554,34.8030553,80.3333333,2.06505736,0.141229222,12.8947452,3.11111111,14.5286715
443,1598400,4.64557069,-0.0134677813,0.226011578,0,,-0.00478199039,0.0802496843,0,,0.303239424,14.1684705,31.7222222,1.80870524,0.519403318,8.71644417,90.3333333,0.574985223,1.43841679,24.1390056,59.7777778,2.40627343,2.19847312,37.6469015,98.5833333,2.25282023,0.204287808,15.022917,2.5,21.9897381
444,1602000,4.53958842,-0.00814395149,0.136884675,0,,-0.00471825712,0.0793051256,0,,0.340029655,14.6016079,33.5833333,1.79963087,0.508402748,8.54530448,90.5833333,0.561254184,1.48482639,24.9571696,61.8611111,2.40025819,2.20401802,37.48921,99.2777778,2.23334871,0.015173823,14.1905183,2.38888889,17.9882471
445,1605600,-0.317604108,0,0,0,,-0.00119614104,0.0186238235,0,,-1.20593615,27.592164,16.1111111,1.75720055,0.171777731,2.67456599,71.2222222,0.241185581,1.15934446,22.3626326,61.1111111,2.12368559,-0.794339013,30.0839279,30.5277778,1.86361946,0.35274501,17.2680858,4.11111111,17.7787934
446,1609200,4.30767434,-0.0145899827,0.238776025,0,,-0.00568399392,0.0930228296,0,,0.231016118,12.8835787,28.4166667,1.79163201,0.50949072,8.33819829,89.7777778,0.56750204,1.56603097,25.6292731,64.6944444,2.42065758,2.02589108,33.984383,98.6111111,2.08011353,-0.00448057968,18.832768,2.69444444,21.2708428
447,1612800,4.51745822,0,0,0,,-0.00392158951,0.0671161112,0,,0.368591161,14.7134282,35.0555556,1.75192731,0.462179776,7.90998372,88.4166667,0.522729247,1.49781716,25.6344176,62.3888889,2.4007755,2.21630977,37.9310716,100,2.21630977,-0.0235180549,13.7439827,2.02777778,19.2215801
448,1616400,-2.18321858,0,0,0,,-0.00118765835,0.019302941,0,,-1.49086588,32.7334625,16.0555556,1.62914496,0.076628835,1.24544393,64.4722222,0.118855582,0.73602199,20.2810919,52.6111111,1.8854034,-1.74210747,30.5379619,11.5277778,0.593400087,0.238291603,15.1827369,3.08333333,19.0126186
449,1620000,-1.81177605,0,0,0,,-0.0012571028,0.0199844433,0,,-1.4297588,31.108579,15.9444444,1.65291866,0.103993812,1.6532128,67.1666667,0.154829497,0.923931494,20.3381493,57.2777778,1.92333216,-1.64337902,31.2989028,13.1944444,1.23328162,0.234693569,15.5811717,3.02777778,20.0611266
450,1623600,4.85385392,0,0,0,,-0.00353425908,0.0583691128,0,,0.391575098,14.9023616,35.6388889,1.81531398,0.456080905,7.53228251,90.0555556,0.506443942,1.60617831,26.5264093,66.8888889,2.40126325,2.21704935,36.615087,100,2.21704935,0.186504525,14.3654905,2.75,19.206132
451,1627200,3.00021074,0,0,0,,-0.00141564902,0.0230154447,0,,-0.239645977,19.7235801,25.7222222,1.89238098,0.326320956,5.3052853,79.5277778,0.410323242,1.43061296,25.6657328,64.7777778,2.32277004,1.0702069,32.264591,74.5277778,2.04940933,0.414131551,17.0177953,3.41666667,21.3786327
452,1630800,4.71730356,0,0,0,,-0.00419120202,0.0708038354,0,,0.398558225,14.7322686,36.3611111,1.7472354,0.486913938,8.22565321,90.5,0.538026451,1.49884817,25.3207072,62.4444444,2.40029067,2.21400746,37.4022104,100,2.21400746,0.123166955,14.2483568,2.19444444,22.0236196
453,1634400,-2.32625266,0,0,0,,-0.00139599168,0.023453244,0,,-1.53145964,34.3895028,15.2777778,1.68703731,0.090360086,1.51808723,64.9444444,0.139134435,0.704168619,20.8663155,51.1944444,1.90077294,-1.51434005,29.9543956,22.6111111,0.593989617,-0.0735856697,13.2482458,2.41666667,14.7927054
454,1638000,5.00812888,-2.10760872e-05,0.000339933689,0,,-0.00318029119,0.0512945362,0,,0.127695236,13.6637787,31.6944444,1.53789964,0.438966624,7.08004017,88.5555556,0.495696314,1.55433684,25.069713,64.7222222,2.40155048,2.22746763,35.9265589,100,2.22746763,0.662863933,18.2082749,4.58333333,19.5467739
455,1641600,4.54951628,0,0,0,,-0.00178134565,0.029870799,0,,0.0755065363,15.4551386,31.5833333,1.5786396,0.416902364,6.99089855,88.0277778,0.47360319,1.69937943,28.4963344,70.3055556,2.41713392,2.02137712,34.2659094,96.8055556,2.09947933,0.338132183,14.7618482,4.58333333,13.2922393
456,1645200,5.03209638,-0.00598376397,0.0961702495,0,,-0.00373315433,0.0599987542,0,,0.384334337,14.3883075,34.8611111,1.83525772,0.3760687,6.04412555,84.4166667,0.445491056,1.69891408,27.3047185,70.2777778,2.41742714,2.07436272,33.640921,99.3611111,2.09715785,0.508133461,18.4657584,4.13888889,20.0184493
457,1648800,4.11360693,-0.023341698,0.395760286,0,,-0.00755011149,0.128012721,0,,0.210760943,13.8222458,30.9722222,1.65630429,0.553750065,9.38887494,91.1388889,0.607589221,1.39637067,23.6755721,57.9166667,2.41099972,2.17163744,38.0737428,98.1388889,2.25048572,-0.188020381,14.5157913,1.69444444,19.7147819
458,1652400,4.09680728,-0.0282565479,0.479954504,0,,-0.00749030519,0.12722735,0,,0.242385232,13.2909927,30.6388889,1.67250028,0.558048345,9.47878763,91.5555556,0.609518824,1.39772009,23.7411185,58.0555556,2.40755614,2.163043,38.1106041,97.9444444,2.24961376,-0.22864254,14.7713152,1.63888889,19.5557747
459,1656000,5.25969706,0,0,0,,-0.00327235147,0.0525557923,0,,0.456936077,14.3582761,38.3611111,1.76082568,0.459961008,7.3872307,90.5,0.508244208,1.60204211,25.729691,66.8055556,2.39806719,2.23672138,35.9229946,100,2.23672138,0.507308842,16.5492517,4.08333333,18.8294326
460,1659600,-1.75082335,0,0,0,,-0.00138381112,0.023221771,0,,-1.63019951,30.0332051,4.41666667,1.80580228,0.114510776,1.92160836,71.8888889,0.15928856,1.10888487,24.8428796,59.3611111,2.18097303,-1.39900124,25.489859,16.9444444,0.354003244,0.0563655702,17.6892261,2.41666667,22.9755766
461,1663200,-1.58003213,0,0,0,,-0.00108349168,0.017240931,0,,-1.34010834,30.956972,17.5277778,1.72684844,0.12494159,1.988118,70.6944444,0.176734665,1.09328278,21.9540167,60.5,2.04377219,-1.46760867,29.5316658,15.8055556,1.22831438,0.0105439942,15.5519866,2.86111111,17.2641916
462,1666800,4.74216783,-5.39493477e-06,9.29982597e-05,0,,-0.00310384494,0.0535042943,0,,0.436690932,14.9260615,35.7777778,1.82036002,0.467647328,8.06133708,88.8333333,0.526432265,1.56661824,27.005474,65,2.41018191,2.20405479,37.9936493,100,2.20405479,0.0702657728,11.9598808,2.52777778,15.1135132
463,1670400,-0.917369372,0,0,0,,-0.00124867764,0.0195826305,0,,-1.23225808,29.369307,19.2222222,1.66594319,0.155098205,2.43235782,72.9166667,0.212706109,1.13309688,21.8945221,61.4722222,2.05718222,-1.23253104,29.224353,20.4722222,1.54098246,0.260473344,17.0598774,3.58333333,18.8133317
464,1674000,4.71989238,-0.0189771211,0.321307018,0,,-0.00415118552,0.0702848989,0,,0.29493918,14.3882017,33.8333333,1.69173251,0.512666547,8.68010265,91.1666667,0.562339905,1.48250085,25.1006422,61.6666667,2.40405544,2.16883667,37.5615699,98.4166667,2.22894572,0.284077444,13.8778916,2.69444444,20.4817212
465,1677600,4.5784166,-0.0333699762,0.554282901,0,,-0.00603783738,0.100289853,0,,0.292923982,12.9301522,30.6666667,1.7467976,0.520060402,8.63832166,90.1666667,0.576776786,1.58494599,26.3263136,65.3888889,2.42387662,2.03679243,35.497584,97.4166667,2.14228455,0.183101609,15.9530558,2.91666667,19.6034969
466,1681200,5.13723604,-0.0131514677,0.213047315,0,,-0.00247619552,0.0401131509,0,,0.531470705,15.6332971,37.6666667,1.98652874,0.40512202,6.56277769,84.8611111,0.477394197,1.68450925,27.2882222,69.7777778,2.41410561,2.13325011,35.1904942,99,2.17452965,0.398511621,15.0720483,3.22222222,20.6210667
467,1684800,4.48251478,-0.0241277909,0.406113488,0,,-0.00597362396,0.10054668,0,,0.371600936,13.7693749,33.0833333,1.79797399,0.529158621,8.90667752,90,0.587954023,1.55687325,26.2049363,64.1388889,2.42734677,2.00834122,35.1014577,97.9722222,2.0892502,0.0466421718,15.5108934,2.27777778,21.2524426
468,1688400,5.15838401,-0.00622702775,0.103165354,0,,-0.00228922533,0.0379263993,0,,0.569131281,15.7399205,39.0277778,1.94629048,0.385890038,6.39317566,84.4166667,0.457125415,1.71590931,28.4280717,70.8055556,2.42341057,2.0617392,34.4915864,99.3611111,2.0851419,0.434230443,14.806154,3.22222222,20.6057353
469,1692000,4.69322066,-0.0132407671,0.218910984,0,,-0.00556678966,0.0920363145,0,,0.399207482,13.1956481,33.5,1.78707822,0.527123934,8.71499502,90,0.58569326,1.56828527,25.9286241,64.6111111,2.4272687,2.05772058,34.5934309,99.1666667,2.09248445,0.159690952,17.2563546,2.69444444,22.3318119
470,1695600,-0.89055412,0,0,0,,-0.00204284681,0.0358894145,0,,-1.18353896,27.166149,10.6111111,1.70940814,0.150103511,2.63706857,70.8055556,0.211993973,0.941594876,24.8198347,55.3055556,2.1284974,-0.849495193,27.8943574,35.7222222,1.03334587,0.0528244873,17.4467009,2.94444444,17.7605842
471,1699200,5.26429052,-0.000140419907,0.00231036146,0,,-0.00262932392,0.0432608794,0,,0.601032899,14.9265751,40.0555556,1.88269162,0.466566763,7.67653172,89.0833333,0.523741923,1.54830927,25.4746934,64.5833333,2.3973821,2.24878042,36.9997086,100,2.24878042,0.402370905,14.87692,3.77777778,17.2927751
472,1702800,-2.27497616,0,0,0,,-0.00132654724,0.0213876811,0,,-1.51335091,32.6298722,15.8055556,1.6148777,0.0867181617,1.39814123,68.0277778,0.127474635,0.885679471,20.2513378,55.9444444,1.91417244,-1.80921403,31.3535318,7.44444444,0.909766094,0.0765176942,14.3457294,2.16666667,22.299131
473,1706400,5.10803843,-0.0104685933,0.169070925,0,,-0.00449808159,0.0726453682,0,,0.461659655,13.8775192,32.5833333,2.02700684,0.472270088,7.62730372,88.9166667,0.531137868,1.69627939,27.3954214,70.0555556,2.42133458,2.04116885,33.53939,99.1388889,2.07682006,0.451627131,17.3186494,3.33333333,22.8595408
474,1710000,4.8603003,-0.0260801967,0.433592256,0,,-0.00423423334,0.0703955881,0,,0.578812678,15.6955608,38.0833333,1.999414,0.534802973,8.89128369,90.4166667,0.591487159,1.41980515,23.6047499,58.8888889,2.41098988,2.13640087,37.0125104,97.75,2.23154534,0.22079305,14.2919074,2.52777778,21.3713176
475,1713600,4.80570349,-1.54570935e-06,2.56125857e-05,0,,-0.00262335028,0.0434692228,0,,0.458740954,16.3638738,37.1666667,1.94568729,0.461879147,7.65339179,89.6666667,0.515106855,1.66264205,27.5501744,68.7777778,2.41741171,2.04585712,34.0565842,98.0555556,2.09124225,0.179209111,14.332481,2.27777778,22.9207749
476,1717200,5.22592519,-0.0155002739,0.243028434,0,,-0.00370076857,0.0580242644,0,,0.479103283,13.5899606,32.1388889,2.09382863,0.488083414,7.65264851,89.9166667,0.542817513,1.72515249,27.0486257,71.3055556,2.41938019,2.10400668,33.6584301,98.9722222,2.14743603,0.44878037,17.7492823,4.52777778,17.4569497
477,1720800,4.3739779,-0.0461612913,0.778857503,0,,-0.00677754035,0.114354213,0,,0.511171017,14.3111915,36.3611111,1.86925816,0.58223663,9.82380159,91.75,0.634590332,1.3905585,23.4622319,57.9166667,2.40096432,2.09253584,37.472681,96.3333333,2.23882267,-0.149585259,14.0368823,1.41666667,24.0830134
478,1724400,4.44506345,-0.0313765115,0.529234022,0,,-0.00727347106,0.122683121,0,,0.503671157,14.2729651,36.1666667,1.86617616,0.578625146,9.75978842,90.8055556,0.637213376,1.39255648,23.4885343,57.5555556,2.41949967,2.04446207,36.1480262,97.5555556,2.1462424,-0.0356014252,15.6787689,2.08333333,21.4545656
479,1728000,1.50393206,0,0,0,,-0.000904686524,0.0143870184,0,,-0.673714025,24.5974837,22.6111111,1.93052969,0.265737575,4.22596255,77.9166667,0.341053572,1.35094118,24.0464888,64.1111111,2.23287028,0.0392641602,30.5317045,49.1388889,1.99349555,0.522607852,16.5839734,4.38888889,17.8341678
480,1731600,5.39967514,0,0,0,,-0.00241665568,0.0389023141,0,,0.662873838,15.8085972,42.6388889,1.92889847,0.407035495,6.55228745,85.5555556,0.475755773,1.58962071,25.5890505,65.8055556,2.41563299,2.09558193,33.7338029,100,2.09558193,0.646979826,18.2773596,4.19444444,21.2470336
481,1735200,4.80222197,-0.0306538837,0.500229754,0,,-0.0057538853,0.0938955945,0,,0.490484984,13.6245616,33.9444444,1.95229707,0.516781642,8.43317462,90.5833333,0.570504113,1.60479624,26.196288,66.3611111,2.4186564,2.06164236,35.1673961,97.6111111,2.15994193,0.164924504,15.9844544,2.69444444,21.2371352
482,1738800,3.57334625,-0.000270166057,0.00451756782,0,,-0.00184266283,0.0308119916,0,,0.0911982008,19.1578844,31.4722222,1.96507482,0.38449374,6.42929227,84,0.457730642,1.44677527,26.6326696,64.9166667,2.34107854,1.42972413,34.2373544,84.0555556,2.06841498,0.22326774,13.5074698,3.08333333,16.7199046
483,1742400,-1.08294558,0,0,0,,-0.001191736,0.0186292058,0,,-1.27750002,29.2320391,17.5,1.69289673,0.134561107,2.10345794,70.1388889,0.191849499,0.994236077,20.8532022,59.2222222,1.96568459,-1.36614022,30.6915365,19.3055556,1.5468079,0.433089216,17.1011351,3.5,21.8153204
484,1746000,4.43855628,-0.0440806595,0.73664193,0,,-0.00763970617,0.127668868,0,,0.559429721,14.954789,36.0277778,2.01833768,0.586474034,9.80070101,92.3611111,0.634979406,1.3905008,23.2369752,57.9166667,2.40086469,2.08917644,36.9983828,97,2.21812371,-0.135304345,14.1448412,1.94444444,18.286022
485,1749600,4.93051869,-0.017570279,0.285723096,0,,-0.00580173218,0.09434619,0,,0.563315734,14.4949874,35.5277778,2.04723141,0.571090201,9.28691345,92.6111111,0.616654087,1.42554957,23.1818992,59.3611111,2.40148734,2.19124343,36.5191077,98.5277778,2.25162511,0.202691771,16.1370229,3,19.9170526
486,1753200,4.66588824,-0.0227833706,0.372262796,0,,-0.00618242143,0.101016023,0,,0.462154732,13.6631389,32.8055556,1.97888953,0.527979696,8.62678316,90.3888889,0.584120131,1.56782282,25.6170221,64.7222222,2.42238719,2.01453795,34.0794443,97.9444444,2.0931668,0.122358831,17.5403327,2.86111111,20.8986817
487,1756800,5.32627238,-0.011943949,0.190224961,0,,-0.00255011941,0.0406144038,0,,0.575268174,15.6326212,37.0833333,2.09908011,0.399492549,6.36250664,84.5277778,0.472616883,1.68838752,26.8900555,69.8055556,2.41870078,2.08126356,33.7208732,99.0277778,2.11988409,0.59635465,17.1631041,4.08333333,20.4979717
488,1760400,4.73841435,-0.0238966372,0.388747547,0,,-0.00593571763,0.0965615224,0,,0.480088276,13.9530985,32.2222222,2.07589178,0.512813722,8.34239039,89.8333333,0.570850154,1.59052881,25.8745266,65.8333333,2.41599313,2.08389034,35.0569126,98.3333333,2.15535667,0.100925548,16.2877629,3.25,16.9561226
489,1764000,4.64116015,-0.015728042,0.259565776,0,,-0.00485542708,0.0801309339,0,,0.418944485,14.2422458,29.3333333,2.18511541,0.488821965,8.0672122,90.3611111,0.540964979,1.71047951,28.2286848,70.9722222,2.41006898,2.13928379,36.1642121,98.7777778,2.19209527,-0.0957861353,12.9579484,2.36111111,14.5987087
490,1767600,4.49540011,-0.0143125852,0.239154648,0,,-0.00459833469,0.0768353932,0,,0.396862079,14.9609919,29.5555556,2.18609681,0.44432722,7.42443928,87.75,0.506355806,1.71462032,28.6502692,71.0555556,2.41307004,2.00321165,34.2049749,98.9722222,2.04616101,-0.0447102454,14.4433347,2.91666667,14.0515506
491,1771200,1.90354192,0,0,0,,-0.00133844311,0.0215635173,0,,-0.518379178,22.5188066,21.8055556,2.01636353,0.3039687,4.89720801,80.3055556,0.378515157,1.41911792,24.7996496,65.0277778,2.27474105,0.493459552,31.4628059,60,2.03862457,0.206713362,16.2999664,3.5,17.4064135
492,1774800,5.21226266,-0.0279129919,0.435588464,0,,-0.00553418403,0.0863621759,0,,0.382005527,12.4037876,27.7777778,2.11833719,0.52317278,8.16422791,91.25,0.573340033,1.6330073,25.4834431,67.8333333,2.40738177,2.11048996,34.2755588,97.6944444,2.20427365,0.597034263,19.1510319,3.80555556,23.9682959
493,1778400,5.16666308,-0.0222587772,0.349003122,0,,-0.00438597799,0.0687692769,0,,0.415840779,13.1448455,29.0555556,2.15827029,0.486164154,7.62273714,90.1111111,0.539516323,1.70729217,26.7692288,70.8611111,2.40934999,2.09646469,33.9101682,98.25,2.16752816,0.487546046,18.135248,4.19444444,19.5994824
494,1782000,4.52975743,-0.0119228296,0.201762419,0,,-0.00538962856,0.0912052365,0,,0.472762404,14.2383396,34.0555556,1.92942744,0.531367819,8.9919977,90.3333333,0.588230058,1.5427264,26.1065721,63.7777778,2.41890899,2.01892027,34.7002647,99.1388889,2.05241219,-0.0187070059,15.6698582,2.16666667,20.9371932
495,1785600,4.74087869,-0.0161590307,0.262655193,0,,-0.00623367653,0.101324612,0,,0.484017907,13.6758903,32.8333333,2.01835102,0.526128394,8.55189632,90.4166667,0.581893155,1.57893022,25.6645482,65.3333333,2.41672993,2.05239772,34.053979,98.3055556,2.10947445,0.121797155,17.6897065,2.80555556,21.5661464
496,1789200,5.15400274,0,0,0,,-0.00287609241,0.0470329022,0,,0.607140513,14.8172745,39.6944444,1.90609348,0.458972932,7.50561037,88.2222222,0.520246396,1.53514749,25.104354,64,2.39866795,2.23613737,36.5676811,100,2.23613737,0.319480524,15.9580472,3.69444444,17.5307202
497,1792800,-1.84724566,0,0,0,,-0.00070154724,0.0115939268,0,,-1.62621359,34.2180483,13.9444444,1.5931677,0.119938933,1.98213766,66.9166667,0.179236264,0.854932097,22.386583,53.5555556,2.06285021,-0.949696009,24.4994639,37.7777778,0.70512865,-0.245505547,16.9021733,1.86111111,20.8811582
498,1796400,-2.50852548,0,0,0,,-0.000875158352,0.0135710205,0,,-1.55544236,32.3103764,16.0833333,1.64196779,0.0839619565,1.30199229,66.6666667,0.125942935,0.876213927,20.2588004,55.6666667,1.96046326,-1.77911044,29.2310068,6.91666667,0.765672412,-0.133273406,16.8842531,1.91666667,24.927296
499,1800000,4.71031294,-0.0106943952,0.18157849,0,,-0.00421153354,0.0715069799,0,,0.4658828,14.1523964,38.5277778,1.68633384,0.513492242,8.71850575,89.2222222,0.57552057,1.45922683,24.7759878,60.25,2.42195324,2.10397194,36.25755,99.1666667,2.13752584,0.182645058,15.8424746,2.22222222,25.1036188
500,1803600,4.76107378,0,0,0,,-0.00287387836,0.0480730142,0,,0.488417136,14.7177866,38.8888889,1.75920292,0.399984075,6.6907634,85.1666667,0.469648621,1.70576738,28.5333509,70.5,2.4195282,1.96401755,32.8532498,100,1.96401755,0.205761515,17.1567764,3.25,18.944921
501,1807200,4.73877154,0,0,0,,-0.00255730873,0.0432377309,0,,0.513326293,14.0335492,41.1111111,1.63379776,0.455647757,7.70387042,87.5277778,0.520575031,1.55313717,26.2613692,64.4722222,2.40907923,2.20685913,37.3124998,100,2.20685913,0.0123584945,14.6454736,2.55555556,17.1894029
502,1810800,4.28768937,-0.0236367798,0.397618597,0,,-0.00721989208,0.121453235,0,,0.397607411,13.2576002,35.6388889,1.66351548,0.572947693,9.63814276,91.9166667,0.623333845,1.39997534,23.5504259,57.9166667,2.41722361,2.15757423,37.5437272,98.1388889,2.23631705,-0.209558641,15.4910321,1.41666667,25.1053799
503,1814400,5.1747532,0,0,0,,-0.00258146271,0.0423584335,0,,0.503899533,13.8179139,40.0277778,1.68134341,0.407269336,6.68275819,88.0555556,0.462514072,1.65507448,27.1576119,68.6944444,2.409328,2.16293557,35.4909494,100,2.16293557,0.448155747,16.8084082,4,18.4064451
504,1818000,1.47713947,0,0,0,,-0.00140994443,0.0238331538,0,,-0.485929781,21.9516964,23.9444444,1.69707341,0.286329425,4.84000154,77.5555556,0.369192668,1.32908872,25.6567879,62.4722222,2.27854663,0.423646361,32.5217422,59.3888889,1.97646279,-0.0745853033,15.0059388,1.72222222,23.6075901
505,1821600,4.60042126,-0.00827159631,0.143546466,0,,-0.00427408993,0.0741731682,0,,0.475336766,14.7354289,38.9444444,1.70042002,0.501944092,8.7108096,90.0277778,0.557543576,1.49233322,25.8981643,61.7777778,2.4156473,2.12679157,37.3634721,99.3888889,2.15305339,0.0165612981,13.0744055,1.97222222,19.5198447
506,1825200,5.17776198,-0.0117742663,0.18885717,0,,-0.00443426854,0.0711248908,0,,0.451831129,13.1574351,36.25,1.75466077,0.539213405,8.64888858,91.4166667,0.589841464,1.47565911,23.6693137,61.0833333,2.41581301,2.18868679,35.6831145,98.9444444,2.23021322,0.538580068,18.581266,3.94444444,21.5115942
507,1828800,-0.455055318,0,0,0,,-0.000900148473,0.0141126776,0,,-1.22576783,28.4480499,17.1388889,1.71753619,0.176418571,2.76591973,73.0555556,0.241485496,1.24778166,23.3539607,63.25,2.16392616,-0.767316277,27.7016389,30.2777778,1.65067677,0.114728703,17.7163181,3.02777778,20.5551423
508,1832400,-0.370204129,0,0,0,,-0.00101404724,0.0180940755,0,,-1.17193089,29.7755698,19.3888889,1.2811022,0.167623943,2.99098519,70.3888889,0.238139777,1.08178515,25.960982,57.7222222,2.19734944,-0.26999822,25.8498783,58.8333333,1.00173475,-0.176670063,15.4044907,1.80555556,19.0147745
509,1836000,4.91341618,-0.000701054923,0.0119477495,0,,-0.00213932303,0.0364594768,0,,0.551689862,15.3775162,40.7222222,1.78525657,0.385973333,6.57796207,83.75,0.460863681,1.68864018,28.7787007,69.8055556,2.41906273,2.01664006,34.3757222,99.9166667,2.0185297,0.27331313,14.8416915,3.41666667,16.7440262
510,1839600,3.06976265,0,0,0,,-0.00189044974,0.0322705001,0,,-0.0512670165,18.4683849,31.6111111,1.63018006,0.358471132,6.11920142,82.0555556,0.436863939,1.43972626,27.0142366,64.4444444,2.34485452,1.22578211,33.8334558,79.4166667,2.01959617,0.0989406103,14.5324508,2.38888889,19.8893997
511,1843200,4.68712603,-0.00948613116,0.161456328,0,,-0.00424191219,0.0721984078,0,,0.370657516,13.5083047,36.8055556,1.58171538,0.526472455,8.96069303,90.3055556,0.582990107,1.45384134,24.7447437,60.1944444,2.41524172,2.14575682,36.9616421,99.2777778,2.17439608,0.204125948,15.5909618,2.33333333,24.0032181
512,1846800,-1.68824734,0,0,0,,-0.000979325018,0.0164752562,0,,-1.54507931,33.5028892,13.6388889,1.63651603,0.121947247,2.05152743,68.6944444,0.177521265,0.896265575,23.0378722,54.6944444,2.07122201,-1.03804163,23.9595652,29.4444444,0.655755243,-0.122359894,17.4316707,1.83333333,24.9222676
513,1850400,4.47099261,-0.0115124663,0.195346682,0,,-0.00435667633,0.0739252779,0,,0.461687057,14.9246774,39.1666667,1.71223497,0.507506213,8.6115045,89.3333333,0.56810397,1.44446732,24.5101174,59.8888889,2.41191204,2.05928361,35.5493079,99.0833333,2.09638144,0.0139175451,16.1351208,1.55555556,31.0119717
514,1854000,4.66856429,-0.0117699068,0.20057988,0,,-0.00423437719,0.0721612226,0,,0.439341992,13.9030252,36.7222222,1.70899674,0.52261488,8.90627523,90.2777778,0.578896482,1.44447574,24.616403,59.8888889,2.41192609,2.11761921,36.6149985,99.0833333,2.15281682,0.160516752,15.686557,2.19444444,24.6302543
515,1857600,4.96315553,-7.52990899e-05,0.00124751667,0,,-0.00273859273,0.0453715985,0,,0.552199072,13.9307844,40.6944444,1.71159711,0.450173052,7.45823604,87.5555556,0.514157039,1.61534308,26.762175,67.2222222,2.40298971,2.12859106,35.265404,100,2.12859106,0.219663148,16.5367814,2.25,27.06244
516,1861200,-1.6171462,0,0,0,,-0.00101404724,0.0161675085,0,,-1.42665452,31.8534375,17.7777778,1.6065975,0.111063625,1.77074798,71.3888889,0.155575506,1.11247787,22.0222652,60.75,2.05246345,-1.52795723,28.1607838,12.4444444,0.957551363,0.114938112,16.1765981,3,18.8259244
517,1864800,3.93126136,0,0,0,,-0.00195026299,0.0326147534,0,,0.232425301,17.1075045,35.9444444,1.74630881,0.409369793,6.84599716,85.7777778,0.477244578,1.55177341,27.513855,67.3611111,2.37304443,1.58289757,33.3191137,87.5,2.04301666,0.156745562,15.180915,2.22222222,23.9516567
518,1868400,1.83129157,0,0,0,,-0.000744356236,0.012102172,0,,-0.640778716,23.3550192,21.75,1.82918432,0.284175414,4.62028741,79.4444444,0.357703318,1.41654687,25.412602,64.75,2.3008297,0.343225526,29.5526459,56.1666667,1.92364154,0.42886683,17.0473432,4.41666667,16.7250655
519,1872000,-1.63899436,0,0,0,,-0.00129657068,0.0217418664,0,,-1.67721666,30.145064,3.27777778,1.83777827,0.118062383,1.9797583,73.8055556,0.159964087,1.23163268,25.0585803,61.9444444,2.20035451,-1.35677854,24.964064,14.8888889,0.443105833,0.0466023552,17.8307916,2.58333333,21.4826532
520,1875600,-1.51657006,0,0,0,,-0.00108349168,0.0172113246,0,,-1.37861761,31.4722819,18.1944444,1.65609202,0.122539777,1.94655105,72.25,0.169605227,1.09664946,21.7671376,60.9722222,2.02300306,-1.49740612,28.4096197,14.6111111,0.995966292,0.141347932,16.3871984,2.61111111,22.4609172
521,1879200,4.34996036,-0.0088842933,0.151621189,0,,-0.00358944559,0.0612582216,0,,0.445353947,16.020357,37.0555556,1.86756345,0.405543006,6.92108092,85,0.477109419,1.68810836,28.8096068,69.8611111,2.41637777,1.7894538,31.0766992,99.1388889,1.8208814,0.0339749859,16.9593766,3,17.1285871
522,1882800,5.43218548,0,0,0,,-0.00269238398,0.0432355219,0,,0.615821992,14.3231731,42.5277778,1.77267876,0.445793745,7.15875795,89.6388889,0.49732181,1.60625509,25.7939721,67.1388889,2.39243622,2.17834377,34.9808313,100,2.17834377,0.588663276,17.70003,3.91666667,21.585809
523,1886400,4.74356344,-0.00957841272,0.159390168,0,,-0.00499596149,0.0831356058,0,,0.488710944,13.5048638,35.2777778,1.84290792,0.508244906,8.45748074,89.5277778,0.56769521,1.5907323,26.470679,65.8333333,2.41630222,2.03954146,34.3783936,99.3333333,2.06651725,0.130908208,16.946057,2.97222222,19.3334581
524,1890000,4.67511014,-0.0192411114,0.318720932,0,,-0.00530331912,0.0878472547,0,,0.462807663,13.3165618,34.1666667,1.85374466,0.518726314,8.5924836,90,0.576362571,1.60683552,26.6165559,66.6944444,2.40924943,2.05639974,35.0607279,98.4722222,2.11887573,0.0548853375,16.0071027,2.80555556,18.2001484
525,1893600,4.80652216,-0.0140095194,0.230382129,0,,-0.00469959481,0.077283355,0,,0.476819293,13.0573206,37,1.71734317,0.570197034,9.37671046,91.7777778,0.621280061,1.42471051,23.4289152,59.3055556,2.40232217,2.19490159,36.7579498,98.5833333,2.246906,0.158602847,17.0714385,3.16666667,18.895511
526,1897200,-0.195193045,0,0,0,,-0.000976591596,0.0153418687,0,,-1.16152366,28.7998067,18.6944444,1.79662283,0.179647311,2.82218839,73.6944444,0.243773208,1.22712667,23.1019117,62.25,2.16681631,-0.781241032,28.399073,29.7222222,1.72684112,0.341774258,16.8616783,4,17.6888728
527,1900800,3.18390613,0,0,0,,-0.00118883277,0.0189700854,0,,-0.0937765866,19.4135366,30.6666667,1.83072838,0.324660479,5.18057474,80.6666667,0.402471668,1.44777996,25.4322421,65.2777778,2.32972731,0.957570921,31.4038457,72.6388889,2.01380607,0.548860191,18.5508308,3.63888889,23.5156777
528,1904400,4.51847458,-0.0179170762,0.303527911,0,,-0.00489156293,0.0828665268,0,,0.416304886,13.0510909,35.5,1.67141296,0.538866586,9.12878011,90.1666667,0.597633922,1.55106573,26.2761477,64.0555556,2.42143826,1.9725696,34.3697638,98.4722222,2.03173885,0.0624764213,16.7878231,2.63888889,19.9601406
529,1908000,3.58186003,0,0,0,,-0.00151747601,0.0251621794,0,,0.111253936,18.354781,33.1944444,1.8349315,0.376965771,6.25069543,83,0.454175628,1.48290295,26.4574803,65.4166667,2.35299036,1.33079544,33.2679697,82,2.03482557,0.281459405,15.6439114,2.88888889,21.2003565
530,1911600,-1.47695464,0,0,0,,-0.00115293613,0.0180083789,0,,-1.35915465,29.8642761,16.5,1.67521868,0.129537389,2.02331971,70.3611111,0.184103672,1.05152063,21.0303275,60.1111111,1.99458014,-1.43629509,29.6330614,16.7777778,1.37347998,0.138590022,17.4310069,2.97222222,21.1047733
531,1915200,-1.36307123,0,0,0,,-0.000981849144,0.0154066388,0,,-1.30071563,29.7910849,17.8055556,1.67880013,0.129726248,2.03559319,70.8888889,0.182999409,1.01970722,21.4303182,60.0555556,1.9860271,-1.39242774,29.9514206,16.3333333,1.58064887,0.181620528,16.7761764,3.05555556,20.4668
532,1918800,4.7044053,-0.0187222107,0.31386776,0,,-0.00440277544,0.0738101546,0,,0.586877843,14.3663397,35.3055556,2.04476311,0.495288847,8.30325027,88.5,0.559648414,1.60930167,26.9808656,66.8333333,2.40801262,2.09517418,36.131493,98.3611111,2.16061894,-0.0591122593,13.8303735,2.02777778,18.8844526
533,1922400,4.92008273,-0.0190125326,0.317012514,0,,-0.00415392744,0.0692620497,0,,0.683116693,15.5365442,42.1666667,1.91490898,0.541984723,9.0369833,89.9444444,0.602577209,1.42199099,23.7167209,58.8611111,2.41617883,2.11293071,36.1948108,98.3333333,2.1781429,0.183226084,15.1286662,2.58333333,21.1074941
534,1926000,5.67289298,-4.26547683e-06,6.60321778e-05,0,,-0.00257623788,0.0398817306,0,,0.691723572,14.9290631,40.0555556,2.06724809,0.400571849,6.20109607,85.5555556,0.468200863,1.70560908,26.4038667,70.7777778,2.40980874,2.02598351,31.3634581,100,2.02598351,0.851585467,21.0625683,5.30555556,20.8476093
535,1929600,4.92262871,-0.0206685131,0.345941484,0,,-0.00399535202,0.0668726383,0,,0.682629287,15.5941823,43.25,1.86625953,0.539960984,9.03765562,90.6944444,0.5953628,1.4562528,24.3741895,60.3888889,2.41145819,2.11220017,36.3998363,98.3611111,2.17918114,0.156249327,14.1813222,2.19444444,22.8650634
536,1933200,4.44222141,-0.00767879858,0.129536138,0,,-0.00383953595,0.0647703745,0,,0.440859342,16.4577874,35.9166667,1.97187537,0.410351784,6.92235705,86.1944444,0.476076836,1.7288746,29.1649452,71.75,2.40958132,1.88333391,32.1897661,99.3611111,1.90794841,-0.00967988847,15.0708377,2.88888889,15.2949342
537,1936800,4.94212328,-0.00448587452,0.0740278619,0,,-0.00397238533,0.0655540389,0,,0.673524207,15.5265338,41.0555556,1.96610089,0.454459405,7.49968773,88.1666667,0.515454902,1.69640369,27.9947951,70.4722222,2.40719483,2.01830148,33.5681585,99.5,2.03639944,0.107892762,15.2712429,2.77777778,18.5991472
538,1940400,3.0894365,0,0,0,,-0.00249523178,0.0443623614,0,,-0.113880792,19.0824419,27.8333333,1.72354777,0.343126821,6.10040165,82.3888889,0.416472204,1.65618362,29.6008881,69.3888889,2.39313011,1.2437202,27.2257184,86.25,1.60873864,-0.0372181113,17.9461876,2.52777778,19.2302077
539,1944000,-0.487936491,0,0,0,,-0.00103427125,0.0161487694,0,,-1.08831879,28.3208612,19.9722222,1.81635186,0.171542863,2.67841355,72.5,0.236610846,1.12072177,22.0382161,60.3333333,2.09850095,-0.848441369,29.3730063,28.6111111,1.80488487,0.157593297,17.573354,3.11111111,20.6213164
540,1947600,-1.03043964,0,0,0,,-0.000960538197,0.0150885288,0,,-1.24251222,29.0821982,17.25,1.76482678,0.157126122,2.46820172,71.8888889,0.218568022,1.10381518,21.6463311,60.4166667,2.05392342,-1.06927236,29.7707874,24.5,1.68559346,0.0213641892,17.0173931,2.30555556,23.9572236
541,1951200,-0.476079011,0,0,0,,-0.00104919512,0.016448817,0,,-1.11361638,28.2718494,19.4444444,1.77355575,0.17240743,2.70292743,73.1944444,0.235547153,1.1870764,22.5431755,62.5,2.10000231,-0.855519155,29.5895301,29.3611111,1.75719202,0.134621882,16.8760688,2.86111111,21.1643204
542,1954800,4.60432916,-0.0454998981,0.764955038,0,,-0.00675540741,0.113573506,0,,0.657918435,14.6339117,40.8333333,1.87144975,0.599433986,10.0778258,92.5555556,0.647647764,1.40299704,23.5875177,58.1388889,2.41318172,2.06235808,36.6809118,96.6111111,2.19651577,-0.0661230741,14.1413045,1.72222222,22.5002497
543,1958400,-2.14119768,0,0,0,,-0.00111821391,0.0178590402,0,,-1.43988273,31.604711,17.25,1.56229957,0.0937524401,1.49732407,68.8888889,0.136092252,0.976010803,20.4787967,58.2222222,1.93934231,-1.68581111,30.373633,10.6666667,1.01242069,-0.084148875,16.0276761,2.16666667,21.2168593
544,1962000,5.04878822,-0.0186492023,0.300389731,0,,-0.00503478133,0.0810971205,0,,0.548405183,13.5593832,39.0277778,1.78106117,0.54846587,8.83434647,90.4166667,0.606598197,1.52050396,24.4913304,62.8611111,2.41883088,2.00534999,33.3361909,98.4722222,2.0690975,0.449747189,19.3972621,2.55555556,32.3607581
545,1965600,3.95289612,-0.0053007086,0.0880214905,0,,-0.00185014926,0.0307228538,0,,0.312659892,18.422928,37.3888889,1.90176822,0.413176583,6.86104848,86.0555556,0.480127727,1.52040179,27.1011589,66.9722222,2.35355065,1.51320246,33.2905219,86.2222222,2.04006472,0.200606257,14.2055983,2.44444444,21.6015581
546,1969200,5.15763857,0,0,0,,-0.00277211033,0.0456989686,0,,0.771120885,16.0544658,46.0277778,1.89558207,0.464797192,7.66230406,88.7222222,0.523879114,1.61420721,26.6106308,67.1388889,2.40428049,2.13717217,35.2318459,100,2.13717217,0.173113225,14.3950545,2.97222222,17.601656
547,1972800,-0.393671964,0,0,0,,-0.00113324034,0.0179371944,0,,-1.10231025,28.0255575,18.6944444,1.78741629,0.179701965,2.84436494,73.3333333,0.245048134,1.24373041,23.2776671,62.8611111,2.15902357,-0.766959955,29.3572636,30.6944444,1.77194971,0.053299104,16.4772097,2.52777778,21.6454981
548,1976400,4.71178365,-0.0109677219,0.185500179,0,,-0.00432348888,0.0731243884,0,,0.674965022,15.7997991,45.5833333,1.76504224,0.513117189,8.67849593,89.5555556,0.57295964,1.4450642,24.4407789,59.8888889,2.41290868,2.05579177,35.2815838,99.2222222,2.08714331,0.0381366832,15.5407178,1.61111111,29.6994917
549,1980000,1.18176139,0,0,0,,-0.00125287138,0.0225229985,0,,-1.23634749,29.2840746,11.6666667,1.68264701,0.224333376,4.03286431,74.9444444,0.299332896,1.53487668,28.0094727,65.2777778,2.36906073,0.436078474,16.4229556,76.1111111,0.886616249,0.224073219,22.2281099,4.30555556,16.9611217
550,1983600,4.70625837,-0.00909814141,0.152259433,0,,-0.00431730027,0.0722509864,0,,0.614191378,14.4730977,39.8611111,1.85521651,0.482732026,8.07862852,89.1388889,0.541550419,1.61015925,26.9463754,66.8611111,2.40821491,2.07988836,35.3230078,99.1388889,2.11349283,-0.0672971984,14.9543802,2.16666667,19.0682285
551,1987200,1.25710096,0,0,0,,-0.000756938729,0.0123019572,0,,-0.637522793,25.3255564,24.8055556,1.85594967,0.247197512,4.01751568,76.7222222,0.32219806,1.34184598,24.4108361,64.3055556,2.21119569,0.0266132716,30.8120345,49.8333333,1.92890569,0.279723923,15.4217554,4.13888889,14.8424334
552,1990800,1.29529334,0,0,0,,-0.00125126745,0.0223807837,0,,-1.23566757,28.9467519,11.8611111,1.61321647,0.227357944,4.06663575,74.7222222,0.304270854,1.5364934,27.8249721,65.25,2.36945224,0.515347013,17.1183312,79.1944444,0.929611079,0.253013817,22.0209283,4.33333333,17.1249511
553,1994400,4.64047777,-0.0142386422,0.238347021,0,,-0.00620460357,0.103861643,0,,0.642353727,14.4901476,42.8055556,1.7614331,0.578016837,9.67568321,92.5277778,0.62469547,1.42881204,23.9175259,59.3611111,2.40698332,2.19521394,37.3786249,98.7222222,2.24274745,-0.183475521,14.1958096,1.30555556,25.4516058
554,1998000,2.97350846,-0.000365351571,0.00604426541,0,,-0.00155939278,0.0257981205,0,,0.0956990925,19.670786,35.8055556,1.79402204,0.352126317,5.82547082,82.2222222,0.428261737,1.40660038,25.8889352,64.4722222,2.3044673,1.02083041,33.6317835,75.4444444,2.02383137,0.100176991,14.9511821,2.55555556,19.641833
555,2001600,2.91566221,0,0,0,,-0.00170926193,0.0282435178,0,,0.118193561,19.7494347,35.8611111,1.83123765,0.350356086,5.78921708,82.2222222,0.426108753,1.38102951,25.709187,63.75,2.30346428,0.999869222,33.7218491,75.1944444,2.02187332,0.067923086,15.0020686,2.11111111,23.111746
556,2005200,4.47893284,-0.0391773647,0.647882659,0,,-0.00680179674,0.112482455,0,,0.691575874,15.1575983,42.5555556,1.8894754,0.581680696,9.61935135,92.1944444,0.630928143,1.39153145,23.0119893,57.9166667,2.40264424,2.09514753,36.4817859,97.1666667,2.21330815,-0.235023562,14.96891,1.13888889,29.4209616
557,2008800,2.64568274,0,0,0,,-0.00183883641,0.0312980864,0,,0.0358723349,19.796282,35.5277778,1.68734252,0.336749261,5.73167214,81.1666667,0.414886153,1.40131216,26.59669,64.4722222,2.29861043,0.98835869,34.4457102,75,2.00808362,-0.11477087,13.3983477,1.66666667,20.17241
558,2012400,4.5458022,-0.0248963913,0.411901527,0,,-0.00657597858,0.108797118,0,,0.548079769,13.6941607,39.9444444,1.72212957,0.560029771,9.26548411,90.3055556,0.620149855,1.41123317,23.3483274,58.5555556,2.41007562,2.0431414,35.0725769,97.8611111,2.12700347,0.0147904757,18.0987522,2.38888889,23.2058882
559,2016000,5.08489114,0,0,0,,-0.00265111609,0.0436864008,0,,0.731763704,15.5593811,47.9444444,1.74784295,0.431957829,7.11801454,86.3888889,0.500015493,1.52738097,25.1689382,64,2.38653276,2.18524136,36.0094869,100,2.18524136,0.211198399,16.1004929,2.69444444,22.0501732
560,2019600,-1.71066292,0,0,0,,-0.00104876946,0.0173883793,0,,-1.64558561,34.0266138,13.8055556,1.4729896,0.116855815,1.93744507,67.1666667,0.173978881,0.797954015,21.9675348,52.4444444,2.02396313,-0.862205652,25.1054398,42.0833333,0.774669619,-0.116632714,16.9455782,2.25,20.120655
561,2023200,0.709831323,0,0,0,,-0.00068905548,0.0112017849,0,,-0.644783752,25.5491702,25.6944444,1.80354659,0.242448283,3.94141487,76.6944444,0.316122354,1.29862394,23.9894314,63.4166667,2.18734771,-0.149056251,31.6040708,45.4722222,1.97373816,-0.0367118461,14.904711,2.05555556,21.4083671
562,2026800,-2.50955178,0,0,0,,-0.00114872823,0.018019404,0,,-1.57049514,32.0418547,14.9722222,1.57677825,0.0787768431,1.23572463,66.8055556,0.117919599,0.858353206,19.3677966,55.4722222,1.88656657,-1.79606321,30.3740513,7.75,0.9049533,-0.0789747645,16.9625533,1.83333333,27.3376293
563,2030400,4.92965876,0,0,0,,-0.00295542519,0.0492417961,0,,0.703121099,15.6871618,47.0555556,1.74755462,0.459751031,7.66013859,87.5833333,0.524929817,1.53801983,25.6257067,64.2222222,2.39484057,2.10629813,35.0940716,100,2.10629813,0.1254241,15.8836795,1.69444444,31.8316957
564,2034000,0.821577367,0,0,0,,-0.000869048504,0.0140979344,0,,-0.653398515,25.588334,25.5833333,1.80578593,0.238344413,3.86648602,75.7777778,0.31453075,1.29598544,23.9228966,63.25,2.19026145,-0.159997759,31.4583992,45.5833333,1.95160543,0.101512831,15.1497862,2.38888889,21.6711911
565,2037600,4.73172561,-0.0117985952,0.191718327,0,,-0.00459573582,0.0746772619,0,,0.533590557,14.2932464,38.0277778,1.85813583,0.51626627,8.38893987,90,0.573629189,1.58703725,25.7881656,65.9166667,2.40764185,2.00883593,33.1422163,99.25,2.03952193,0.102389935,18.1210362,2.86111111,21.2781332
566,2041200,1.59750457,0,0,0,,-0.00215620785,0.0378758669,0,,-0.520177488,21.7380296,20.7777778,1.72619781,0.28432937,4.99451913,77.3055556,0.3677994,1.32228647,27.3962921,62.5,2.30552814,0.625558109,27.517239,76.3055556,1.43637452,-0.112335685,18.3160443,2.11111111,22.0349643
567,2044800,4.24478816,0,0,0,,-0.00138420316,0.0245616035,0,,0.312894176,16.4954662,38.0833333,1.63131598,0.337741986,5.99296763,82.6388889,0.408696185,1.69282518,30.03786,70.6388889,2.39644933,1.76320583,31.2867097,100,1.76320583,0.139505197,16.1624349,2.77777778,18.9065086
568,2048400,4.3386939,0,0,0,,-0.001974958,0.0339913677,0,,0.315617092,16.9820813,37.75,1.72490829,0.34933954,6.01254749,82.0555556,0.425735391,1.57131904,27.0442628,65.5833333,2.39591213,1.80365928,31.0431138,100,1.80365928,0.30073391,18.8840032,3.88888889,17.9733545
569,2052000,4.69934558,-0.010422717,0.172071497,0,,-0.00623349837,0.102910537,0,,0.783430295,16.3248289,44.1111111,2.00885673,0.576471681,9.51712931,91.75,0.628307009,1.43144874,23.6321805,59.3611111,2.41142512,2.16892082,36.3219397,99.2777778,2.20039868,-0.244269745,13.9289396,0.861111111,34.8058547
570,2055600,5.05636994,-0.00685410392,0.108514915,0,,-0.00443754553,0.070255701,0,,0.586537733,14.3532552,38.4444444,1.94193112,0.498491929,7.89217817,89.3888889,0.557666546,1.61874936,25.6282151,67.1944444,2.40905238,2.02258548,32.359529,99.4444444,2.04461063,0.341297086,19.5880519,3.33333333,23.6779941
571,2059200,4.46822756,0,0,0,,-0.00321444776,0.0538574713,0,,0.4390618,14.7386337,36.1666667,1.82312552,0.446713715,7.48460479,87.4166667,0.511016643,1.67976484,28.144146,69.7222222,2.40922448,1.9413845,32.5275344,100,1.9413845,-0.035482858,17.0512237,1.97222222,24.9010533
572,2062800,5.34870205,0,0,0,,-0.00287797103,0.0461155064,0,,0.762442252,15.5663307,46.5277778,1.86329978,0.443635282,7.10864198,86.6388889,0.512050982,1.53270272,24.5615759,64.0277778,2.39391303,2.18271314,34.9749601,100,2.18271314,0.430086617,17.7423758,2.83333333,27.1297181
573,2066400,-0.858288074,0,0,0,,-0.00109201252,0.016768175,0,,-1.26935315,28.9583267,17.4444444,1.76713048,0.154061691,2.3656628,70.6111111,0.218183355,1.10087576,21.43914,60.1111111,2.07705422,-1.07591302,29.4115865,22.7777778,1.84278393,0.233132661,17.8085158,3.63888889,19.1390352
574,2070000,4.32664486,0,0,0,,-0.00291924377,0.0509185485,0,,0.314203209,17.1379835,36.9444444,1.75500253,0.421757427,7.35645178,87.1944444,0.483697591,1.52782747,26.6489418,63.5277778,2.40497547,1.88092777,32.80785,100,1.88092777,0.184848229,15.9978544,2.19444444,25.1095766
575,2073600,4.91908407,0,0,0,,-0.00271141036,0.0457525038,0,,0.654444125,16.3022742,46.5277778,1.74149579,0.437730525,7.38629158,89.1666667,0.490912738,1.61124888,27.1883119,67.0555556,2.40285665,2.01889582,34.0669712,100,2.01889582,0.19947614,15.0103986,2.44444444,22.2756288
576,2077200,2.40995713,0,0,0,,-0.00119932107,0.0198700055,0,,-0.1664422,22.0958713,32.4722222,1.79727227,0.302256482,5.00769819,78.5833333,0.38463179,1.36819342,25.5284436,63.2222222,2.30065353,0.745601569,31.588688,66.8888889,1.9825738,0.161547177,15.7594289,2.75,20.2320102
577,2080800,3.53311013,0,0,0,,-0.00180346569,0.0302881363,0,,0.259416762,18.1124562,39.6944444,1.68524618,0.372016283,6.24779276,83.1111111,0.447613174,1.43100033,26.6022697,64.8888889,2.32319907,1.36146073,33.7293786,84.6666667,1.99005737,0.111019503,15.2778147,2.02777778,25.1683423
578,2084400,-1.3580138,0,0,0,,-0.00200635246,0.035291212,0,,-1.24725066,27.389007,9.30555556,1.66487054,0.134790784,2.37093443,69.3888889,0.194254132,0.886412038,24.5056824,54.1666667,2.10423947,-0.865491905,27.8737295,35.6388889,1.00896353,-0.264467693,17.8253554,2.02777778,18.4667062
579,2088000,-1.22075584,0,0,0,,-0.00133638618,0.0205975883,0,,-1.31418572,29.645741,18.4722222,1.64910057,0.132620311,2.04406377,70.7222222,0.187522829,0.992033904,20.6494883,59.25,1.96775308,-1.39048994,29.4401178,16.8055556,1.54593475,0.360601992,18.1999914,4.77777778,16.1312482
580,2091600,4.97792259,-0.00866314463,0.143689351,0,,-0.00407683611,0.0676195494,0,,0.73236775,16.0785761,46.75,1.82006184,0.527231164,8.74480424,89.8611111,0.586717833,1.42105545,23.5700251,58.9166667,2.41197531,2.12243308,35.6351376,99.3888889,2.14858208,0.187575129,15.7601481,1.86111111,30.5668725
581,2095200,2.51864938,0,0,0,,-0.00149050447,0.0241783172,0,,-0.204732806,21.8833487,30.5,1.87589391,0.302536376,4.9076139,80.4722222,0.375951313,1.40782545,25.4824093,64.6111111,2.30511623,0.660023254,30.7630701,63.6944444,2.00681047,0.354487602,16.9393797,2.77777778,25.1772869
582,2098800,5.17053769,-0.00609733509,0.097732661,0,,-0.00514231408,0.0824248678,0,,0.76946701,15.6558478,44.3333333,1.96940122,0.560726986,8.98775278,92.1944444,0.608200406,1.42196888,22.792384,59.0833333,2.40671743,2.21138802,35.7369522,99.5,2.23162878,0.218226454,16.6469057,1.63888889,38.342803
583,2102400,0.247454649,0,0,0,,-0.00108662914,0.0174177307,0,,-0.915542627,28.0816372,21.8333333,1.9153489,0.213739995,3.42606832,74.4166667,0.287220597,1.27948425,23.1569066,62.3333333,2.18515491,-0.445540072,29.1811349,37.1666667,1.84972904,0.116399729,16.1368352,2.27777778,24.6538194
584,2106000,4.60608237,-0.00700055565,0.116408517,0,,-0.00422194638,0.0702045012,0,,0.581427961,15.4017937,36.9722222,2.03890695,0.506385527,8.42041566,89.5833333,0.565267565,1.59012723,26.4413801,65.8333333,2.41538313,1.98885324,33.4293611,99.4444444,2.01078225,-0.0494890934,16.1204364,2.05555556,22.3773805
585,2109600,2.9940845,0,0,0,,-0.00139015634,0.026500235,0,,-0.206361781,21.1798221,29.3333333,1.54209364,0.262404264,5.00215296,76.7222222,0.342018591,1.58447897,30.2045632,65.8055556,2.40781946,1.33109398,25.3743425,100,1.33109398,0.0238592291,18.2126189,2.61111111,18.7518181
586,2113200,-2.14320262,0,0,0,,-0.00150080778,0.025485964,0,,-1.64494109,30.6219615,4.66666667,1.69621453,0.0955456965,1.62250904,70.4166667,0.135686196,1.02591587,24.1317495,58.3333333,2.09740901,-1.53083346,27.7777108,14.0277778,0.374007338,-0.0873888304,15.8205832,2.27777778,18.5322659
587,2116800,2.86726755,0,0,0,,-0.00202836378,0.0339685978,0,,0.135581583,20.8761667,35.4444444,1.94975298,0.342337872,5.73306306,81.7222222,0.418904262,1.42570832,26.4106865,64.8055556,2.3167514,1.03553026,33.4513014,75.9166667,1.99758821,-0.0698621217,13.4948138,1.86111111,19.7718573
588,2120400,4.87383041,-0.00807032931,0.136860188,0,,-0.00431484189,0.0731729835,0,,0.784633156,16.8305851,45.0277778,1.97333067,0.522235568,8.85630009,90.5833333,0.576525006,1.44948898,24.5810706,60.0833333,2.41246432,2.09462185,35.9667575,99.3333333,2.12189522,0.0352360276,13.5552536,1.44444444,28.8885473
589,2124000,-1.90585988,0,0,0,,-0.00129182502,0.021041107,0,,-1.4433578,32.2315709,17.3333333,1.54473772,0.0958263176,1.56080876,69.3055556,0.13826643,1.00558737,21.1625061,58.5833333,1.96716847,-1.63856479,30.3442326,11.7222222,0.957277512,0.0759408452,14.6798405,2.47222222,19.7638791
590,2127600,-1.81732787,0,0,0,,-0.00121693144,0.0196609213,0,,-1.45825481,31.9036154,15.2777778,1.69019949,0.113252352,1.82972145,69.5,0.162953024,0.995809655,21.4808037,58.8333333,1.97624741,-1.53215807,30.0993656,13.8888889,1.19113497,0.0652399369,14.6668329,3.30555556,14.7185172
591,2131200,5.20932154,-0.00988412034,0.160267323,0,,-0.00414532334,0.0672148711,0,,0.862088817,16.7081198,46.3888889,2.03984609,0.520990952,8.44767387,90.8888889,0.573217429,1.46818602,23.8060885,61,2.40686233,2.14541602,35.2745107,99.25,2.17677115,0.22666917,15.5361249,1.86111111,31.8310957
592,2134800,-1.15710385,0,0,0,,-0.00117137462,0.0188750732,0,,-1.30364394,30.972561,18.1388889,1.70488062,0.136463776,2.19892399,71.4166667,0.191081133,1.03883264,22.2099048,60.1388889,2.00965196,-1.3222926,29.7594219,18.5555556,1.41347839,0.294707646,14.8403132,4.11111111,14.7853911
593,2138400,4.8393797,0,0,0,,-0.0030632492,0.0501929858,0,,0.638843698,17.7260116,44.5277778,1.93211084,0.443300939,7.26372432,88.4444444,0.501219654,1.62470998,26.6217469,67.3611111,2.41194058,1.92587027,32.4126146,96.1388889,2.03039251,0.209718061,15.9257096,1.91666667,30.8257828
594,2142000,0.568171915,0,0,0,,-0.00111209739,0.0182952207,0,,-0.875842122,27.4486375,20.8611111,1.8998435,0.225420632,3.7084164,74.6111111,0.30212743,1.30567759,24.1939097,62.6944444,2.21417866,-0.323879737,30.0302473,40.4722222,1.85503234,0.237907656,14.6004939,3.02777778,18.5848606
595,2145600,-1.63168155,0,0,0,,-0.00115293613,0.018417808,0,,-1.4151347,31.3461789,18.1111111,1.51041079,0.102111939,1.63120752,70.3055556,0.145240214,1.01126821,20.9775125,59.25,1.96155211,-1.61804327,29.7875628,12.4444444,0.990916062,0.289269216,16.2391204,2.97222222,21.9670942
596,2149200,5.23189229,-0.00770534361,0.124732169,0,,-0.00423085008,0.0684879398,0,,0.834529998,16.462528,44.2777778,2.09078299,0.547855235,8.86854311,90.9444444,0.602406489,1.4458702,23.4053841,59.7777778,2.41874197,2.15656462,35.2762979,99.4722222,2.17938322,0.25900842,15.7940268,2.44444444,25.2549445
597,2152800,4.99793743,-0.0099300039,0.160047273,0,,-0.00506438999,0.0816255278,0,,0.728721412,15.3275448,38.9722222,2.15500485,0.528352018,8.51573682,90.6944444,0.582562715,1.59676137,25.7358714,65.9444444,2.4213736,2.061576,33.6847776,99.3055556,2.09027622,0.0975210176,16.4943966,2.61111111,21.4640913
598,2156400,5.44157127,0,0,0,,-0.00202094996,0.0325942316,0,,0.850274644,17.3489549,46.3333333,2.07838179,0.391618144,6.31608537,85.1666667,0.45982561,1.69535247,27.3429387,70.2777778,2.41235924,1.97328419,31.8254697,100,1.97328419,0.533062778,17.1339571,4.41666667,18.0614115
599,2160000,4.78113656,0,0,0,,-0.00303506683,0.0517678061,0,,0.669123051,17.4123985,43.4444444,1.94499574,0.390441721,6.65959349,85.1944444,0.458294814,1.69710392,28.9467584,70.25,2.41580629,1.84743477,31.510886,100,1.84743477,0.180068166,15.4185958,3.13888889,17.2678415
600,2163600,2.53990374,0,0,0,,-0.00117015011,0.0196139645,0,,-0.226681925,23.6150068,27.1111111,2.18022507,0.324257559,5.43517983,82.1944444,0.394500578,1.44339203,26.0508225,64.75,2.31471726,0.752334921,31.1903887,67.0555556,1.94847634,0.247771305,13.6889883,2.88888889,18.4230532
601,2167200,5.11624244,-0.00920130108,0.149695601,0,,-0.00432128993,0.070302894,0,,0.94533992,18.247749,47,2.19890385,0.540842545,8.79894585,92.6111111,0.58399315,1.50759519,24.5270061,62.4722222,2.41322484,2.1782602,35.8908998,99.3611111,2.2062741,-0.0422728185,12.3154007,1.83333333,19.4922206
602,2170800,5.47657955,0,0,0,,-0.00254306185,0.0402554166,0,,0.949615256,17.8746072,47.6388889,2.1818421,0.447009719,7.07594368,89.3888889,0.500073023,1.61468592,25.5596828,67.0833333,2.40698522,2.17914521,34.4947954,100,2.17914521,0.288666512,14.9547155,3.16666667,19.4747864
603,2174400,-0.0714030993,0,0,0,,-0.00118765835,0.0190753115,0,,-1.04450885,29.3140238,20.1111111,1.94078669,0.1814179,2.91380341,73.8333333,0.245712732,1.21404682,23.2404193,62.1388889,2.14119633,-0.734633305,29.1812161,32.6111111,1.65930298,0.313461992,15.3314621,4.02777778,15.7409689
604,2178000,3.1424834,0,0,0,,-0.00170418498,0.0285823782,0,,0.213661477,21.7579543,35.5277778,2.12643411,0.3604552,6.0455097,83.7777778,0.430251565,1.44447404,26.7494244,65.25,2.32902044,1.11036724,33.3982155,77.8611111,1.99180943,0.0152296352,12.0203137,2.47222222,14.8029635
605,2181600,5.68570049,0,0,0,,-0.00295716589,0.0457997072,0,,0.96224495,17.5481818,46.4444444,2.25568917,0.5039145,7.80447816,91.6388889,0.549891543,1.55789401,24.1281999,64.8055556,2.40395132,2.21398743,34.28958,100,2.21398743,0.450616757,16.1837604,3.75,19.9407912
606,2185200,5.33168825,-0.00422735276,0.0684883591,0,,-0.00221793625,0.0359333187,0,,0.926062478,18.4554391,48.2222222,2.14133628,0.402986677,6.5288841,85.4166667,0.47178928,1.68005965,27.2190506,69.7777778,2.4077288,2.02794426,33.1126807,99.5555556,2.04497899,0.301080479,14.5795238,3.41666667,17.5753488
607,2188800,4.89389964,-0.00451754727,0.0733215675,0,,-0.00453234275,0.073561704,0,,0.816935997,16.5614692,41.75,2.20040064,0.493107265,8.0033247,88.9166667,0.554572369,1.61833069,26.266143,66.8611111,2.42043643,2.09608843,34.278202,99.5,2.11460529,-0.12151285,14.7439778,2.08333333,18.8857186
608,2192400,5.06168602,-0.00754435148,0.123488189,0,,-0.00415147556,0.0679525865,0,,0.937662335,18.2007896,50.1666667,2.04280673,0.53025289,8.67933699,91.9444444,0.576710092,1.51091136,24.7310464,62.5,2.41745817,2.15820083,35.6881084,99.4166667,2.18198814,-0.0636455737,12.5092778,1.86111111,18.8218909
609,2196000,-1.42604401,0,0,0,,-0.00132495609,0.0224286074,0,,-1.50942989,33.2869473,14,1.63205685,0.114465453,1.93764964,68.9166667,0.166092556,0.883422372,22.5692483,54.3888889,2.03781212,-1.13122667,25.296966,25.6666667,0.707485582,0.218049688,16.8867601,2.83333333,21.4521986
610,2199600,3.68330553,0,0,0,,-0.00178794159,0.0297873931,0,,0.333845462,20.7193922,37.3611111,2.11114507,0.386756118,6.44341883,84.5277778,0.457549137,1.48132794,26.2679709,65.1944444,2.34530853,1.30434066,33.1287702,82.9722222,1.98430456,0.17882329,13.4106605,2.97222222,16.5495225
611,2203200,5.16150285,-0.00752927824,0.120811115,0,,-0.00400780461,0.0643072721,0,,0.917299925,17.3077256,46,2.16952673,0.545087651,8.74620979,92.0833333,0.591950391,1.50249459,24.1082931,62.1388889,2.41796178,2.16093936,35.0661514,99.3888889,2.18654098,0.0472184128,14.5865018,2.19444444,21.7888632
612,2206800,5.06953823,-0.00686899601,0.109771965,0,,-0.00517307677,0.0826698403,0,,0.784978727,15.7126116,38.6666667,2.2864624,0.537333933,8.58701936,90.8611111,0.591379443,1.61026485,25.7333003,66.3888889,2.42550354,2.05006172,33.1156127,99.3888889,2.07381119,0.0989410646,16.6590142,2.72222222,20.9641445
613,2210400,5.33161946,-0.011112277,0.1786512,0,,-0.00357897191,0.0575388489,0,,0.907201122,17.1204526,44.4166667,2.22001102,0.558070343,8.97205285,92.6111111,0.602595451,1.47697023,23.7451338,61,2.42126267,2.18057381,35.5832126,99.1111111,2.2166455,0.223495203,14.3429581,1.97222222,28.2838571
614,2214000,4.86019655,-0.0277414005,0.446326735,0,,-0.00683170874,0.109914215,0,,0.907086358,16.7434771,42.9444444,2.26778549,0.615737973,9.90650488,93.5,0.658543287,1.41028125,22.6897783,58.0555556,2.42919259,2.14809999,35.8731371,98.0555556,2.23230176,-0.186435914,14.2308617,1.38888889,25.1309553
615,2217600,4.90519164,-0.0102475142,0.171900502,0,,-0.00295969164,0.04964838,0,,0.735263973,16.8331945,43.1944444,2.01269186,0.407940545,6.843141,85.2222222,0.478678605,1.70615857,28.6205522,70.25,2.42869547,1.82014504,31.1338691,99.0555556,1.85559007,0.248890717,16.3476944,3.19444444,19.149288
616,2221200,5.34094427,-0.000599999104,0.00964486783,0,,-0.00348878769,0.0560815774,0,,0.889746046,17.3547211,44.7222222,2.20177859,0.417172298,6.70596281,87.1944444,0.47843908,1.69973225,27.3228623,70.2222222,2.42050478,1.96054502,31.5153764,100,1.96054502,0.377837445,17.0353509,3.63888889,19.7531763
617,2224800,5.0982801,-0.00531258456,0.0877357404,0,,-0.00387221498,0.0639484688,0,,0.931245995,17.9339887,46.2222222,2.18205317,0.540551493,8.92704575,90.8888889,0.594738807,1.46570281,24.2056422,60.4722222,2.42376211,2.12386694,35.3686504,99.5555556,2.14227799,0.0460976637,13.4129886,1.66666667,25.7484745
618,2228400,4.97181331,-0.00534828468,0.0884559724,0,,-0.00401276203,0.0663675904,0,,0.794322766,16.504413,39.4444444,2.27183288,0.471400086,7.79654702,88.9444444,0.529993851,1.69763761,28.0774482,69.9166667,2.42808717,1.96688778,32.7925514,99.4444444,1.98583901,0.0509261095,14.6742168,2.33333333,20.1036109
619,2232000,-1.16020117,0,0,0,,-0.00118765835,0.0198821828,0,,-1.54903987,33.7278364,14.3888889,1.61821365,0.118295172,1.98033907,70.3888889,0.16805944,0.932841218,22.6995964,55.7222222,2.05375624,-1.24385767,24.5184781,22.5,0.490553091,0.582747635,17.0538679,4.22222222,18.9646241
620,2235600,5.42425614,0,0,0,,-0.00261849837,0.0419405531,0,,0.983799608,18.3382122,48.2222222,2.20719777,0.412456057,6.60631884,87.1388889,0.473331783,1.60447631,25.6989367,66.3611111,2.41779603,2.02106029,32.3713725,100,2.02106029,0.405082375,16.9432192,3.52777778,20.7341292
621,2239200,5.32370911,-0.00751120336,0.120286072,0,,-0.0039523198,0.0632933235,0,,0.937452888,17.6596602,42.5833333,2.39553992,0.550143719,8.8101232,92.3888889,0.59546524,1.47627919,23.6414614,61,2.42012981,2.18360905,35.3482987,99.3888889,2.20895709,0.187687791,14.3568771,1.77777778,30.4930061
622,2242800,0.250691349,0,0,0,,-0.00139599168,0.0230420385,0,,-1.05127704,29.4241772,17.5833333,2.0797356,0.205692804,3.39513593,76.5277778,0.268781886,1.36506291,25.3132348,64.6111111,2.24315444,-0.537710996,27.5895558,35.6666667,1.58942525,0.270319665,14.2548542,3.5,16.1991955
623,2246400,3.05974013,0,0,0,,-0.00125334055,0.0210706937,0,,0.0489794697,21.9537696,29.2777778,2.31378167,0.347223974,5.83739989,81.8611111,0.424162303,1.47480814,26.5964049,65.0277778,2.35040524,0.99823341,30.9409602,74.6944444,1.90019721,0.191748479,14.6503947,2.86111111,18.5800662
624,2250000,4.77810306,-0.0272512475,0.438911564,0,,-0.00687483915,0.110726909,0,,0.848236373,16.1176433,38.8055556,2.38232965,0.620723664,9.99744304,93.9444444,0.660734828,1.40717896,22.6641777,57.9166667,2.42966151,2.14400982,35.862803,98,2.22993276,-0.207919662,14.8082945,1.41666667,25.111811
625,2253600,-0.591451446,0,0,0,,-0.00111821391,0.0178018339,0,,-1.26132627,30.2298793,18.8055556,1.69510951,0.151867779,2.41771718,74.8333333,0.202941352,1.19142632,22.8746266,63.3333333,2.07496211,-1.20182619,28.2285879,22,1.29849867,0.529525128,16.2313872,4.55555556,17.002231
626,2257200,5.42332738,0,0,0,,-0.00243835165,0.0388421857,0,,0.997875041,18.466056,46.6666667,2.31117601,0.419272364,6.67887875,86.6388889,0.483930911,1.58576228,25.2607015,65.8055556,2.40976962,2.03851322,32.4728835,100,2.03851322,0.384342813,17.082638,3.61111111,20.1699709
627,2260800,-1.41004206,0,0,0,,-0.00139664111,0.0244093559,0,,-1.70045902,31.3665535,2.69444444,1.74906546,0.126823641,2.21652032,74.8055556,0.169537731,1.27644871,26.3195306,62.75,2.21703996,-1.28809128,25.0716447,16.3611111,0.447537776,0.176632528,15.0013415,2.36111111,21.9170338
628,2264400,4.41148121,-0.0129834876,0.226753507,0,,-0.00291509831,0.0509114949,0,,0.511848389,16.8452337,35.3611111,2.0875693,0.384403588,6.71351676,84.5277778,0.454765994,1.70231038,29.7304438,70.25,2.42321762,1.6950293,30.3292071,98.8611111,1.73557819,0.133788136,16.1039337,2.80555556,18.8174794
629,2268000,5.0095038,0,0,0,,-0.0029070827,0.0474969054,0,,0.850614909,17.5396531,39.9444444,2.40852287,0.497844082,8.13394583,89.9722222,0.553330872,1.6341223,26.6988457,67.3888889,2.42491356,2.1033728,34.3656197,100,2.1033728,-0.0735432093,13.2144388,2.05555556,17.884609
630,2271600,4.95860339,-0.0216810188,0.345525161,0,,-0.00572500312,0.0912379922,0,,0.613913453,14.057014,28.3055556,2.6425258,0.561369108,8.94640391,92.1944444,0.608896893,1.60779851,25.6230966,66.1944444,2.42890249,2.08251555,34.2657563,98.3333333,2.1521816,0.120412791,16.670966,2.61111111,22.3369057
631,2275200,4.77832687,-0.0139694599,0.227443519,0,,-0.00479321027,0.0780405698,0,,0.600783492,14.8496336,28.8888889,2.61837708,0.486316439,7.91795266,89.0277778,0.546252474,1.6989682,27.6617212,70.1111111,2.423251,2.02602239,33.7077933,98.9444444,2.07001876,-0.0150009825,15.5574151,2.72222222,17.2749889
632,2278800,0.819636108,0,0,0,,-0.001189328,0.0202050714,0,,-0.821456941,28.2827202,19.3611111,2.17793402,0.249385873,4.23672813,78.7222222,0.316792217,1.42762408,25.7800592,64.6944444,2.2761705,-0.199649262,27.8240543,45.4444444,1.58232075,0.164921688,13.8562331,3.16666667,15.4821947
633,2282400,5.12345253,0,0,0,,-0.0034582847,0.0560758193,0,,0.868134354,17.9392728,39.2777778,2.51347946,0.540406221,8.76264516,92.7777778,0.582473772,1.50840544,24.4586777,62.3888889,2.41774691,2.21733584,35.9539294,100,2.21733584,-0.00737102529,12.8293991,1.69444444,23.1296565
634,2286000,4.55422914,0,0,0,,-0.00196260823,0.0326894114,0,,0.547957303,18.9388148,35.7222222,2.3584852,0.454475937,7.56979953,89.3888889,0.508425535,1.67058031,28.1324305,69.4166667,2.41987731,1.77325857,32.3326841,93.1388889,1.99403795,0.109919627,12.9935816,2.94444444,15.1136969
635,2289600,1.14652114,0,0,0,,-0.00103872618,0.017804802,0,,-0.767143909,27.5988606,19.1111111,2.20543005,0.25836975,4.42871499,78.0833333,0.330889754,1.40942729,25.9084119,64.3333333,2.27014147,-0.0397873042,28.6336969,46.8888889,1.73889062,0.286694046,13.4125109,3.38888889,15.7747196
636,2293200,5.70882926,0,0,0,,-0.00188912148,0.029387933,0,,0.920324564,17.1593472,41.5,2.43778968,0.469245745,7.2997754,91.25,0.514241912,1.65999456,25.8235426,68.6944444,2.41649026,2.19371557,34.126321,100,2.19371557,0.46743794,15.5616259,3.80555556,19.2846186
637,2296800,5.436264,-0.00598516755,0.0933059752,0,,-0.00423570715,0.0660327022,0,,0.873966221,16.1420117,38.8888889,2.45494955,0.594662346,9.27050908,94.0277778,0.632432628,1.48871565,23.2083837,61.2777778,2.42945436,2.21364412,34.8278945,99.4166667,2.23689869,0.275496539,16.3918624,2.58333333,25.6831422
638,2300400,4.97858064,0,0,0,,-0.00112829978,0.018617532,0,,0.967728839,25.0217738,57.4166667,2.16326759,0.316151263,5.21665991,81.9166667,0.385942538,1.70620072,28.1531974,70.25,2.42875547,1.54680204,26.1754813,96.1388889,1.62948885,0.442826081,15.4142701,5.02777778,13.6938718
639,2304000,4.85184861,0,0,0,,-0.00180455095,0.0298601241,0,,0.691273862,18.8464037,39.7222222,2.30378282,0.458673891,7.58973267,89.5833333,0.512008065,1.7063224,28.2347243,70.3333333,2.4260508,1.92819934,32.514166,96.6111111,2.01485275,0.0691836697,12.7851132,3,14.0305407
640,2307600,1.83827811,0,0,0,,-0.000588132269,0.00972160459,0,,-0.613955894,26.3951854,22.25,2.20873138,0.269965597,4.4624295,80.0555556,0.337222814,1.51518186,26.2354266,67,2.3151927,0.170648874,28.0886641,53.0833333,1.76132625,0.497025814,14.8085728,4.77777778,14.5769304
641,2311200,4.85721223,-0.0210396292,0.33246931,0,,-0.00724819235,0.114536311,0,,0.923408896,16.8864959,40.6111111,2.45257472,0.610496577,9.64709854,91.9444444,0.663984193,1.39914001,22.109283,57.5555556,2.43093824,2.1072025,34.3228979,98.4166667,2.17405034,-0.154747936,16.5872191,1.83333333,24.4074475
642,2314800,5.06084154,-0.00673636386,0.107840734,0,,-0.00546493129,0.0874866933,0,,0.83989993,16.0197962,37.1944444,2.47428112,0.54285533,8.69043275,91.6944444,0.592026413,1.60530729,25.6989556,66.2222222,2.42412174,2.07591509,33.5522468,99.5277778,2.09578925,0.00906519839,15.8432412,2.55555556,19.5403077
643,2318400,5.58673733,0,0,0,,-0.00238612877,0.0369830979,0,,1.04515013,18.1552526,46.2777778,2.39479614,0.464302487,7.19631921,89.6944444,0.517649103,1.61547168,25.038526,67.0277778,2.41015253,2.16045597,33.4853489,100,2.16045597,0.303743198,16.0875701,3.13888889,21.3722795
644,2322000,5.26473066,0,0,0,,-0.00203557002,0.0329284776,0,,0.850389754,18.3910018,42.2777778,2.35026928,0.466005102,7.53834967,90.1388889,0.516985629,1.70175808,27.5285559,70.1944444,2.42434868,2.00502859,32.4344231,100,2.00502859,0.243584694,14.074741,3.47222222,16.0366452
645,2325600,4.42531415,-0.000571002576,0.00959499822,0,,-0.00178232965,0.0299498646,0,,0.637558625,20.1470754,40,2.29564996,0.437160714,7.34594982,88.75,0.492575452,1.61684597,27.8217682,68.6111111,2.38484089,1.62656181,32.0471966,90,1.96316923,0.109540352,12.5984651,3.11111111,13.8098662
646,2329200,2.6268758,0,0,0,,-0.00132104288,0.0229099723,0,,-0.225086421,24.6165072,25.3333333,2.35728804,0.3300398,5.7236618,83.1944444,0.396708941,1.53596713,27.6350066,66.1388889,2.36582944,0.800299445,29.6613048,67.6666667,1.85515273,0.186976887,12.3406096,4.52777778,9.92280877
647,2332800,5.68541428,0,0,0,,-0.00238216751,0.0368114369,0,,1.0018072,17.9304616,44.0833333,2.45232794,0.496617713,7.67419233,92.5,0.536884014,1.63959849,25.3365795,68,2.41117425,2.19436971,33.9094132,100,2.19436971,0.355403327,15.1125419,3.25,20.5134882
648,2336400,6.18337261,0,0,0,,-0.00235346289,0.0347777357,0,,0.988971408,17.0127697,42.7222222,2.50484596,0.444040192,6.56169785,89.6944444,0.495058746,1.65445839,24.4483637,68.5555556,2.41331046,2.15547686,31.8520444,100,2.15547686,0.942779211,20.0903467,4.69444444,24.5217929
649,2340000,5.03239984,-0.00533781316,0.0848675029,0,,-0.00655232962,0.104177467,0,,0.923731658,16.9015868,39.1666667,2.53630367,0.632839732,10.06171,94.5833333,0.669081655,1.44244472,22.9338641,59.3333333,2.43108661,2.22278272,35.6354993,99.5,2.2432701,-0.177508845,14.2782949,1.44444444,24.94165
650,2343600,5.69363037,0,0,0,,-0.00343985259,0.0528541599,0,,0.955703678,17.269905,41.1111111,2.5293199,0.557429918,8.56504437,93.6388889,0.595297451,1.51444903,23.2698725,62.6944444,2.41560324,2.23407806,34.3271452,100,2.23407806,0.43540953,16.5151787,3,25.1708302
651,2347200,4.29690545,0,0,0,,-0.00150009591,0.025065229,0,,0.405970836,20.193902,34.1111111,2.36657361,0.417106298,6.96946427,86.9444444,0.479738873,1.62721158,27.6390938,68.4444444,2.39708816,1.613372,32.2355926,89.9444444,1.9693254,0.234744833,12.9368821,4.63888889,10.8753119
652,2350800,1.5622175,0,0,0,,-0.000492259704,0.00858014406,0,,-0.645901118,28.2146917,21.4166667,2.27120105,0.28049364,4.88903687,79.3611111,0.353439659,1.5081826,27.515953,66.8888889,2.30742869,0.255134628,30.2504026,55.6388889,1.78891027,0.164800012,9.1213357,5.47222222,6.28728983
653,2354400,5.01658339,-0.0154591848,0.249702011,0,,-0.00436823704,0.0705572504,0,,0.679259328,15.4434273,31.75,2.57538607,0.469482231,7.58323668,88.8333333,0.528497821,1.74354985,28.1624102,71.8333333,2.42721557,2.01242744,33.2852524,98.8888889,2.05945037,0.131691969,15.2054142,3.5,15.3295326
654,2358000,5.362786,-0.00754453606,0.12057021,0,,-0.0040267351,0.0643517762,0,,0.856668475,16.7647206,37.1111111,2.56756086,0.591382605,9.45096214,93.4166667,0.633058988,1.45758352,23.2938314,60.0833333,2.42593651,2.22167059,35.8945525,99.3611111,2.24822823,0.247052078,14.4110114,2.5,22.9760762
655,2361600,5.30994199,-0.00616234501,0.0970854902,0,,-0.00526181664,0.0828979954,0,,0.78300858,15.714332,33.9166667,2.62474272,0.637867374,10.049367,94.7222222,0.673408372,1.44597268,22.7807703,59.4444444,2.4324774,2.23950789,35.619943,99.4722222,2.26215232,0.215009634,15.6556042,3.05555556,19.7791179
656,2365200,5.51926299,0,0,0,,-0.00295360614,0.0469205288,0,,0.875899661,16.9559988,39.9722222,2.43076918,0.529347773,8.40913659,92.7777778,0.570554486,1.60089372,25.4315493,66.1388889,2.4205029,2.23812968,35.5545808,100,2.23812968,0.277945755,13.6018139,3.16666667,17.907916
657,2368800,3.28748059,0,0,0,,-0.000940666145,0.0160280214,0,,-0.122086129,22.7797504,25.1111111,2.41891173,0.364810897,6.21601715,84.6666667,0.430879013,1.56592075,27.6760919,66.9166667,2.38371015,1.11353041,30.6464984,75.8888889,1.91868546,0.366245327,12.6656141,5,11.0957565
658,2372400,4.74777444,-0.0244033192,0.400000657,0,,-0.00703459342,0.115305708,0,,0.68751446,15.5217637,30.9444444,2.64097371,0.621869135,10.1932061,92.7777778,0.670278109,1.39776945,22.9111743,57.5555556,2.42855696,2.08201666,35.3151287,98.1944444,2.15721421,-0.00995735433,15.5434208,2.25,20.8515274
659,2376000,5.54311378,0,0,0,,-0.00319033752,0.0503193828,0,,0.80933821,16.6516253,37.6666667,2.4757707,0.581429313,9.17055452,93.8611111,0.619457096,1.5092648,23.804777,62.4722222,2.41589741,2.24438554,35.3994191,100,2.24438554,0.401886254,14.9233048,2.75,24.5100012
660,2379600,4.88712784,-0.027405262,0.440747755,0,,-0.00662494328,0.106546286,0,,0.709349331,15.3073706,31.3055556,2.65311788,0.626119398,10.0696253,93.25,0.671441713,1.42811393,22.9677792,58.7222222,2.43198209,2.07465547,34.713733,98.0277778,2.15914374,0.0829199213,16.3941979,2.63888889,20.88559
661,2383200,4.96046844,-0.0268643345,0.436225803,0,,-0.00486621987,0.0790181745,0,,0.746509853,15.9556754,35.3333333,2.44686371,0.469018777,7.61597474,89.0833333,0.526494418,1.68716241,27.3963154,69.8611111,2.41502374,2.01453554,33.9785402,98.1111111,2.09306301,0.0749724046,14.5382503,2.80555556,17.2922881
662,2386800,4.95971102,-0.022480678,0.366931354,0,,-0.0040890066,0.06674108,0,,0.615219314,15.1044529,32.5833333,2.36412199,0.459461314,7.49936288,89.1666667,0.515283717,1.74059238,28.4100826,71.9166667,2.42029068,1.92912524,32.519922,98.5277778,1.99005502,0.241882462,16.0325073,3.72222222,16.4436916
663,2390400,5.19402203,0,0,0,,-0.00245203694,0.0405894653,0,,0.851629634,17.1427069,40.0555556,2.35576823,0.52680623,8.72041642,92.5833333,0.569007629,1.56820799,25.9591211,64.9166667,2.41572477,2.19066972,36.262958,100,2.19066972,0.0591604845,11.874208,2.52777778,15.3591308
664,2394000,4.9940239,-0.0101615029,0.168892728,0,,-0.00370470279,0.0615752772,0,,0.751940309,16.6736183,35.4444444,2.47586848,0.602793608,10.0189369,93.8333333,0.642408818,1.46638544,24.3725598,60.4444444,2.42600533,2.17838043,36.6910873,99.3055556,2.20829303,0.00839031301,12.0133297,1.52777778,23.9294427
665,2397600,-0.507280423,0,0,0,,-0.000653247197,0.0109294142,0,,-1.35525814,32.5101669,15.6666667,1.87615843,0.169843927,2.84164193,75.3888889,0.225290398,1.2401619,24.3778005,62.3611111,2.16257722,-0.923457475,28.7262365,27.3055556,1.45300004,0.362082615,11.5332247,5.72222222,9.18715941
666,2401200,5.55776526,-0.00623671271,0.0991186715,0,,-0.00208658772,0.033161669,0,,0.787592203,16.282895,39.25,2.30845759,0.434604253,6.90706759,87.6111111,0.496060657,1.70567003,27.1078298,70.4722222,2.42034375,2.03125621,32.5725718,99.25,2.05580702,0.606965873,16.9973554,5.16666667,16.2238832
667,2404800,5.32747226,-0.0176521791,0.27867453,0,,-0.00386283445,0.060982475,0,,0.663520976,14.5029248,31.4166667,2.5180661,0.52346128,8.2638707,92.2222222,0.567608617,1.71207336,27.0284612,70.5555556,2.42656067,2.0469299,33.1483436,98.7777778,2.0989828,0.403001758,16.7167426,3.75,19.4919506
668,2408400,4.54512866,-0.0200055074,0.337022115,0,,-0.00373475917,0.062917496,0,,0.487641628,16.0267527,29.8611111,2.4094611,0.451519059,7.60650079,87.0833333,0.518490785,1.71664897,28.9194697,70.8888889,2.42160513,1.89254943,32.8248153,98.6944444,1.94591412,0.0205098439,14.2225218,3,14.4125575
669,2412000,-0.433512638,0,0,0,,-0.000832594947,0.0137672704,0,,-1.34189526,32.3433282,16.4722222,1.864086,0.172627581,2.85446195,75.7222222,0.227974795,1.25594856,24.2736535,62.7222222,2.17142475,-0.941135868,27.6318146,26.1388889,1.39626591,0.421774942,12.8829745,5.33333333,11.2583518
670,2415600,5.14375973,-0.0110519203,0.181069852,0,,-0.00399894771,0.0655170187,0,,0.888455998,17.4043468,41.2222222,2.36615245,0.591073284,9.68388741,93.8333333,0.629918242,1.44931036,23.74487,59.8888889,2.41999874,2.1848082,36.2698946,99.25,2.21592227,0.0451627551,12.6504143,2.11111111,19.357183
671,2419200,-0.995455331,0,0,0,,-0.00124275342,0.021358739,0,,-1.77310993,31.9410276,2.25,1.89714618,0.128753599,2.21284003,74.5555556,0.172694843,1.34431277,26.7090879,63.75,2.27323533,-1.18402861,22.8832726,17.3333333,0.425277286,0.4898596,16.2324131,3.75,19.1245187
672,2422800,3.22288107,0,0,0,,-0.000904131652,0.0152518141,0,,-0.167312167,22.6567188,27.1666667,2.16402006,0.352584065,5.94774731,84.6111111,0.416711304,1.57318948,27.528856,67.1111111,2.38791121,1.01866974,29.6985185,73.25,1.89706889,0.44665409,14.1529076,4.86111111,13.223749
673,2426400,-0.947432108,0,0,0,,-0.000770991685,0.0127746164,0,,-1.48307564,33.370318,17.6944444,1.50029266,0.121740637,2.01712933,73.25,0.166198822,1.19730024,23.5600488,61.8611111,2.11702435,-1.32477005,26.5278129,16.3333333,0.845736628,0.542143691,14.5119164,4.27777778,16.5738782
674,2430000,2.70278948,0,0,0,,-0.00101275646,0.0172155101,0,,-0.282242019,23.7696386,26.25,2.12586979,0.340044653,5.78030592,83.8333333,0.405619865,1.49916315,26.7155273,65.0277778,2.36113555,0.773873806,30.1061961,67.25,1.89216755,0.372962645,13.6111166,4.22222222,13.8988342
675,2433600,5.76861917,0,0,0,,-0.0023223374,0.0366078032,0,,0.925245869,16.1682906,46.0833333,2.11674684,0.500231533,7.88532173,91.4166667,0.547199489,1.56830064,24.7216625,64.9444444,2.41483418,2.2167396,34.9432289,100,2.2167396,0.560423863,16.2448884,3.44444444,23.0947582
676,2437200,-0.0936101396,0,0,0,,-0.00115358555,0.021443607,0,,-1.65923354,31.8636442,1.47222222,1.86489811,0.167383265,3.11143023,74.4444444,0.224843192,1.34627613,29.3638644,62.6944444,2.33349368,-0.414390516,18.4557616,51.0833333,0.566192663,0.467508113,17.183856,3.47222222,20.0438648
677,2440800,5.07858441,-0.0318962581,0.517042233,0,,-0.00550451322,0.0892288305,0,,0.903498722,16.3149251,41.5277778,2.29962222,0.593517081,9.62098426,93.2222222,0.636669097,1.54220436,24.9993208,63.3888889,2.43292537,2.06709629,34.9193974,97.9722222,2.15431916,0.00966872255,13.5391014,2.25,18.7754193
678,2444400,-0.539710238,0,0,0,,-0.00112656044,0.01851296,0,,-1.33486902,32.0299137,17.8333333,1.72214646,0.161739235,2.65788846,73.8888889,0.218895206,1.24703986,24.1381893,63.5277778,2.13757652,-1.03984463,28.0381739,23.4444444,1.4211238,0.427350886,13.1173217,4.52777778,13.5339359
679,2448000,5.81554947,-0.0346278242,0.523830848,0,,-0.00383165172,0.0579631385,0,,0.82841087,14.9539874,37.1666667,2.44431902,0.526289512,7.96142085,92.1111111,0.571363765,1.73402194,26.2313386,71.4444444,2.42709136,2.07936685,32.8189961,98,2.16778863,0.685919778,17.4524632,4.86111111,18.921748
680,2451600,5.68046655,0,0,0,,-0.00211456868,0.0335552438,0,,0.925771209,16.3400084,47.0555556,2.07783991,0.527139909,8.36497218,91.1944444,0.578039498,1.55036272,24.6020853,64.1388889,2.4171961,2.21737711,35.1866696,100,2.21737711,0.461930162,15.4727092,3.16666667,22.6891914
681,2455200,5.49507791,-0.0191368282,0.309025066,0,,-0.00334343196,0.053990362,0,,0.966252752,17.3096305,44.3055556,2.30013692,0.58647705,9.47054062,94.0555556,0.623543231,1.47610421,23.8364056,61,2.41984296,2.18877545,36.1889679,98.3888889,2.25118413,0.299948713,12.8314399,3.27777778,16.6965918
682,2458800,1.63916288,0,0,0,,-0.000537599139,0.00908093513,0,,-0.612158412,27.092439,24.1944444,2.04951428,0.273851848,4.62580888,79.8055556,0.343148853,1.49294441,26.4461807,66.5555556,2.29776533,0.189870646,30.19887,53.9722222,1.83211802,0.295191986,11.6276205,6.05555556,8.12111351
683,2462400,5.49082335,-0.018387223,0.293043286,0,,-0.00371151922,0.0591517157,0,,1.02425882,17.8114124,46.5555556,2.30031558,0.582230891,9.27920726,93.7222222,0.621230352,1.46584373,23.3616388,60.6388889,2.41733276,2.19063771,35.7292751,98.6944444,2.24556619,0.249950937,13.4662714,2.94444444,18.5926813
684,2466000,5.46639199,0,0,0,,-0.0024049489,0.0386720797,0,,0.886622777,16.4300951,43.1388889,2.21190399,0.526073353,8.45936922,92.3888889,0.569411928,1.57508695,25.3277266,65.1666667,2.41701322,2.22908737,35.8441897,100,2.22908737,0.251926499,13.8999473,4.05555556,13.7630944
685,2469600,5.52502479,-0.00013582095,0.00215679525,0,,-0.00319643761,0.0507584541,0,,0.937149343,17.4557978,42.6388889,2.38796333,0.573193048,9.10213072,94.25,0.608162385,1.50613433,23.9169536,62.3888889,2.41410667,2.25159135,35.7545837,100,2.25159135,0.260288981,13.7176189,2.91666667,19.270894
686,2473200,5.26939956,0,0,0,,-0.00154995262,0.0252568216,0,,0.684055679,17.2451365,39.2222222,2.22112573,0.480270126,7.8261082,91.3888889,0.525523542,1.69625359,27.6408285,70.1388889,2.41842097,2.0877286,34.0200006,100,2.0877286,0.322641514,13.2426695,5.38888889,10.5338362
687,2476800,5.51914348,-0.000296793258,0.00474377379,0,,-0.00299742008,0.0479090492,0,,0.959183389,17.3749372,43.4166667,2.35651769,0.559813496,8.94773893,94.5833333,0.5918733,1.5560858,24.871586,64.4444444,2.4146159,2.23348565,35.698758,100,2.23348565,0.213869356,13.0543271,2.77777778,18.5509929
688,2480400,-1.48551068,0,0,0,,-0.00108349168,0.0180712962,0,,-1.57081781,34.4775906,15.3888889,1.61265015,0.101410927,1.69140836,70.75,0.143336999,1.08653485,22.3714201,59.5,2.04020749,-1.45212653,27.566899,13.6388889,0.735720752,0.350571368,13.8746107,3.13888889,18.8353987
689,2484000,5.13759174,-0.0336043818,0.527162221,0,,-0.00512781534,0.0804416085,0,,0.754365801,15.4662447,34.1111111,2.55089033,0.466939428,7.32502172,89.3888889,0.522368534,1.68968427,26.5065942,70.0833333,2.41096447,2.05291135,33.677222,97.8055556,2.14696039,0.212423092,16.4173136,2.77777778,22.6612442
690,2487600,4.93491018,-0.0416744718,0.664448474,0,,-0.00535364144,0.0853572639,0,,0.645120676,13.9954179,28.25,2.69543157,0.584991557,9.32697479,93.0277778,0.628835356,1.61378106,25.729765,66.3888889,2.43079993,2.08032862,34.9380129,97.5277778,2.1899682,0.0577163796,15.2600237,2.63888889,19.228379
691,2491200,5.14900093,-0.0405574898,0.630229426,0,,-0.00536593874,0.0833821943,0,,0.741685247,14.5299672,31.3888889,2.67091322,0.589861162,9.16594847,93.5,0.630867553,1.60630453,24.9606273,66.1388889,2.42868388,2.06104744,33.8594794,97.1666667,2.18183081,0.196025978,16.770366,2.88888889,22.0717778
692,2494800,4.94395529,-0.0248815605,0.398876542,0,,-0.0056733879,0.0909501373,0,,0.839718784,16.2841301,36.1666667,2.56521871,0.613662962,9.83763699,92.3611111,0.664417042,1.48776609,23.8503929,61.0555556,2.43674155,2.04698351,33.9198243,98.3055556,2.11731253,-0.0136211076,15.6181891,2.13888889,22.4562273
693,2498400,4.79718901,-0.0250662895,0.412572595,0,,-0.00479068972,0.0788512112,0,,0.68921232,15.4603106,30.75,2.64800006,0.500797511,8.2427568,89.9722222,0.556613473,1.67754242,27.611108,69.25,2.42244392,2.05976132,34.9442858,98.5277778,2.12266982,-0.100267577,13.250115,2.83333333,12.4368942
694,2502000,-1.44092945,0,0,0,,-0.00148580898,0.0252325485,0,,-1.70225988,31.0236822,3.63888889,1.71148104,0.108614508,1.84453109,73.5,0.147774841,1.19088987,24.6232518,61.1944444,2.15772908,-1.42413697,26.1839915,14.5833333,0.403533822,0.387448831,16.2993109,3.83333333,17.572533
695,2505600,2.63660124,0,0,0,,-0.000712192256,0.0115840996,0,,-0.453055559,23.4749108,21.7777778,2.27338539,0.328362912,5.34095763,84.2777778,0.389619804,1.55580741,26.2079835,67.5,2.34598396,0.614783226,29.2465541,62.9722222,1.9158177,0.591415438,15.7180099,4.47222222,17.4159632
696,2509200,2.87797093,0,0,0,,-0.00127064246,0.0211105647,0,,-0.265909116,21.760396,21.9166667,2.38139913,0.351208536,5.83500926,84.6111111,0.415085597,1.51477336,26.2881123,65.9722222,2.34723927,0.87247378,30.3176136,69.5277778,1.9397193,0.406695018,15.7777582,4.05555556,16.722203
697,2512800,4.6875544,-0.0272724369,0.447633294,0,,-0.00454746262,0.0746393027,0,,0.579149276,14.8035855,27.25,2.71756007,0.517363336,8.49168908,91,0.568531139,1.67085642,27.4244274,69.1111111,2.41763791,2.08518948,35.3620677,98.5,2.1521083,-0.133184217,13.3959577,2.77777778,12.293565
698,2516400,5.01496997,-0.0378127572,0.595847449,0,,-0.005242026,0.0826030169,0,,0.713057039,15.6621501,31.6944444,2.69287635,0.470983515,7.42168376,89.75,0.524772719,1.68444025,26.5431432,69.8055556,2.41304612,2.03410062,33.7013347,97.6666667,2.1362473,0.155443323,15.9932378,3.19444444,18.3190172
699,2520000,5.25909044,0,0,0,,-0.00265447529,0.0426864259,0,,0.903929072,17.3880619,40.1111111,2.47464325,0.53841764,8.65825527,92.0555556,0.584883375,1.54980557,24.9223117,64.1388889,2.41632743,2.23279127,35.9053556,100,2.23279127,0.0368013686,13.0833291,2.94444444,14.4406578
700,2523600,4.86940077,-0.0219017089,0.35739207,0,,-0.00454391176,0.0741475488,0,,0.74365447,15.7116298,32.6388889,2.61420498,0.515731964,8.41571382,91,0.566738422,1.67270816,27.2952505,69.1111111,2.42031727,2.08225678,34.9367166,98.6111111,2.14136591,-0.118504984,13.2091497,3.02777778,11.4106529
701,2527200,5.11958101,-0.0331577529,0.518060968,0,,-0.00520265607,0.0812869631,0,,0.826843538,16.0519317,35.8333333,2.58729002,0.465650287,7.27537958,89.2777778,0.521574684,1.68106065,26.2651064,69.5555556,2.41686037,2.0346572,33.2566392,97.7777778,2.12890957,0.149729742,16.5515951,3.36111111,17.9864772
702,2530800,4.97039826,-0.0226795763,0.363824892,0,,-0.00446080938,0.0715601329,0,,0.783286635,15.6993997,32.9722222,2.67184375,0.520661213,8.3524272,91.6388889,0.568166222,1.69203406,27.1435455,69.8888889,2.42103443,2.11880408,34.9392184,98.6388889,2.17804219,-0.117247349,13.4300241,2.72222222,13.2232696
703,2534400,5.56775072,0,0,0,,-0.00246356812,0.0387283325,0,,0.964571481,17.1425523,43.1666667,2.38034976,0.529659311,8.32646833,92.1666667,0.574675564,1.580293,24.8428742,65.3055556,2.41984467,2.22378489,34.9588388,100,2.22378489,0.271905597,14.6905381,2.5,24.1278613
704,2538000,5.09706747,0,0,0,,-0.00104405175,0.0175769456,0,,0.921618288,22.906438,52.6944444,2.16553776,0.325136329,5.47377422,82.8888889,0.392255625,1.69673954,28.5651535,70.1944444,2.41719919,1.71520121,28.8759618,100,1.71520121,0.439416149,14.1610955,4.77777778,13.4013146
705,2541600,5.32736376,-0.0226747869,0.35814518,0,,-0.00368918423,0.0582701638,0,,0.963994394,17.4118966,41.5,2.48960421,0.589253588,9.3071804,93.5833333,0.62965655,1.47623362,23.3169095,61,2.42005511,2.18533063,35.5851961,98.3333333,2.25675791,0.138915501,13.962402,2.11111111,24.2265593
706,2545200,5.42172177,0,0,0,,-0.00228853291,0.0365650746,0,,0.997918533,17.624818,43.7777778,2.39964178,0.540852543,8.64148097,92.8611111,0.582431694,1.55719352,24.8800867,64.4722222,2.4152937,2.26511853,36.1909709,100,2.26511853,0.06292719,12.6260784,2.55555556,16.6924076
707,2548800,5.57325953,-4.12026497e-05,0.000644391136,0,,-0.00305166893,0.0477267463,0,,0.979524129,17.643583,43.4166667,2.42725049,0.584698421,9.14442354,94.8055556,0.616734344,1.50723776,23.572529,62.3888889,2.41587531,2.24112226,35.0501565,100,2.24112226,0.263769823,14.5409368,2.72222222,21.9218629
708,2552400,3.73379462,0,0,0,,-0.00142658634,0.0271017365,0,,-0.0880032364,17.8236834,22.3611111,1.90107544,0.306262193,5.81825091,80.3611111,0.381107464,1.69312484,32.1653321,70.0833333,2.41587373,1.38799721,26.4030825,98.6111111,1.40846586,0.435840208,17.7625494,3.97222222,17.2551858
709,2556000,4.59540414,0,0,0,,-0.00115291432,0.0196490648,0,,0.431806657,19.721212,34.0277778,2.33478989,0.448402298,7.64209941,89.1944444,0.50272447,1.67002312,28.4621261,69.0277778,2.41934939,1.75930018,31.576418,90.2777778,2.0005229,0.287024798,12.5784955,4.27777778,11.9813552
710,2559600,5.26094947,-0.0174149479,0.28358861,0,,-0.0022967304,0.0374004325,0,,0.723860029,15.9840348,32.5,2.62373341,0.425311821,6.92586559,87.5833333,0.485608169,1.70611009,27.7826493,70.8055556,2.40957094,2.12209587,35.3863447,98.8333333,2.17292214,0.30328333,13.6001166,3.97222222,14.3302094
711,2563200,4.78326635,-0.0544498318,0.873730922,0,,-0.00636364611,0.102114445,0,,0.86055496,16.1094247,36.3611111,2.56383036,0.675572652,10.8405976,95.4444444,0.707817679,1.41238722,22.6639155,58.0555556,2.43282009,2.07152686,35.5246859,96.4166667,2.22232398,-0.175961862,13.8855309,1.66666667,20.6810182
712,2566800,4.98865498,-0.0493786014,0.778565004,0,,-0.00674208035,0.106304101,0,,0.833623851,15.7391258,35.8611111,2.55407566,0.64194504,10.1217112,93.4722222,0.686776269,1.42685712,22.4976202,58.5833333,2.43560248,2.01364315,33.8951733,96.9166667,2.14790843,0.128706495,16.8615004,2.91666667,20.5389661
713,2570400,5.6132628,-0.000833464269,0.0131911609,0,,-0.00249614122,0.0395061933,0,,0.951388096,17.3797525,42.9722222,2.38468284,0.525290838,8.31372888,92,0.570968303,1.62990817,25.7964039,67.3333333,2.4206557,2.15434434,34.0966061,100,2.15434434,0.355660953,14.3608112,3.13888889,20.1190281
714,2574000,5.05804008,-0.0476115059,0.765219058,0,,-0.00424488673,0.0682244379,0,,0.762985867,16.0716818,33.5555556,2.62692269,0.448241944,7.20420982,88.5555556,0.506170326,1.69454022,27.2348973,70.25,2.4121569,2.03698889,34.6518911,97.3611111,2.15332914,0.167139554,14.0038765,2.80555556,18.507083
715,2577600,0.821592675,0,0,0,,-0.000781237845,0.014213387,0,,-1.38270698,34.8823388,13.3611111,2.00057611,0.21275829,3.87080059,77.1388889,0.275811972,1.55672948,29.6766594,67.7222222,2.35366246,0.0168347781,18.1436523,41.75,1.21449029,0.41875834,13.4123355,6.13888889,9.41511134
716,2581200,5.62752584,-0.00028352112,0.0045167217,0,,-0.00149404154,0.0238012951,0,,0.846051111,17.1194936,39.6111111,2.42440353,0.494300332,7.87460572,92,0.53728297,1.70172116,27.1098,70.5,2.41378888,2.12056081,33.7822558,100,2.12056081,0.466669995,14.0855269,5.19444444,13.0027263
717,2584800,5.10486891,0,0,0,,-0.00131122381,0.0216007614,0,,0.644334947,18.4518656,36.9722222,2.38613245,0.46478643,7.65677129,90.8888889,0.511378713,1.71054797,28.1791243,70.6388889,2.42153861,1.90848129,32.1573608,94.6944444,2.03840829,0.378029497,13.5332773,5.36111111,11.1873778
718,2588400,4.95385533,-0.031988819,0.517298578,0,,-0.0043404794,0.0701908947,0,,0.649321494,14.2626441,28.3611111,2.6996437,0.557389168,9.01366894,92.3055556,0.603852243,1.6322144,26.394916,67.4444444,2.42008725,2.16425955,36.1985788,98.1388889,2.24310412,-0.0129999836,13.5427027,2.83333333,14.549233
719,2592000,5.91299325,0,0,0,,-0.00234814585,0.035689309,0,,0.952178978,16.7287289,41.3888889,2.47992957,0.500900709,7.61315579,92.0833333,0.543964571,1.63482308,24.8475648,67.9166667,2.40710147,2.26653215,34.4488679,100,2.26653215,0.560906475,16.3259933,3.86111111,21.1734448
720,2595600,5.18226607,-0.0195083035,0.310259759,0,,-0.00485114792,0.077152582,0,,0.92485303,16.9217382,38.6388889,2.57363334,0.641932277,10.2092811,95.4722222,0.672375966,1.43192924,22.7733806,59.0833333,2.42357558,2.19961215,35.82831,98.4166667,2.26201545,0.00829882932,13.8798778,2.36111111,18.6570721
721,2599200,5.4049854,-0.000109758006,0.00176662556,0,,-0.00234283867,0.0377094922,0,,0.969364267,17.8155496,41.6666667,2.49146371,0.527806938,8.49539146,92.5,0.570602095,1.62789781,26.2020602,67.4444444,2.41368704,2.23247699,35.9331501,100,2.23247699,0.0498919946,11.5143725,3.55555556,10.7615257
722,2602800,5.45883327,-0.000340942691,0.00548929613,0,,-0.00233449587,0.0375861969,0,,1.03801811,18.4504793,44.0833333,2.47711056,0.537858646,8.65971163,92.5277778,0.581294244,1.54786716,24.9212006,64.25,2.40913176,2.23139816,35.926288,100,2.23139816,0.106366646,11.999245,3.30555556,12.8820288
723,2606400,1.11828246,0,0,0,,-0.000979787406,0.0159272936,0,,-1.01620889,29.8220864,20.4444444,2.00136054,0.215824701,3.5084176,78.0833333,0.276403032,1.47067407,25.7313787,66.3888889,2.29976137,-0.190355927,24.4058869,42.1388889,1.55557348,0.639328287,16.5163031,5.66666667,14.6060237
724,2610000,5.66606661,-0.00600350979,0.0935213132,0,,-0.00207906989,0.0323872789,0,,1.00811507,17.2579599,43.0277778,2.45884535,0.540572497,8.42091569,93.1944444,0.580047985,1.53870187,23.9695485,63.8888889,2.40840292,2.24771987,35.2993473,99.25,2.27391796,0.33903988,14.92632,4.38888889,14.7784612
725,2613600,4.47503228,0,0,0,,-0.00172273709,0.0312232099,0,,0.395155276,17.2962344,35.0555556,1.92476348,0.344694302,6.24730412,81.6944444,0.421931141,1.70442358,30.8912924,70.5277778,2.4166699,1.68330008,30.5084462,100,1.68330008,0.34918178,15.0254997,4.72222222,12.4751862
726,2617200,5.30244986,-0.0382982287,0.591748663,0,,-0.00457500227,0.0706886863,0,,0.838180217,15.286931,35.0555556,2.60665814,0.535956414,8.28110078,92.3333333,0.58045821,1.66698899,25.7567658,68.9722222,2.41689906,2.09279675,33.8152728,97.7777778,2.18931944,0.21140073,16.1974923,3.33333333,18.8956412
727,2620800,5.2103131,0,0,0,,-0.000883123087,0.0147053791,0,,1.04947864,23.7749394,54.5277778,2.27156603,0.334487922,5.56974645,82.3055556,0.406397745,1.67444706,27.8821594,69.5,2.40927634,1.91841021,31.944527,100,1.91841021,0.234372398,10.8139224,5.66666667,7.79820258
728,2624400,4.02815592,0,0,0,,-0.00094319357,0.0159312913,0,,0.162248028,22.5606571,33.0277778,2.26767527,0.382026933,6.45273943,85.3333333,0.447687812,1.66410719,28.108097,68.8333333,2.41758914,1.46748208,30.3428666,82.9166667,1.96817862,0.353234884,12.5197085,5.33333333,10.2604656
729,2628000,5.44062069,-0.0276821967,0.434736116,0,,-0.00366360986,0.0575353011,0,,1.05774303,17.9003691,46.0277778,2.38721546,0.603417585,9.47639451,94.75,0.636852332,1.49391387,23.4612274,61.7777778,2.4182059,2.15388083,35.1784547,97.6944444,2.24879688,0.163011185,13.4912829,3.25,15.7243115
730,2631600,5.58766797,-0.0245793743,0.386051064,0,,-0.00380346144,0.0597383122,0,,1.03720185,17.5316491,45.1111111,2.38679488,0.609137486,9.56729702,94,0.648018602,1.43119891,22.4788416,59.1111111,2.42120116,2.17801653,35.3200469,98.1388889,2.25537425,0.360496037,14.656376,4.05555556,15.9490927
731,2635200,0.869555656,0,0,0,,-0.000757067097,0.0125712376,0,,-1.10584655,31.3598496,20,1.95677841,0.208972441,3.4700256,77.1111111,0.271001725,1.48220141,26.4290448,66.6388889,2.30632268,-0.223086125,24.7370355,40.4722222,1.564816,0.508071553,13.9914733,5,13.5066831
732,2638800,5.24312374,-0.036070555,0.572394967,0,,-0.00417162311,0.0661984844,0,,0.845915636,15.9663809,37.1388889,2.49343408,0.470839632,7.47164095,89.3611111,0.526895454,1.72980748,27.4498992,71.8888889,2.4062237,2.05029408,34.0066312,97.8611111,2.14246825,0.186509084,14.4668544,4.11111111,13.3560653
733,2642400,5.88599922,-0.0276760666,0.419997952,0,,-0.00282214925,0.0428275059,0,,1.00083809,17.0577477,41.8888889,2.53631773,0.429601289,6.51941129,88.0277778,0.488029233,1.70022715,25.801785,70.8055556,2.40126235,2.15039605,33.7332648,98.3333333,2.22369852,0.63543485,16.4249657,3.66666667,23.4241331
734,2646000,5.65936572,-0.00106374554,0.0170016577,0,,-0.00143802429,0.022983689,0,,0.941440471,17.3922001,45.7222222,2.21951279,0.484985702,7.75144109,92,0.527158372,1.7006442,27.1810968,70.6111111,2.40846542,2.15632318,34.4646274,99.9444444,2.15753726,0.37847394,13.1706493,5.44444444,11.043589
735,2649600,4.86800985,-0.0637790843,1.00845575,0,,-0.00686727441,0.108583283,0,,1.02564116,17.6513483,42.8888889,2.49713678,0.636810469,10.0690562,93.2777778,0.682703302,1.39689549,22.0872925,57.5555556,2.42703849,1.96696966,33.8167544,95.9444444,2.13961676,-0.0876605623,15.2585096,2.22222222,19.740449
736,2653200,5.58137155,-0.00132141183,0.0207735222,0,,-0.00239057612,0.0375815357,0,,1.1003403,18.4917973,47.4722222,2.39783459,0.516613933,8.12153389,91.25,0.566152255,1.53992805,24.2087505,64,2.40613757,2.25441491,35.440986,100,2.25441491,0.17378634,13.6785773,3.13888889,16.6282721
737,2656800,5.66004476,-0.00161775211,0.0252121141,0,,-0.00226641582,0.0353213165,0,,1.14696999,19.4415155,47.6111111,2.51458928,0.461155679,7.18695377,89.5277778,0.515097873,1.5938464,24.8462399,66.3333333,2.403107,2.21012474,34.4482815,99.8888889,2.21271942,0.251832118,14.0164759,3.05555556,18.8379595
738,2660400,5.48770656,-0.00310022443,0.0495465432,0,,-0.00231516477,0.0370000347,0,,1.097254,18.8877195,47.1666667,2.41600248,0.533838394,8.53159107,92.4444444,0.577469417,1.54098985,24.6274817,64.1388889,2.40258271,2.2416263,35.9347733,99.6111111,2.25383269,0.0794134027,11.9318878,3.5,11.8002148
739,2664000,5.63891998,-0.00719433962,0.111905237,0,,-0.00234642584,0.0364977683,0,,1.10921361,18.746622,46.5833333,2.48417805,0.471642743,7.33622486,89.2222222,0.528615777,1.59504972,24.8103963,66.3055556,2.40560494,2.20359633,34.6316967,99.3888889,2.22864612,0.26895834,14.3266571,3.25,18.3078918
740,2667600,4.35525109,0,0,0,,-0.00170529956,0.0287887039,0,,0.430041449,21.5423995,36.6388889,2.32827202,0.423754977,7.15379096,88.5277778,0.478668942,1.66543368,28.115692,68.9444444,2.41561694,1.69825497,31.8815464,87.6111111,2.04697731,0.139471316,11.2777824,5.55555556,7.26759924
741,2671200,0.0752810057,0,0,0,,-0.000736269463,0.0133833122,0,,-1.62899684,37.1989795,12.4722222,1.67358954,0.162718418,2.9577641,73.3611111,0.221804735,1.4519397,28.6285433,66.5277778,2.27492209,-0.287349248,17.5886656,41.3888889,0.821806922,0.377705247,13.6126642,2.75,20.483496
742,2674800,5.86335841,0,0,0,,-0.00243342191,0.036909952,0,,1.04503532,17.3417372,44.25,2.47271411,0.48989757,7.43072779,92.3055556,0.530734653,1.63218034,24.7567829,67.9722222,2.4012461,2.27056457,34.4397448,100,2.27056457,0.42811403,15.9940975,4.13888889,17.9103948
743,2678400,4.82571857,-0.0625898098,0.973723586,0,,-0.00675014702,0.105013538,0,,1.00554837,17.3827832,40.3055556,2.63349959,0.667108431,10.3783542,94.8888889,0.703041672,1.40540887,21.8642583,57.9166667,2.42660525,2.06474209,34.5879063,96.1944444,2.22882525,-0.247749227,14.7079609,2.08333333,16.74387
744,2682000,5.42902956,-0.0231725029,0.368336861,0,,-0.00251934093,0.0400460035,0,,0.97025407,18.0190417,39.8333333,2.64081975,0.428142903,6.80551489,86.2222222,0.496557491,1.67652045,26.6490109,69.8055556,2.4017006,2.15057643,35.1689005,98.5833333,2.21289591,0.229227556,12.9491491,4.58333333,11.3877128
745,2685600,4.96937214,-0.0612377618,0.938746936,0,,-0.0057624248,0.0883353419,0,,0.869421002,15.5184811,34.0277778,2.76501462,0.571543142,8.76149549,92.8611111,0.615481696,1.5965638,24.4745943,65.8333333,2.4251602,2.05788543,33.9541694,96.4166667,2.21581775,-0.0590410478,16.2641774,2.77777778,18.0347113
746,2689200,5.51413691,-0.000921613416,0.0145274553,0,,-0.00270038658,0.0425663783,0,,1.13305309,19.1746379,46.25,2.53997958,0.52991821,8.35313697,92.5277778,0.572712566,1.56316559,24.640286,64.9444444,2.40692734,2.23150165,35.1793036,99.9444444,2.23286872,0.060120359,12.5955416,3.22222222,13.3320148
747,2692800,5.67968411,0,0,0,,-0.00261574559,0.0400744449,0,,1.12884857,18.5757155,46.5277778,2.51605145,0.526235183,8.06216895,92.0277778,0.571822113,1.53967881,23.5885989,63.9722222,2.40679275,2.28422742,34.9954316,100,2.28422742,0.20330988,14.7380106,3.55555556,16.3869141
748,2696400,5.58683496,-0.0228089651,0.347158674,0,,-0.00411398792,0.062616019,0,,1.09930972,18.2541663,44.5,2.58274395,0.592007565,9.01051671,93.2777778,0.6346716,1.44924459,22.0578982,60.0833333,2.41205757,2.18899074,34.2375039,98.25,2.2587572,0.284205278,16.0301402,3.16666667,21.1170797
749,2700000,5.14631296,-0.0347886921,0.544996688,0,,-0.00430288337,0.0674086045,0,,0.985545283,17.2521403,39.8888889,2.61576423,0.517085181,8.10061242,92.0555556,0.561709913,1.71118238,26.8072375,71.1666667,2.40447173,2.13715433,34.6882768,98.1666667,2.21633578,-0.165562631,12.5393276,3.41666667,9.29061066
750,2703600,-0.352543594,0,0,0,,-0.000666825018,0.0123495702,0,,-1.9067983,39.0669029,6.38888889,1.58596183,0.136203659,2.52248582,69.2222222,0.196762911,1.31665888,28.4898462,62.9444444,2.26786587,-0.280031099,17.2298085,59.7222222,0.544442506,0.382090089,12.678607,2.86111111,18.6410397
751,2707200,0.107828419,0,0,0,,-0.000409773413,0.0072317573,0,,-1.4355673,35.3664866,15.5555556,1.82701813,0.173044292,3.0539178,73.3888889,0.235790859,1.47879337,27.9356563,66.9166667,2.28770571,-0.381148115,23.9913527,34.6944444,1.40984396,0.273115946,9.64535491,5.41666667,7.56601068
752,2710800,5.61308642,-0.000461200114,0.00715474361,0,,-0.00244580736,0.0379425852,0,,1.13022286,18.9434926,50.25,2.33963636,0.504236355,7.82237846,91.6944444,0.549909384,1.61678679,25.0817261,67.4166667,2.39820043,2.22037246,34.445342,100,2.22037246,0.144374962,13.6619635,3.83333333,13.370026
753,2714400,5.10073666,-0.0694921632,1.05582106,0,,-0.0057691862,0.087653456,0,,1.02647724,17.2490461,41.0833333,2.63096608,0.561975978,8.5383163,93.3333333,0.602117119,1.58368162,24.0614815,65.8333333,2.40559233,2.05018206,33.888723,95.9166667,2.23145489,-0.046318886,15.1189586,2.61111111,18.1681781
754,2718000,5.88444875,-0.0150879371,0.2293026,0,,-0.00255398452,0.0388148019,0,,1.23098433,19.9187025,50.9722222,2.49314208,0.567095602,8.61857355,94.0555556,0.602936848,1.52883534,23.2348474,63.6666667,2.40131205,2.20688828,34.2959412,98.7222222,2.26065373,0.368287124,13.6638179,4.22222222,15.0081629
755,2721600,-0.587772427,0,0,0,,-0.0010974904,0.0197199475,0,,-1.91013332,35.2262484,1.27777778,1.96990274,0.120484702,2.16489547,71.8055556,0.167793009,1.43574857,28.7275343,65.6666667,2.3105677,-0.845075205,17.8979472,20.1666667,0.374414688,0.612300323,15.9636546,3.91666667,19.1583661
756,2725200,5.02241885,-0.0597636429,0.912603414,0,,-0.00688663112,0.105160308,0,,1.15467472,18.9661787,47.0277778,2.54818814,0.654957162,10.0013338,95,0.689428592,1.41058924,21.5399948,58.3333333,2.41815299,2.07570228,34.0658717,96.3611111,2.23460136,-0.206854285,14.4088573,1.88888889,19.5018959
757,2728800,5.68669939,0,0,0,,-0.00259668103,0.0401082244,0,,1.18847571,19.6004899,49.3333333,2.49065663,0.502030595,7.75434315,91.4722222,0.548833933,1.54295604,23.8324331,64.6388889,2.38703985,2.2877196,35.3360193,100,2.2877196,0.168114123,13.4366064,3.08333333,16.8328379
758,2732400,5.45249939,0,0,0,,-0.000990830765,0.0156716322,0,,1.29783223,27.591235,65.3055556,2.32926099,0.314322263,4.97152801,81.5,0.385671488,1.65015684,26.0999678,69.5,2.37432639,1.94954683,30.8353173,100,1.94954683,0.241632052,10.4862803,6.22222222,7.26928108
759,2736000,5.1733054,-0.0595291484,0.902095658,0,,-0.00579702965,0.0878473053,0,,1.00731165,16.949942,40.4722222,2.62628971,0.560259248,8.49008341,93.1944444,0.601172368,1.59332457,24.144998,66.6944444,2.38899144,2.09023989,33.895232,96.7222222,2.23680802,-0.0125037796,15.5298016,3.47222222,14.577197
760,2739600,5.4311042,-0.0231950996,0.356287518,0,,-0.00416839395,0.0640284698,0,,1.19680486,19.6619151,51.3888889,2.40989711,0.577110638,8.86468782,93.3611111,0.618148854,1.45159379,22.2971558,60.5,2.39932858,2.19035556,34.6318347,98.3888889,2.258875,0.0426028355,14.1240907,2.55555556,18.8239333
761,2743200,-0.249368829,0,0,0,,-0.000632102796,0.0109128832,0,,-1.39121761,34.6702608,16.9166667,1.82357072,0.156406715,2.70026999,72.5833333,0.215485715,1.37954968,26.2275563,65.5,2.21276219,-0.634630304,26.724667,30.7777778,1.48375307,0.241154799,9.66633305,3.30555556,12.1167853
762,2746800,-0.610203715,0,0,0,,-0.000284880574,0.00490443856,0,,-1.51342166,34.7515238,15.6111111,1.61796604,0.131122952,2.25738263,71.2222222,0.184103988,1.35118898,25.9128644,66.0833333,2.16118848,-0.89538854,26.5642692,24.8611111,1.30249798,0.316579439,10.5090555,3.13888889,14.7665524
763,2750400,4.36440444,-0.0310197896,0.514518941,0,,-0.00402822521,0.0668153524,0,,0.54497124,20.2928929,37.3611111,2.36664237,0.377761633,6.26585537,83.5555556,0.452108337,1.671143,27.7189091,70.0277778,2.38640016,1.79639823,31.0053969,98.4722222,1.86127617,0.00917835241,14.1356114,3.38888889,12.7091664
764,2754000,3.55100829,0,0,0,,-0.0010118411,0.0168728754,0,,-0.0169465082,25.007017,32.3611111,2.29084671,0.33004026,5.50355997,83.8888889,0.393425475,1.63136532,27.4690204,68.9722222,2.37678393,1.18057911,29.3222981,75.0277778,1.95860357,0.426981948,12.6812317,5.69444444,10.4264468
765,2757600,5.59393786,-7.80225734e-06,0.000121209628,0,,-0.00347858589,0.0540405272,0,,1.22938242,20.6728905,52.5555556,2.43560863,0.558008205,8.66876902,94.3055556,0.591702367,1.49353231,23.202323,62.4722222,2.39071423,2.26864152,35.2437996,100,2.26864152,0.0478598002,12.1580561,2.88888889,14.3735752
766,2761200,5.88829481,0,0,0,,-0.00295164877,0.0449169941,0,,1.227257,20.3496577,53.3055556,2.40547382,0.510278359,7.76520916,92.8055556,0.549836005,1.57528411,23.9720349,66.1111111,2.38278269,2.26804136,34.5141337,100,2.26804136,0.310385625,13.3540475,3.66666667,16.1989855
767,2764800,5.96993938,0,0,0,,-0.00238060727,0.0357225076,0,,1.16416661,19.3019826,52.6666667,2.32640773,0.45908198,6.88881354,91.1666667,0.503563415,1.61527864,24.2382707,67.9722222,2.3763805,2.27404743,34.1235104,100,2.27404743,0.459745322,15.4117002,4.25,17.4918427
768,2768400,4.50689841,0,0,0,,-0.000909880574,0.0156762006,0,,0.645658452,27.8600389,59.3888889,1.90499888,0.247120373,4.2576011,76.6111111,0.322564664,1.67402755,28.841578,69.9444444,2.39336742,1.56307862,26.930055,100,1.56307862,0.377923299,12.0950508,5.22222222,10.3399104
769,2772000,6.04157561,-7.05908109e-07,1.046561e-05,0,,-0.00375350321,0.0556484622,0,,1.21421427,19.599723,52.3611111,2.42185528,0.549992514,8.15404594,93.8055556,0.586311238,1.50593428,22.3265899,62.9444444,2.39248165,2.2831513,33.8494072,100,2.2831513,0.492037458,16.014575,4.16666667,18.8666963
770,2775600,5.61824022,-9.76453917e-07,1.51126063e-05,0,,-0.00335203391,0.0518795285,0,,1.27204063,21.2325527,53.7777778,2.45818618,0.535111307,8.28193362,93.0555556,0.575044987,1.49094008,23.0753239,62.3888889,2.38975257,2.27900316,35.2721996,100,2.27900316,0.0444980633,12.0860955,2.88888889,14.2858284
771,2779200,5.77841972,-0.032880183,0.490018311,0,,-0.00424063025,0.0631987502,0,,1.21573088,20.1349293,49.8333333,2.57536732,0.407042482,6.0662153,87.6111111,0.464601438,1.66759505,24.8524197,70.25,2.37380078,2.10714394,32.6577554,98.1666667,2.18937672,0.418028176,15.7354633,4.30555556,17.1159828
772,2782800,5.14206993,-0.0243217874,0.373445158,0,,-0.00701383942,0.107692923,0,,1.119038,19.3513754,46.6944444,2.54779456,0.625857463,9.60963251,93.5833333,0.668770218,1.39874612,21.476833,58.0277778,2.4104768,2.13812411,33.8749682,98.4166667,2.20711482,-0.10836013,15.2060529,2.36111111,18.6772609
773,2786400,6.21948473,-0.00131843341,0.019375565,0,,-0.00306105229,0.0449849172,0,,1.24165741,19.8957886,51.7777778,2.50637451,0.529726054,7.78480091,94.1111111,0.56287302,1.54831079,22.75382,64.8888889,2.3860954,2.26921154,33.4089959,99.8333333,2.27507503,0.634958419,16.0922341,3.94444444,21.9292436
774,2790000,5.25363173,-0.0208077166,0.317307654,0,,-0.00480193076,0.0732271307,0,,1.02262752,18.4805492,44.1666667,2.52962842,0.492489498,7.51022758,90.8333333,0.542190273,1.63474059,24.9290065,68.5,2.38648261,2.12056708,33.1699425,98.6944444,2.1762694,0.00881667789,15.5197394,3.27777778,15.6590338
775,2793600,4.98800575,-0.0199316016,0.31721479,0,,-0.00412480701,0.065646997,0,,0.909868043,19.6837047,43.6111111,2.46113545,0.423673632,6.74283709,87.0555556,0.486670413,1.68944138,26.8877436,70.8333333,2.38509371,2.00430944,32.7594595,98.6944444,2.05821573,-0.0152303302,13.5433933,3.94444444,10.5939331
776,2797200,5.69480406,-1.77585384e-06,2.6741217e-05,0,,-0.00344346048,0.0518524225,0,,1.27784289,21.0739322,51.9722222,2.57574015,0.534821232,8.05346152,94.3611111,0.566781406,1.53828596,23.163865,64.4444444,2.38699546,2.26994467,34.1813507,100,2.26994467,0.0773545449,13.4755115,2.5,19.4449591
777,2800800,5.70450806,-0.0134198835,0.207319918,0,,-0.00259220937,0.0400462965,0,,1.23343388,21.2285743,51.1666667,2.54811027,0.402184291,6.21322936,86.0833333,0.467203436,1.66285266,25.6889321,69.7777778,2.38306909,2.14986375,33.7756096,99.1388889,2.18691657,0.272185571,12.8462884,5.16666667,10.6812567
778,2804400,-1.36226073,0,0,0,,-0.00038904724,0.00740375751,0,,-1.87636786,41.6404609,9.25,1.68499816,0.104475979,1.9882285,65.5555556,0.159370137,1.05348701,27.019431,57.1666667,2.16322245,-0.752562734,21.1449101,35.9444444,0.498748223,0.109095917,8.19956575,2,13.4990177
779,2808000,0.0731970564,0,0,0,,-0.000597380574,0.0100314929,0,,-1.35539496,33.106506,15.8055556,1.94904426,0.1666922,2.79917306,72.3611111,0.230361581,1.43156992,26.1911623,66.2777778,2.25661394,-0.546298871,26.4614789,32.5,1.58383976,0.377226146,11.4316483,3.80555556,13.9005551
780,2811600,5.98348701,0,0,0,,-0.00284773674,0.04232413,0,,1.31875034,21.2774665,52.2777778,2.63054734,0.482807131,7.1756604,92.4166667,0.522424307,1.61560151,24.0116747,67.7777778,2.38367436,2.26408595,33.6496933,100,2.26408595,0.305089824,13.8431809,3.63888889,16.9902742
781,2815200,5.07346469,-0.0306869013,0.471546937,0,,-0.00618659136,0.0950655845,0,,1.04528304,18.6678608,42.1944444,2.67823534,0.575858292,8.84886392,92.3611111,0.623485669,1.50274759,23.0918077,62.5555556,2.4022608,2.08029071,33.2011961,98.1111111,2.16128826,-0.0938414609,15.623659,2.41666667,19.0944985
782,2818800,5.18989112,-0.0373931899,0.563673518,0,,-0.00632831598,0.095394486,0,,1.02660372,17.644959,39.8055556,2.75984312,0.568178249,8.56484919,93.1666667,0.60985143,1.55344656,23.4170097,64.6666667,2.40223695,2.10329545,33.1329155,97.8611111,2.19764493,-0.0179113562,16.5811987,2.83333333,19.0951511
783,2822400,5.3568311,-0.0407089951,0.625780843,0,,-0.00411277889,0.0632218563,0,,1.1851609,20.5862653,49.0555556,2.57296204,0.408965893,6.2866455,86.4722222,0.472944816,1.67928826,25.8141086,70.25,2.39044592,2.01466446,32.6008965,97.6388889,2.11772916,0.113573359,14.0230815,3,17.0969756
784,2826000,3.46573457,0,0,0,,-0.000925973041,0.0155672963,0,,0.104020714,25.6407348,34.4722222,2.36303515,0.326160856,5.48335909,81.6111111,0.399652512,1.56601442,27.1469135,67.1666667,2.36781558,1.12727641,29.817146,78.4722222,1.84833443,0.343188141,11.8962794,6.58333333,7.98077438
785,2829600,-0.635723709,0,0,0,,-0.000648318906,0.012635646,0,,-1.93314151,38.7590483,1.33333333,2.08259609,0.131047855,2.55410461,69.75,0.187882229,1.39602381,31.5670771,64.2222222,2.3478558,-0.475253051,16.6570431,48.4444444,0.39158114,0.246247505,10.4500913,2.97222222,13.1623466
786,2833200,5.79535319,-0.0128115399,0.195806156,0,,-0.00253108976,0.0386841052,0,,1.23793725,21.0487092,49.5,2.64156382,0.389548491,5.95369435,85.8333333,0.453842903,1.687528,25.791464,70.8055556,2.3833271,2.13498281,33.2491611,99.0555556,2.17578193,0.360699277,13.722481,4.83333333,13.0195575
787,2836800,0.943870719,0,0,0,,-0.000421774061,0.00740272768,0,,-0.96521127,32.8999355,21.4722222,2.11733739,0.218799402,3.84023709,73.7777778,0.296565455,1.48717776,27.0885596,66,2.29588015,0.0141857364,26.8503969,48.3333333,1.59724173,0.189340869,9.31346827,5.55555556,6.47982285
788,2840400,4.03692449,0,0,0,,-0.00111821391,0.0200851584,0,,0.357688218,27.3817804,54.9166667,1.71362517,0.23728522,4.26207473,75.7777778,0.313132988,1.68757359,30.3118954,70.1111111,2.40699878,1.3758163,24.9752618,97.25,1.42225196,0.379679372,13.0489025,5.25,10.5348504
789,2844000,1.19704901,0,0,0,,-0.000379231881,0.00667610498,0,,-0.849577724,31.6625612,21.75,2.18159506,0.232660552,4.09582197,74.3611111,0.312879337,1.49628469,27.2739518,66.1666667,2.30143383,0.106895464,27.9488626,50.1666667,1.68888315,0.211165259,9.01212629,6.58333333,5.49184815
790,2847600,5.61036369,-0.011187604,0.168963632,0,,-0.00406869291,0.0614484686,0,,1.28535709,21.3139138,49.4444444,2.72691623,0.58295839,8.80427724,93.3611111,0.624412438,1.44938425,21.8896939,60.3611111,2.40118881,2.24477803,34.3163573,99.3611111,2.27300701,0.0631422356,13.4453456,2.55555556,18.6534802
791,2851200,4.23179827,0,0,0,,-0.00139651164,0.023213947,0,,0.510108814,23.5647705,40.8888889,2.3572729,0.386747371,6.4288279,86,0.449706245,1.61238239,27.1706066,68.1944444,2.38063377,1.58187139,31.7205552,88.7222222,1.96688386,0.142084814,11.0920258,5.47222222,7.39518809
792,2854800,5.60252129,-0.0109705859,0.16769666,0,,-0.0040508217,0.0619209649,0,,1.19857414,20.6798766,49.75,2.56425698,0.567221835,8.67056761,93.0833333,0.609369922,1.4484097,22.140428,60.0833333,2.41066802,2.19932529,34.0262908,99.3611111,2.22687674,0.204011738,14.2532194,2.66666667,21.3083689
793,2858400,3.42286524,0,0,0,,-0.000964784646,0.0159791006,0,,0.00287977656,25.4739947,32.5833333,2.36462342,0.3207884,5.31300961,82.5555556,0.388572759,1.59361987,27.1438316,68.1666667,2.37103247,1.04816638,28.4955793,76.5277778,1.80893128,0.458375597,13.5576056,5.08333333,12.5602175
794,2862000,5.15394742,-0.0224520544,0.36252306,0,,-0.00367286454,0.0593040648,0,,0.984974501,19.5023969,50.6388889,2.16514605,0.385674465,6.22730929,84.4444444,0.456719761,1.68191237,27.1570703,70.2777778,2.393235,1.95017531,32.4463078,98.7222222,2.00545768,0.177335689,14.2450885,3.11111111,17.0288577
795,2865600,5.26470878,-0.01285745,0.195446142,0,,-0.00712518925,0.108310026,0,,1.04725804,19.0329614,45.6666667,2.51752981,0.597240312,9.07865205,93,0.642193884,1.41979499,21.5823085,58.8055556,2.41438921,2.12199188,32.858922,98.9444444,2.16465936,0.0984061991,17.1433999,3.08333333,19.8841136
796,2869200,4.88547293,0,0,0,,-0.00153707826,0.0247469781,0,,0.703712801,22.3996653,45.1111111,2.32203917,0.438605762,7.06155793,89.8611111,0.488092965,1.68898241,27.209532,70.25,2.40499232,1.86887922,31.5381562,93.5,2.04693555,0.186829816,11.7663416,4.5,10.1961995
797,2872800,6.04460403,0,0,0,,-0.00239746539,0.0357880511,0,,1.23731938,20.7447306,53.6388889,2.44880418,0.44586082,6.65556628,89.5833333,0.497705101,1.57056525,23.4445385,65.7777778,2.38768366,2.21608868,33.0805589,100,2.21608868,0.577167361,16.0388177,3.86111111,21.3878648
798,2876400,0.166231043,0,0,0,,-0.000482570683,0.00847557108,0,,-1.16882465,34.3418133,19.8611111,1.97995819,0.179241153,3.14808004,74.1666667,0.241673465,1.43622907,27.5066708,66.3055556,2.26403876,-0.455872234,27.4273958,35.9444444,1.53814033,0.175940281,7.56756439,7.44444444,4.07560365
799,2880000,4.300175,-8.32313814e-05,0.00139373379,0,,-0.00145571738,0.0243764126,0,,0.517131701,21.851446,42.9166667,2.12279117,0.3940301,6.5981491,85.3611111,0.461603762,1.59623727,27.5056063,68.3611111,2.36890876,1.53840136,31.9922499,87.6111111,1.96831394,0.255913514,12.0267786,4.27777778,11.3859586
800,2883600,0.680129654,0,0,0,,-0.000346848572,0.00606152609,0,,-1.11591975,32.6835821,19.8888889,1.89623016,0.204915338,3.58110072,74.5277778,0.274951628,1.49128726,27.370165,66.5833333,2.29595328,-0.206541062,26.781238,42,1.57847255,0.30673471,9.57785261,7.22222222,5.91779184
801,2887200,5.34362925,-0.016430227,0.250265949,0,,-0.00596213299,0.0908154754,0,,0.996263109,18.4140557,44.6666667,2.46846889,0.554534772,8.44669836,92.75,0.597881156,1.58790849,24.1870928,65.75,2.41506994,2.11220352,32.9395509,98.6666667,2.16624336,0.115111719,15.6715208,3.02777778,18.8911454
802,2890800,2.21572291,0,0,0,,-0.000606293058,0.0102472712,0,,-0.443016534,27.037649,27.5555556,2.09885253,0.287034247,4.85131361,79.1666667,0.362569575,1.49919181,26.7209198,66.1388889,2.32856165,0.496219775,28.8818567,60.3888889,1.82571019,0.376899902,12.4980136,3.94444444,14.1510555
803,2894400,4.18471213,0,0,0,,-0.00166043956,0.0282066795,0,,0.505068636,21.5852599,43.6111111,2.03586398,0.398190674,6.7642551,86.2222222,0.461819081,1.58324217,27.7414502,67.9444444,2.36685659,1.58069344,32.4096888,88.8055556,1.96415138,0.119177637,11.4711393,4.27777778,9.28575529
804,2898000,5.10344845,-0.032618507,0.504278909,0,,-0.00708574513,0.109544923,0,,1.09385037,19.5402963,47.8611111,2.46315263,0.626507249,9.68574043,94.6666667,0.661803432,1.40456102,21.7143752,58.0555556,2.41933955,2.17318824,34.8263542,98.25,2.25235496,-0.154954179,13.61941,1.55555556,23.3356001
805,2901600,3.02368224,0,0,0,,-0.000987680555,0.0166319797,0,,-0.158385102,25.7301265,30.2777778,2.26169781,0.312372334,5.26017272,81.1666667,0.384852978,1.53468751,26.8147124,66.1666667,2.3630205,0.905751787,28.806802,70.1388889,1.8651758,0.430243399,13.3715544,5.61111111,10.9096527
806,2905200,5.45115284,-0.013921268,0.214581082,0,,-0.00431261292,0.0664741994,0,,0.957563546,18.6880889,47.9166667,2.26432822,0.439193171,6.76968116,87.25,0.503373262,1.70618815,26.2990196,70.8333333,2.40873622,1.9820068,31.157726,99.1111111,2.01965791,0.38443505,16.8044291,3.75,19.6619663
807,2908800,5.77733287,-0.000214524104,0.00324666555,0,,-0.00302128012,0.0457248667,0,,1.20204433,20.4366393,52.3055556,2.43989335,0.498680428,7.54716385,91.9166667,0.542535371,1.56501815,23.685406,65,2.40772023,2.17984377,32.9921276,99.9722222,2.18050844,0.334982001,15.2896917,3.22222222,20.8745935
808,2912400,5.23574706,0,0,0,,-0.00259183533,0.0413645504,0,,0.934999409,20.4082317,50.1111111,2.20883742,0.468508091,7.47718281,89.9166667,0.521046996,1.62649211,25.9580977,67.3333333,2.41558234,2.02084022,32.25172,100,2.02084022,0.187499071,13.8634033,3,17.6026222
809,2916000,5.48054529,0,0,0,,-0.0026532708,0.0414072392,0,,1.20669729,21.2081631,53,2.42043638,0.499685145,7.79814195,91.0555556,0.548769531,1.55344902,24.2432981,64.5,2.40844809,2.212399,34.5269448,100,2.212399,0.0109681116,12.1820449,2.27777778,17.375765
810,2919600,5.25330982,-0.0131645492,0.211532198,0,,-0.00402863643,0.0647334218,0,,0.862830764,17.9970622,43.5,2.27915467,0.453377007,7.28500711,88,0.515201145,1.6999087,27.3146779,70.3611111,2.41597762,1.98238808,32.4663255,99.1111111,2.01940312,0.271998458,14.6606617,3.52777778,16.7866845
811,2923200,5.03039016,-9.9868369e-05,0.00169143514,0,,-0.0019428917,0.0329060675,0,,0.720031228,19.8236768,47,2.01116157,0.343256138,5.81360745,82,0.418605046,1.70591961,28.8925553,70.6666667,2.41403718,1.8464968,31.2734614,100,1.8464968,0.41672914,14.1621015,3.86111111,16.224736
812,2926800,5.52054181,-0.00338257776,0.0537855276,0,,-0.00257696948,0.0409757507,0,,1.15302131,21.2969061,54.0555556,2.30539308,0.384650587,6.1162333,84.6944444,0.454162713,1.67825438,26.6855055,69.7777778,2.40514163,2.05231599,32.8205799,99.6666667,2.06508656,0.258259097,12.9860139,4.5,11.9438994
813,2930400,5.50557205,-0.00644253122,0.100018173,0,,-0.00384424926,0.0596807023,0,,1.11717065,20.1885123,50.75,2.38185767,0.553046989,8.58587216,91.5833333,0.603872963,1.44532998,22.4382714,59.7777778,2.41783826,2.18864638,34.2665005,99.5277778,2.20836602,0.21166484,14.3611447,2.75,20.6675993
814,2934000,-0.636922809,0,0,0,,-0.00028092004,0.00498937522,0,,-1.61109291,36.2840231,12.9722222,1.66444133,0.137140874,2.43573679,70.3333333,0.194987024,1.44143298,27.7193663,67.0277778,2.23947041,-0.806991227,24.7557966,26.9166667,1.09012476,0.202868393,8.80008783,2.41666667,14.4485269
815,2937600,5.07724595,-0.0268227178,0.413794009,0,,-0.00681632781,0.105155474,0,,1.12223393,19.8146199,49.4444444,2.43368682,0.618884068,9.54752315,94.0833333,0.657804146,1.41701118,21.8602283,58.5,2.42224133,2.17026939,34.5784372,98.3611111,2.24260023,-0.217513558,13.680242,1.33333333,25.0972214
816,2941200,6.13330963,0,0,0,,-0.00253660148,0.0376038496,0,,1.12590999,19.4644126,53.9166667,2.26173055,0.402454007,5.96617957,87.7222222,0.458782275,1.64806626,24.4317589,68.3611111,2.41082428,2.06159155,30.5620646,100,2.06159155,0.897824426,19.5379805,4.72222222,23.4611626
817,2944800,5.68044342,-0.00620161482,0.0942832429,0,,-0.00392570401,0.0596825367,0,,1.14972559,19.811186,49.3611111,2.48458206,0.588628375,8.94892598,93.1388889,0.631989904,1.47427018,22.4133516,60.8055556,2.42456494,2.21023507,33.8736471,99.5555556,2.22906824,0.267711532,14.7989235,3.33333333,18.6169776
818,2948400,5.46165406,-0.00111964521,0.0180146261,0,,-0.00235357354,0.0378680201,0,,1.13909145,21.1917171,53.8055556,2.28247736,0.379522577,6.10636054,83.8611111,0.452560873,1.68302368,27.0791516,69.7777778,2.41197661,2.00553002,32.2879221,99.8333333,2.00949378,0.257959555,13.278966,4.75,11.4028839
819,2952000,-0.373735706,0,0,0,,-0.000429715142,0.00753264474,0,,-1.4761748,35.8868151,15.6111111,1.82902435,0.157476923,2.76047456,71.8611111,0.219140674,1.43718873,27.4350475,66.8055556,2.24702658,-0.730328929,24.5129566,29.2222222,1.14307335,0.238532079,9.39717366,3.69444444,10.4834854
820,2955600,-0.149844407,0,0,0,,-0.000295158026,0.005131459,0,,-1.45100663,35.9269165,15.4444444,1.99257775,0.165857644,2.88351197,72.3055556,0.229384371,1.45206741,27.2647607,66.0555556,2.28619519,-0.598385893,23.9163078,31.0277778,1.25252901,0.281918222,10.0033716,4.66666667,9.18541436
821,2959200,-0.727393726,0,0,0,,-0.000239366433,0.00433095281,0,,-1.63645108,37.2742677,12.8888889,1.64347697,0.134422824,2.43216602,70.6111111,0.190370639,1.43000498,28.2640702,66.1944444,2.26010309,-0.824918219,23.4688546,24.6666667,0.957114527,0.169787137,8.55631053,2.38888889,13.4515233
822,2962800,-0.64733614,0,0,0,,-0.000319602796,0.00574579998,0,,-1.62837573,37.478946,13.9722222,1.63303602,0.128052085,2.30211273,69.9166667,0.183149585,1.40845527,27.7386261,65.7222222,2.24534478,-0.841434317,22.1355226,23.7222222,0.821647086,0.28628616,10.3390467,2.97222222,14.4905459
823,2966400,5.94073297,-0.000869135312,0.0130861871,0,,-0.00322145386,0.0485040101,0,,1.16321226,20.0250299,51.1111111,2.43899942,0.399196472,6.01052524,85.5555556,0.466593279,1.70760843,25.7107071,70.6111111,2.41832822,2.03583663,30.6986086,99.9166667,2.03906058,0.638969771,17.4935389,5.19444444,17.3341425
824,2970000,1.95001518,0,0,0,,-0.000573283119,0.0101481023,0,,-0.618141154,30.2953289,24,2.27769205,0.274353556,4.85653224,77.6388889,0.353371306,1.59715895,28.9664472,67.7777778,2.38538476,0.473088726,27.2272126,58.2222222,1.7271748,0.224128381,8.64433094,7.83333333,4.54762317
825,2973600,5.47013587,0,0,0,,-0.0022592008,0.0358988944,0,,1.11632102,20.3840455,54.2777778,2.21005395,0.418948982,6.65713526,86.2777778,0.485581563,1.58952898,25.2577519,65.7777778,2.41651366,2.07494661,32.9710796,100,2.07494661,0.272649473,14.6940888,4.08333333,14.6618278
826,2977200,-0.319514119,0,0,0,,-0.000493213907,0.00945678895,0,,-1.81852185,38.8493516,6.94444444,1.49505024,0.144375804,2.768234,69.4166667,0.207984351,1.37638839,29.9052738,64.0277778,2.29281921,-0.292447968,17.5171983,56.8055556,0.546735603,0.271184716,10.9504856,2.61111111,16.1291795
827,2980800,5.52087237,-0.0075558986,0.115247311,0,,-0.00462587828,0.0705568009,0,,0.996095048,18.1261634,45.1388889,2.41974402,0.495153447,7.55239138,90.6111111,0.546459966,1.66741862,25.4325161,68.6944444,2.42729763,2.08891107,32.1689643,99.2777778,2.11426363,0.285475964,16.5341607,3.63888889,18.8175079
828,2984400,5.46569338,-0.00553798157,0.0869335771,0,,-0.00399958122,0.0627842289,0,,1.11833505,19.8831105,52.3888889,2.27620853,0.556848319,8.74123824,91.4444444,0.608947129,1.43013828,22.4498826,58.8888889,2.4285367,2.19062068,34.6517294,99.5833333,2.20823121,0.179288615,14.1243215,3.05555556,17.6573242
829,2988000,5.39657339,0,0,0,,-0.0026884983,0.042479382,0,,1.10517171,19.7582528,52.7222222,2.23403083,0.491895421,7.77215052,90.9722222,0.54070947,1.57673037,24.9129901,65.2222222,2.41747416,2.20877997,34.8996345,100,2.20877997,0.0166844123,12.6144926,2.66666667,15.2821721
830,2991600,5.1113207,-0.00850566083,0.132631644,0,,-0.0062638474,0.0976742892,0,,0.931806236,17.666455,46.75,2.20829426,0.594870415,9.2760154,91.9444444,0.646988971,1.44397886,22.5164503,59.1944444,2.4393824,2.10448325,33.1584188,99.4722222,2.12668971,0.0509514471,17.1523546,2.38888889,24.0892558
831,2995200,4.45934828,0,0,0,,-0.000885868459,0.0161560579,0,,0.69506679,25.9520735,65.1944444,1.62442527,0.262072766,4.77956151,77.2222222,0.339374805,1.70176997,31.0360911,69.8888889,2.43496498,1.37292056,25.0736829,99.0277778,1.38736828,0.428404057,13.142435,5.52777778,10.3932329
832,2998800,0.0118026999,0,0,0,,-0.000262960787,0.00510561122,0,,-1.64475003,38.2717629,11.1111111,1.46884159,0.164517008,3.19424005,72.5555556,0.226746259,1.59595449,32.1564735,69.1388889,2.35189652,-0.295859982,16.830714,41.3611111,0.690254289,0.192204175,9.54170397,2.55555556,13.3756178
833,3002400,5.16654385,-0.0123163477,0.195011726,0,,-0.00452426501,0.0716352564,0,,0.980005369,18.6467952,48.2222222,2.23722608,0.449172183,7.11199817,87.0555556,0.515960388,1.69527856,26.8423078,69.8333333,2.42760653,2.00481763,32.3196621,99.1111111,2.04115824,0.0541107239,14.8125898,3.80555556,13.002423
834,3006000,5.28760589,-0.00817633228,0.126838431,0,,-0.00436940213,0.0677819948,0,,1.08184531,19.1760274,50.75,2.28372559,0.597669676,9.27157576,92.7777778,0.64419486,1.43876947,22.3194528,59.1111111,2.4340085,2.21239541,34.6627827,99.4166667,2.23646995,-0.0305282367,14.3755409,2.22222222,20.1635143
835,3009600,5.49279703,-0.00452750499,0.0707127216,0,,-0.00376845594,0.0588575334,0,,1.07351723,19.0931165,49.9722222,2.29726348,0.571676353,8.92871259,92.8333333,0.615809357,1.44976239,22.6430771,59.6388889,2.43090108,2.19563551,34.5028375,99.6111111,2.21096805,0.210501508,14.702686,2.94444444,19.5599981
836,3013200,5.30994098,-0.00774080656,0.120027368,0,,-0.00433786745,0.067262088,0,,1.08586111,19.1107754,50.75,2.2840921,0.592880562,9.19308508,93.1944444,0.636175863,1.44019436,22.33136,59.2222222,2.43184788,2.22941587,34.9114523,99.4444444,2.2529794,-0.026332251,14.2660378,2.63888889,16.9335141
837,3016800,5.30937823,-0.00741887052,0.11557502,0,,-0.00477858716,0.0744433138,0,,1.0676353,18.842759,50.6944444,2.24597583,0.606587451,9.4497345,94.4166667,0.642458024,1.43667929,22.3813365,59.0833333,2.43161516,2.23507351,35.1356257,99.5,2.25651395,-0.0243998713,14.000526,2.61111111,16.7420531
838,3020400,5.63343494,0,0,0,,-0.00253954407,0.0392620447,0,,1.17733541,20.2814313,53.9444444,2.30716728,0.493878762,7.63550051,90,0.54875418,1.55484717,24.0383618,64,2.42944871,2.22249431,34.3603689,100,2.22249431,0.187418823,13.6450754,3.16666667,16.894869
839,3024000,5.41982042,0,0,0,,-0.00189681505,0.0302124945,0,,0.838592337,19.6045533,48.6944444,2.12489808,0.443207484,7.05941449,89.3055556,0.496282097,1.71503432,27.3170886,70.3055556,2.43940084,1.91632625,30.7848465,97.0555556,1.98292357,0.508556842,15.2038846,4.80555556,15.2229463
840,3027600,1.25687906,0,0,0,,-0.000450980162,0.00836731898,0,,-1.08278429,33.3462579,17.4444444,2.04794702,0.229733217,4.26238507,75.3888889,0.30473087,1.6340834,30.8947456,68.5555556,2.40625466,0.189832629,21.36398,49.3055556,1.36019596,0.28646508,10.1242641,3.55555556,11.7019791
841,3031200,2.7438716,0,0,0,,-0.00116610829,0.0202195207,0,,-0.242137131,26.2503808,29.0277778,2.19063503,0.318206554,5.51748417,81.3333333,0.391237567,1.60010056,28.271272,67.5,2.39301679,0.746785194,26.9947143,65.6666667,1.75403692,0.322082531,12.9459292,3.75,14.2494045
842,3034800,5.42397931,-0.00902054477,0.140068464,0,,-0.00411016826,0.0638215282,0,,1.01608205,18.6491904,46.4722222,2.38541205,0.500339711,7.76913328,90.5277778,0.552691918,1.71420505,26.6176904,70.3611111,2.43629617,2.08991783,32.8673626,99.3055556,2.11801233,0.116565388,13.8927334,3.55555556,14.2209968
843,3038400,5.64331167,-0.00540782489,0.0852218291,0,,-0.00239295764,0.0377105826,0,,1.20852521,21.6984279,53.7777778,2.40379747,0.402087627,6.3364927,84.6111111,0.475218469,1.69731042,26.7478888,69.7777778,2.43245125,2.04212896,32.4343643,99.5555556,2.05929221,0.301060219,12.659894,5.44444444,10.1424925
844,3042000,5.075466,-0.00160782842,0.0251944899,0,,-0.0057604143,0.090265042,0,,0.950140129,17.9798275,46.1111111,2.27445488,0.583960114,9.15058907,91.8333333,0.635891231,1.49731059,23.4626879,61.2222222,2.44569788,2.11212049,33.1021458,99.8888889,2.11464419,-0.0606970762,16.1892902,2.44444444,19.8910124
845,3045600,5.21993105,-0.000810575616,0.012681279,0,,-0.00447387289,0.0699927669,0,,1.04324482,19.1420507,46.5555556,2.43449676,0.512570053,8.01904684,89.9722222,0.569698114,1.63151587,25.5247104,66.8611111,2.44015668,2.10720563,32.9774031,99.9166667,2.10930311,-0.0693208757,14.2541149,2.94444444,14.2945294
846,3049200,5.28832628,-0.0136743399,0.209389148,0,,-0.00526766968,0.080661507,0,,1.0272306,18.3452699,45.5,2.44536744,0.542015142,8.29963929,91.5,0.592366276,1.60793285,24.621568,65.8333333,2.44242965,2.06541314,32.266131,98.8611111,2.11032466,0.0646765475,16.1773411,3.69444444,15.1734835
847,3052800,5.56539208,-0.00718660776,0.110827495,0,,-0.0039449135,0.0608360576,0,,1.13742658,19.6801092,50.5,2.38968619,0.574550594,8.86036994,92.1388889,0.623570135,1.45631028,22.4583317,59.7777778,2.43620679,2.18496368,34.017701,99.5,2.20645283,0.223272451,14.8118246,2.86111111,20.6868068
848,3056400,5.70355102,-0.00312066729,0.0474883404,0,,-0.00379716506,0.0577828555,0,,1.1697074,19.8548501,49.8055556,2.48411721,0.599539027,9.1234056,93.25,0.642937295,1.4595556,22.2105937,59.8333333,2.4393687,2.22843616,34.0740492,99.6388889,2.24189146,0.25323066,14.6318302,3.22222222,18.8496069
849,3060000,4.58096938,0,0,0,,-0.00104876946,0.0190073171,0,,0.850369159,25.9207067,66.1388889,1.7240989,0.243162884,4.40694949,74.8333333,0.324939266,1.70746769,30.9451991,69.8611111,2.44408894,1.21576896,22.5953924,91.5,1.34563834,0.56524946,16.112745,4.83333333,15.0445314
850,3063600,5.4972014,-0.0143780627,0.223634647,0,,-0.00397809639,0.0618748298,0,,1.20260204,21.1207504,51.6388889,2.47924672,0.419563535,6.52584043,86.3333333,0.485980928,1.71022985,26.600708,70.25,2.43449089,1.96582976,31.2425437,98.75,2.01240278,0.217332388,14.224648,5,11.3187261
851,3067200,3.83964778,0,0,0,,-0.00186817847,0.0317886011,0,,0.506564889,23.427634,39.25,2.3992092,0.365069265,6.21195533,84.3333333,0.432888456,1.65697739,28.5256218,68.9444444,2.41744963,1.24100557,31.0451318,80.5833333,1.90206281,0.0718988446,10.7578685,4.88888889,7.20128911
852,3070800,3.86162641,0,0,0,,-0.00115576842,0.0216285095,0,,0.0210639226,20.8050475,27.7222222,2.04317817,0.280859194,5.25586755,77.3333333,0.363179992,1.71708293,32.1326866,70.3055556,2.44231472,1.21959845,23.23245,94.1666667,1.30676658,0.624177684,18.5523198,4.33333333,18.6411108
853,3074400,5.70740514,0,0,0,,-0.00261327227,0.039953721,0,,1.24005452,20.748924,51.4722222,2.52290389,0.507401237,7.75754125,91.4722222,0.55470527,1.57272858,24.0450869,64.6388889,2.43309966,2.20706419,33.7432986,100,2.20706419,0.182769878,13.6651955,3.16666667,16.9985669
854,3078000,5.22711781,-0.0137191264,0.215163125,0,,-0.0046661883,0.073181894,0,,1.11687218,20.152324,48.6666667,2.467618,0.489204945,7.67241742,89.1944444,0.548470197,1.68732329,26.463037,69.1111111,2.44146456,2.05134541,32.7865188,99.1111111,2.08950511,-0.0992426832,12.6373577,3.63888889,9.70810578
855,3081600,5.16925701,0,0,0,,-0.0010381296,0.0173995275,0,,1.23857632,28.2303204,72.6666667,2.01118139,0.271512584,4.55067524,77.0555556,0.352359517,1.70897705,28.643238,69.8888889,2.44527718,1.42691333,23.9246777,99.1111111,1.43998036,0.524315851,14.6336891,4.44444444,15.7210178
856,3085200,1.07477837,0,0,0,,-0.000775861293,0.0154298559,0,,-1.10674199,31.6134795,16.6666667,1.44864715,0.215366964,4.28308676,76.0833333,0.283067204,1.69606823,34.1639041,70.8055556,2.41078252,-0.056306972,17.1813577,46.5,0.868414293,0.327167996,12.742742,4,12.0989102
857,3088800,5.59335608,-0.00132625676,0.0202315902,0,,-0.00394191143,0.0601325014,0,,1.17003342,19.9166863,51.75,2.39192952,0.589874063,8.99832569,93.9444444,0.627896696,1.43718906,21.9238242,58.9166667,2.43935909,2.22173641,33.925585,99.8055556,2.22717361,0.179791294,15.1552147,3.16666667,18.5253564
858,3092400,5.64071861,0,0,0,,-0.00280223036,0.0428342473,0,,1.25993573,21.2327681,53.2777778,2.48601803,0.488580739,7.46833253,90.0833333,0.542365297,1.5589169,23.8292443,64,2.43580765,2.19451502,33.5448507,100,2.19451502,0.141572442,13.8819701,3.33333333,15.7460315
859,3096000,3.37300185,0,0,0,,-0.001271946,0.0223183706,0,,0.113883958,23.3841619,31.1666667,2.32070127,0.330762193,5.80376306,82.4722222,0.401058907,1.62298026,28.890945,67.6111111,2.41787461,0.92334181,27.7417174,71.3888889,1.75403326,0.383305576,14.1570942,4.25,14.0015572
860,3099600,5.83563361,-0.000744676116,0.0115227164,0,,-0.00207150805,0.0320533977,0,,1.25639309,21.6718938,50.8055556,2.61484978,0.405663946,6.27702498,85.2222222,0.476007237,1.72521966,26.6951181,70.8055556,2.43655974,2.0701954,32.0330864,100,2.0701954,0.380977699,13.2793007,4.97222222,12.4609898
861,3103200,5.38731085,-0.00918922749,0.138514299,0,,-0.00563598089,0.0849542511,0,,1.04261651,17.913923,43.9444444,2.53848993,0.567053604,8.54751199,92.5,0.613030923,1.61349204,24.3210563,65.8888889,2.44880749,2.10206502,32.1131891,99.1111111,2.1352287,0.0769088866,16.8808511,3.13888889,19.0641914
862,3106800,5.27615439,-0.0130522976,0.202588092,0,,-0.00468347335,0.0726934034,0,,1.13150881,19.8723883,45.9722222,2.62315178,0.500492133,7.76826807,90.5277778,0.552860288,1.72235995,26.7331951,70.5,2.44306376,2.05772515,32.5271476,99.0833333,2.09590067,-0.118195874,12.8237194,3.38888889,10.4460149
863,3110400,5.29649606,-0.00153048123,0.0234661045,0,,-0.0057977178,0.0888935124,0,,1.09061505,19.0048339,45.6111111,2.55434256,0.584574414,8.96298763,92.8611111,0.629514774,1.52977982,23.4553502,62.4444444,2.44982534,2.12040075,32.5257514,99.8333333,2.124421,-0.0215457861,15.9387172,2.55555556,19.917239
864,3114000,4.17701203,0,0,0,,-0.000957708197,0.0162342177,0,,0.517549019,23.1627282,38.0277778,2.47712623,0.359761034,6.09834912,83.1111111,0.432867554,1.68884997,28.6636862,69.25,2.44029754,1.24941657,29.8400807,81.5555556,1.84523171,0.362393144,12.2189216,4.77777778,11.3360885
865,3117600,1.74054778,0,0,0,,-0.000449108592,0.00949380799,0,,-0.843296998,29.7816908,19.4722222,1.45216721,0.236816179,5.00611071,76.6111111,0.309114664,1.73888429,36.758668,70.8888889,2.45297158,0.363389115,16.2913219,61.6944444,0.919091646,0.245204292,12.1527148,3.44444444,11.9045844
866,3121200,5.60614144,0,0,0,,-0.00274639972,0.042191857,0,,1.28973835,21.8853593,51.8888889,2.61551633,0.501807779,7.70907523,91.3611111,0.549257527,1.59623246,24.5222904,65.5555556,2.43493087,2.17995663,33.489815,100,2.17995663,0.0411526253,12.3512682,2.77777778,15.2124343
867,3124800,3.16118428,0,0,0,,-0.000210055477,0.00392098284,0,,0.0224433635,26.3808189,29.9722222,2.39508521,0.330216115,6.16395125,81.5,0.405173147,1.69754569,31.6870934,69.3611111,2.44740267,0.974207272,26.4326175,70.8888889,1.68591963,0.136981906,9.33159798,3.02777778,10.5175431
868,3128400,5.13503095,0,0,0,,-0.00128583849,0.0205455818,0,,0.878988965,22.2536633,44.9166667,2.52882431,0.434856386,6.94828901,88.5,0.491363148,1.72640211,27.585063,70.5277778,2.44783285,1.72479563,29.8385691,92.1111111,1.94994536,0.371273694,13.35387,5.22222222,11.5565866
869,3132000,5.76946279,0,0,0,,-0.00244638769,0.0370176378,0,,1.31187615,21.7142603,51,2.69304733,0.510477547,7.72431656,91.3333333,0.558917022,1.56525982,23.6848072,64.1944444,2.4383104,2.19986023,33.2872952,100,2.19986023,0.184435427,13.552303,3.02777778,17.8359786
870,3135600,5.72832962,-4.43115591e-05,0.000671441237,0,,-0.00399907416,0.0605969042,0,,1.21605162,20.3141705,48.4444444,2.63877428,0.599740672,9.08771045,93.1666667,0.643728807,1.47607656,22.3665944,60.3055556,2.44766264,2.22119418,33.657163,100,2.22119418,0.219309986,14.5130933,2.94444444,19.988442
871,3139200,5.3475568,-0.0125415414,0.193530241,0,,-0.00458885814,0.0708112973,0,,1.16780956,20.3178203,46.3333333,2.68110043,0.503445117,7.76873043,90.5,0.556292947,1.71897897,26.5257995,70.1944444,2.44888179,2.05531868,32.3035052,99.1388889,2.09237584,-0.0808651232,12.819803,3.58333333,10.4638591
872,3142800,5.0834689,-0.0149250796,0.228967351,0,,-0.00692260863,0.10620053,0,,1.16842624,19.5447983,46.9722222,2.59987752,0.64769303,9.93633276,95.3611111,0.679200381,1.42276672,21.8268268,58.0555556,2.45069866,2.18881999,34.2450417,98.9722222,2.23348503,-0.322389393,14.1118325,1.69444444,17.6305788
873,3146400,5.13115802,-0.0178996549,0.273861221,0,,-0.0073080184,0.111811253,0,,1.19033589,19.6971742,46.5,2.66424661,0.642610261,9.8318114,95.4722222,0.673086104,1.41907205,21.711525,57.9166667,2.45019635,2.18790216,34.2440554,98.8888889,2.23791791,-0.28355467,14.1297615,1.66666667,19.1991285
874,3150000,5.37299743,-0.0100418338,0.153448123,0,,-0.00564981759,0.0863342218,0,,1.09576224,18.6749563,44.0833333,2.628969,0.557473911,8.51869561,92.8611111,0.600330864,1.61289202,24.6464201,65.8333333,2.44996257,2.10498946,32.6653846,99.2222222,2.13795473,0.0175714577,15.254761,3.33333333,15.2379265
875,3153600,1.42131226,0,0,0,,-0.000434397512,0.0092057066,0,,-1.02722944,31.2487523,16.8333333,1.32870901,0.22847977,4.84191937,76.5277778,0.298557957,1.77658699,37.6492455,72.3611111,2.45516821,0.251369192,15.3033871,59.3333333,0.820367819,0.192540137,10.9474899,3.19444444,11.0994051
876,3157200,5.74478021,0,0,0,,-0.00256076118,0.038948088,0,,1.3225039,21.6288778,50.8055556,2.70104382,0.536020913,8.15265004,92.4444444,0.579830315,1.57836097,24.0061988,64.5,2.44707126,2.20202893,33.4919231,100,2.20202893,0.108426264,12.6814022,3.38888889,13.9013681
