total_reward,mean_reward,sum_rc_dam_safety.spill_guard_warn98,mean_rc_dam_safety.spill_guard_warn98,sum_rc_storage_control.target_oishift875to90_concave0_softupper98,mean_rc_storage_control.target_oishift875to90_concave0_softupper98,sum_rc_hydropower.positive_discretionary_efficiency,mean_rc_hydropower.positive_discretionary_efficiency,sum_rc_flooding.penalty_caps_jon,mean_rc_flooding.penalty_caps_jon,sum_rc_niip.delivery_match_historic_hardmeet_b10oversoft_neg1_logoff025_jon,mean_rc_niip.delivery_match_historic_hardmeet_b10oversoft_neg1_logoff025_jon,sum_rc_esa_min_flow.green_logistic_jon,mean_rc_esa_min_flow.green_logistic_jon,sum_rc_esa_spring_peak_release.farmington_thresholds_actionproxy_smart_ledger_hammer_histfreq_stop_excess_strong,mean_rc_esa_spring_peak_release.farmington_thresholds_actionproxy_smart_ledger_hammer_histfreq_stop_excess_strong,dam_safety_frac_days_within_storage_bounds,esa_min_flow_frac_days_met,flooding_frac_days_met,spr_curve_mean_abs_error_cfs,spr_curve_frac_days_within_500cfs,spr_freq_years_meeting_10000cfs_5d,spr_freq_years_meeting_8000cfs_10d,spr_freq_years_meeting_5000cfs_21d,spr_freq_years_meeting_2500cfs_10d,spr_curve_mean_error_cfs,spr_target_frequency_10000cfs_5d,spr_overachievement_10000cfs_5d,spr_mean_total_window_days_above_10000cfs,spr_mean_frac_window_days_above_10000cfs,spr_target_frequency_8000cfs_10d,spr_overachievement_8000cfs_10d,spr_mean_total_window_days_above_8000cfs,spr_mean_frac_window_days_above_8000cfs,spr_target_frequency_5000cfs_21d,spr_overachievement_5000cfs_21d,spr_mean_total_window_days_above_5000cfs,spr_mean_frac_window_days_above_5000cfs,spr_target_frequency_2500cfs_10d,spr_overachievement_2500cfs_10d,spr_mean_total_window_days_above_2500cfs,spr_mean_frac_window_days_above_2500cfs,hydropower_frac_of_max_possible,storage_frac_of_max_possible,niip_frac_days_demand_met_in_window,niip_annual_volume_frac_of_contract,niip_mean_abs_daily_error_cfs,controlled_sj_waste_af,controlled_sj_waste_frac_of_sj,controlled_sj_unattributed_af,controlled_sj_unattributed_frac_of_sj,policy_dam_safety_score,policy_esa_score,policy_spr_score,policy_niip_contract_score,policy_niip_behavior_score,policy_niip_score,policy_storage_score,policy_hydropower_score,policy_flooding_score,policy_efficiency_score,policy_objective_alignment_score,policy_experiment_diagnostic_score,policy_overall_score,policy_viability_score,dam_safety_frac_days_below_min_storage,dam_safety_frac_days_above_max_storage,dam_safety_max_storage_range_water_year_af,frac_action_0_saturated,frac_action_1_saturated,frac_any_action_saturated,frac_release_capped_or_limited,frac_release_cap_penalty_pos,mean_release_cap_penalty,frac_release_phys_penalty_pos,mean_release_phys_penalty,frac_days_deadpool_blocked,frac_days_spilling,total_spill_af,mean_spill_af_when_spilling,family,seed,run_dir,sum_rc_hydropower.positive_efficiency,mean_rc_hydropower.positive_efficiency,sum_rc_hydropower.positive_soft,mean_rc_hydropower.positive_soft,sum_rc_storage_control.target_peak875_concave0_softupper98,mean_rc_storage_control.target_peak875_concave0_softupper98,sum_rc_storage_control.plateau90to96_concave0_softupper98,mean_rc_storage_control.plateau90to96_concave0_softupper98,pass_storage_frac_of_max_possible,pass_esa_min_flow_frac_days_met,pass_flooding_frac_days_met,pass_spr_freq_years_meeting_10000cfs_5d,pass_spr_freq_years_meeting_8000cfs_10d,pass_spr_freq_years_meeting_5000cfs_21d,pass_spr_freq_years_meeting_2500cfs_10d,pass_hydropower_frac_of_max_possible,pass_niip_annual_volume_frac_of_contract,pass9_excl_niip_daily,no_spill,finish_line
18700.828259362395,4.817317944194332,-0.9521213524555744,-0.0002452656755423,8164.883391376708,2.103267231163501,1639.783267640457,0.4224068180423641,-10.992068078015,-0.0028315476759441,2321.58350712205,0.5980379977130473,6634.181995887386,1.7089598134691877,-47.65971323373287,-0.0122771028422804,0.9927872230808862,0.8894899536321483,0.9678001030396702,2174.4789358587427,0.1704545454545454,0.1818181818181818,0.1818181818181818,0.5454545454545454,1.0,71.32373260526042,0.2,-0.0181818181818181,1.4545454545454546,0.0303030303030303,0.33,-0.1481818181818182,4.181818181818182,0.0871212121212121,0.5,0.0454545454545454,15.363636363636363,0.3200757575757575,0.8,0.1999999999999999,34.54545454545455,0.7196969696969696,0.2895551995842511,0.7697748254508864,0.8995125707146961,1.0758474203407966,111.71903168236015,1496811.605866984,0.3431167850153296,1496811.605866984,0.3431167850153296,1.0,0.8894899536321483,0.5881818181818183,1.0,0.9648293997501436,0.9648293997501436,0.9056174417069252,0.8273005702407175,0.9678001030396702,0.5425109533128938,0.8888723753285896,0.8688170121475339,0.8888723753285896,0.8688170121475339,0.0,0.0072127769191138,601640.9222604446,0.1854714064914992,0.3024214322514168,0.3330757341576507,0.0,0.0,0.0,0.0,0.0,0.0,0.0,0.0,0.0,reward_jon_p95_oishift875to90_hdisceff,seed_000,runs/reward_jon_p95_oishift875to90_hdisceff/seed_000,,,,,,,,,True,False,True,True,True,True,True,False,True,7,True,False
19309.21353571369,4.97403748987988,0.0,0.0,7655.705209182979,1.972103351154812,1665.2154909893811,0.4289581378128236,-14.368558528665456,-0.0037013288327319,2269.993939747671,0.5847485676835834,6760.216528646926,1.7414262052155915,972.4509256754034,0.250502556845802,1.0,1.0,0.9618753219989696,2389.739421273139,0.1287878787878787,0.1818181818181818,0.3636363636363636,0.3636363636363636,0.9090909090909092,60.65728602067312,0.2,-0.0181818181818181,0.9090909090909092,0.0189393939393939,0.33,0.0336363636363636,5.181818181818182,0.1079545454545454,0.5,-0.1363636363636363,13.727272727272728,0.2859848484848485,0.8,0.109090909090909,33.0,0.6874999999999999,0.2971559022651638,0.7109638929878982,0.878705741367525,1.0167760898522455,106.9830688405046,1735385.6783344406,0.3694557451349333,1735385.6783344406,0.3694557451349333,1.0,1.0,0.7027272727272728,1.0,0.9575470094786338,0.9575470094786338,0.8364281093975273,0.8490168636147539,0.9618753219989696,0.5073923398200888,0.9313169139210292,0.9062422766616202,0.9313169139210292,0.9062422766616202,0.0,0.0,583838.9758422832,0.7743431221020093,0.4165378670788253,0.9678001030396702,0.0,0.0,0.0,0.0,0.0,0.0,0.0,0.0,0.0,reward_jon_p95_oishift875to90_hdisceff,seed_001,runs/reward_jon_p95_oishift875to90_hdisceff/seed_001,,,,,,,,,True,True,False,True,True,True,True,False,True,7,True,False
20753.30752943399,5.3460349122704764,0.0,0.0,4923.535732984918,1.2682987462609268,1712.6264061182696,0.4411711504683848,-7.087069169990718,-0.0018256231761954,6747.168430266531,1.7380650258285757,6793.946338965017,1.7501149765494637,583.1176902692439,0.1502106363393209,1.0,1.0,0.9799072642967542,2115.672671729116,0.1931818181818181,0.1818181818181818,0.1818181818181818,0.4545454545454545,1.0,24.347257533082452,0.2,-0.0181818181818181,1.0,0.0208333333333333,0.33,-0.1481818181818182,3.909090909090909,0.0814393939393939,0.5,-0.0454545454545454,14.909090909090908,0.3106060606060606,0.8,0.1999999999999999,38.27272727272727,0.7973484848484848,0.2961081158303688,0.5113744580461413,0.9838475626229448,1.1210578279188832,52.50598141842525,1441137.3120107069,0.3057426143901411,1441137.3120107069,0.3057426143901411,1.0,1.0,0.5881818181818181,1.0,0.9943466469180308,0.9943466469180308,0.6016170094660487,0.8460231880867681,0.9799072642967542,0.5923431808131452,0.9114447839287642,0.8679639165857508,0.9114447839287642,0.8679639165857508,0.0,0.0,686201.7032879754,0.9487377640391552,0.2400824317362184,0.9526017516743946,0.0,0.0,0.0,0.0,0.0,0.0,0.0,0.0,0.0,reward_jon_p95_oishift875to90_hdisceff,seed_002,runs/reward_jon_p95_oishift875to90_hdisceff/seed_002,,,,,,,,,False,True,True,True,True,True,True,False,True,7,True,False
23680.83806880973,6.100164365999416,0.0,0.0,5780.900046189138,1.4891550866020449,1690.811176205625,0.4355515652255604,-10.59010520948097,-0.0027280023723547,8638.73886021275,2.225332009328375,6788.592744980331,1.7487358951520688,792.3853464313701,0.2041178120637223,1.0,1.0,0.975785677485832,2197.194281786661,0.1287878787878787,0.1818181818181818,0.3636363636363636,0.5454545454545454,1.0,62.60865389741957,0.2,-0.0181818181818181,0.9090909090909092,0.0189393939393939,0.33,0.0336363636363636,7.090909090909091,0.1477272727272727,0.5,0.0454545454545454,11.818181818181818,0.2462121212121212,0.8,0.1999999999999999,37.54545454545455,0.7821969696969696,0.2913743933690103,0.5703137787474316,0.983713072830624,1.102080490631671,43.21847882232402,1278411.6057154608,0.2793422469512885,1278411.6057154608,0.2793422469512885,1.0,1.0,0.7027272727272729,1.0,0.9942995754907183,0.9942995754907183,0.6709573867616843,0.832498266768601,0.975785677485832,0.6275436707316153,0.9311212958190824,0.8969153055324883,0.9311212958190824,0.8969153055324883,0.0,0.0,703603.0511573446,1.0,0.0,1.0,0.0,0.0,0.0,0.0,0.0,0.0,0.0,0.0,0.0,reward_jon_p95_oishift875to90_hdisceff,seed_003,runs/reward_jon_p95_oishift875to90_hdisceff/seed_003,,,,,,,,,False,True,True,True,True,True,True,False,True,7,True,False
21679.7053264288,5.584674221130552,0.0,0.0,7275.937094468498,1.874275397853812,1762.169100219402,0.4539333076299335,-10.434513012534008,-0.0026879219506785,4853.994505418281,1.2503849833638023,6777.652093397777,1.745917592322972,1020.3870459373738,0.2628508619107094,1.0,1.0,0.9724368882019576,2217.955256672218,0.1666666666666666,0.1818181818181818,0.4545454545454545,0.5454545454545454,0.9090909090909092,-71.48994448385906,0.2,-0.0181818181818181,0.9090909090909092,0.0189393939393939,0.33,0.1245454545454545,6.181818181818182,0.1287878787878787,0.5,0.0454545454545454,12.363636363636363,0.2575757575757575,0.8,0.109090909090909,33.09090909090909,0.6893939393939394,0.3055441610534982,0.6812421159190062,0.977137059900554,1.086746379425171,44.9858118258631,1444257.358271235,0.3203372411156783,1444257.358271235,0.3203372411156783,1.0,1.0,0.7027272727272729,1.0,0.9919979709651938,0.9919979709651938,0.8014613128458896,0.8729833172957091,0.9724368882019576,0.5728836785124289,0.9339065154123252,0.9113621902979658,0.9339065154123252,0.9113621902979658,0.0,0.0,664722.6845515221,0.0,0.3941267387944359,0.3941267387944359,0.0,0.0,0.0,0.0,0.0,0.0,0.0,0.0,0.0,reward_jon_p95_oishift875to90_hdisceff,seed_004,runs/reward_jon_p95_oishift875to90_hdisceff/seed_004,,,,,,,,,False,True,True,True,True,True,True,True,True,8,True,False
18161.641028645856,4.678423758023147,0.0,0.0,3645.211662933693,0.9390035195604568,1496.2809360334925,0.3854407357118733,-4.832134282663464,-0.0012447538080019,4423.822898137533,1.1395731319262064,6800.016413246422,1.7516786226806855,1801.1412525773771,0.4639725019519261,1.0,1.0,0.9866048428645028,1918.5561618451216,0.2594696969696969,0.1818181818181818,0.1818181818181818,0.4545454545454545,0.7272727272727273,-452.81268887402433,0.2,-0.0181818181818181,0.9090909090909092,0.0189393939393939,0.33,-0.1481818181818182,2.727272727272727,0.0568181818181818,0.5,-0.0454545454545454,12.272727272727272,0.2556818181818182,0.8,-0.0727272727272727,25.545454545454547,0.5321969696969697,0.2569604904745822,0.4297774765888239,0.8972188733826798,1.24700363873967,105.85920918614278,1313648.3607258254,0.3194238514099821,1313648.3607258254,0.3194238514099821,1.0,1.0,0.7154545454545453,1.0,0.964026605683938,0.964026605683938,0.5056205606927341,0.7341728299273778,0.9866048428645028,0.5741015314533571,0.9268916587927244,0.8724971699365642,0.9268916587927244,0.8724971699365642,0.0,0.0,729973.7993897845,1.0,0.0,1.0,0.0,0.0,0.0,0.0,0.0,0.0,0.0,0.0,0.0,reward_jon_p95_oishift875to90_hdisceff,seed_005,runs/reward_jon_p95_oishift875to90_hdisceff/seed_005,,,,,,,,,False,True,True,True,True,True,True,False,True,7,True,False
20578.24354262808,5.300938573577557,0.0,0.0,6735.0935634954185,1.7349545501018595,1793.0745188196477,0.4618945179854837,-10.09126192254014,-0.0025995007528439,4795.248980461564,1.2352521845599085,6570.756184836665,1.692621376825519,694.1615569373217,0.1788154448576305,1.0,0.6604842864502833,0.9706336939721792,2077.2728770241856,0.1666666666666666,0.1818181818181818,0.2727272727272727,0.5454545454545454,1.0,221.0387083556729,0.2,-0.0181818181818181,0.9090909090909092,0.0189393939393939,0.33,-0.0572727272727273,5.636363636363637,0.1174242424242424,0.5,0.0454545454545454,14.272727272727272,0.2973484848484848,0.8,0.1999999999999999,40.63636363636363,0.8465909090909091,0.3119081714010026,0.6380989942274212,0.985409891554169,1.0358446915165564,21.337573279034007,1647384.397124539,0.3471626812929781,1647384.397124539,0.3471626812929781,1.0,0.6604842864502833,0.6790909090909092,1.0,0.9948934620439592,0.9948934620439592,0.7507046990910838,0.8911662040028646,0.9706336939721792,0.5371164249426958,0.8685571115306802,0.835054196324891,0.8685571115306802,0.835054196324891,0.0,0.0,641529.213902417,0.0,0.3933539412673879,0.3933539412673879,0.0,0.0,0.0,0.0,0.0,0.0,0.0,0.0,0.0,reward_jon_p95_oishift875to90_hdisceff,seed_006,runs/reward_jon_p95_oishift875to90_hdisceff/seed_006,,,,,,,,,False,False,True,True,True,True,True,True,True,7,True,False
21714.649178487925,5.593675728616158,0.0,0.0,7985.500336952704,2.057058304212443,1480.3817805895076,0.3813451263754527,-12.180843070819977,-0.0031377751341627,6249.824553528275,1.6099496531499935,6540.933667262418,1.684939120881612,-529.8103167741605,-0.1364787008691809,1.0,1.0,0.9657393096342092,2167.9667617253244,0.1609848484848484,0.1818181818181818,0.1818181818181818,0.5454545454545454,1.0,293.1591127239958,0.2,-0.0181818181818181,1.9090909090909087,0.0397727272727272,0.33,-0.1481818181818182,5.545454545454546,0.115530303030303,0.5,0.0454545454545454,13.818181818181818,0.2878787878787878,0.8,0.1999999999999999,38.27272727272727,0.7973484848484848,0.2626933687364811,0.7563052588428664,0.9827052383815332,1.1498777120180146,65.59971297793247,1290949.5679604318,0.3089002258189063,1290949.5679604318,0.3089002258189063,1.0,1.0,0.5881818181818183,1.0,0.9939468334335366,0.9939468334335366,0.8897708927563134,0.7505524821042319,0.9657393096342092,0.5881330322414582,0.9032218843803832,0.8912174091856244,0.9032218843803832,0.8912174091856244,0.0,0.0,585881.8151512144,0.0,0.214064914992272,0.214064914992272,0.0,0.0,0.0,0.0,0.0,0.0,0.0,0.0,0.0,reward_jon_p95_oishift875to90_hdisceff,seed_007,runs/reward_jon_p95_oishift875to90_hdisceff/seed_007,,,,,,,,,True,True,True,True,True,True,True,False,True,8,True,False
23456.56140024089,6.042390881051234,0.0,0.0,6089.705612355767,1.5687031458927787,1631.1845677964022,0.420191800050593,-8.979220039248467,-0.0023130396803834,8134.63391040091,2.0954749897993072,6787.8602246095925,1.7485471985083958,822.1563051174649,0.2117867864805422,1.0,1.0,0.977331272539928,2043.6468049409716,0.2045454545454545,0.1818181818181818,0.3636363636363636,0.5454545454545454,0.8181818181818182,74.1412961162401,0.2,-0.0181818181818181,1.0,0.0208333333333333,0.33,0.0336363636363636,5.454545454545454,0.1136363636363636,0.5,0.0454545454545454,15.727272727272728,0.3276515151515152,0.8,0.0181818181818181,34.54545454545455,0.7196969696969696,0.2804051208920122,0.5941845551331414,0.9808907901431684,1.148789823962115,62.74701163244741,1103233.3871157905,0.2470692722939984,1103233.3871157905,0.2470692722939984,1.0,1.0,0.8845454545454546,1.0,0.9933117765501088,0.9933117765501088,0.6990406530978134,0.8011574882628922,0.977331272539928,0.6705743036080021,0.962219990393545,0.934399949569035,0.962219990393545,0.934399949569035,0.0,0.0,699216.7569073128,0.9685729005667182,0.1360123647604327,0.9685729005667182,0.0,0.0,0.0,0.0,0.0,0.0,0.0,0.0,0.0,reward_jon_p95_oishift875to90_hdisceff,seed_008,runs/reward_jon_p95_oishift875to90_hdisceff/seed_008,,,,,,,,,False,True,True,True,True,True,True,False,True,7,True,False
23398.902126077213,6.027537899556211,0.0,0.0,5082.068942070489,1.3091367702396932,1753.6458470729576,0.451737724645275,-9.87072032958269,-0.0025426894202943,8644.393485229044,2.2267886360713662,6786.695772658774,1.748247236645743,1141.9687993755329,0.2941702213744289,1.0,1.0,0.975785677485832,2157.2532965242863,0.168560606060606,0.1818181818181818,0.3636363636363636,0.5454545454545454,0.9090909090909092,-143.82644422894174,0.2,-0.0181818181818181,0.9090909090909092,0.0189393939393939,0.33,0.0336363636363636,6.0,0.1249999999999999,0.5,0.0454545454545454,12.0,0.25,0.8,0.109090909090909,31.181818181818183,0.6496212121212122,0.3014729958388434,0.5192146418126184,0.9832323776723372,1.1090207667413483,45.98473913156533,1633891.1618148135,0.3494176916295956,1633891.1618148135,0.3494176916295956,1.0,1.0,0.7936363636363638,1.0,0.994131332185318,0.994131332185318,0.6108407550736688,0.8613514166824098,0.975785677485832,0.5341097444938725,0.9499519487292848,0.9104944693801154,0.9499519487292848,0.9104944693801154,0.0,0.0,683821.437135382,0.0,0.0,0.0,0.0,0.0,0.0,0.0,0.0,0.0,0.0,0.0,0.0,reward_jon_p95_oishift875to90_hdisceff,seed_009,runs/reward_jon_p95_oishift875to90_hdisceff/seed_009,,,,,,,,,False,True,True,True,True,True,True,False,True,7,True,False
8719.292902421399,2.246082664199227,0.0,0.0,2701.126095570181,0.6958078556337406,1072.2174294509512,0.2762023259791218,-7.155363699346781,-0.0018432157906612,-794.2036118219389,-0.2045861957295051,6034.57683170872,1.5545020174417103,-287.26847878716615,-0.0740001233351793,0.8238021638330757,0.8997939206594538,0.9819680577022154,2074.50556299144,0.1875,0.1818181818181818,0.2727272727272727,0.6363636363636364,1.0,197.2524667473212,0.2,-0.0181818181818181,1.3636363636363635,0.0284090909090909,0.33,-0.0572727272727273,4.363636363636363,0.0909090909090909,0.5,0.1363636363636363,15.727272727272728,0.3276515151515151,0.8,0.1999999999999999,36.54545454545455,0.7613636363636364,0.1861706070509765,0.453829338414466,0.8723897710330611,1.7364876270631096,336.71574934616416,497051.8637954508,0.1358319284272741,497051.8637954508,0.1358319284272741,1.0,0.8997939206594538,0.5881818181818181,1.0,0.9553364198615716,0.9553364198615716,0.5339168687229012,0.5319160201456472,0.9819680577022154,0.8188907620969678,0.8696701912928229,0.817748322505252,0.8696701912928229,0.817748322505252,0.1761978361669242,0.0,604275.8717432113,0.9611025244719216,0.0388974755280783,0.9631633178773829,0.1166924265842349,0.0,0.0,0.0927357032457496,0.0112769273937187,0.0239567233384853,0.0,0.0,0.0,reward_jon_p95_oishift875to90_hdisceff,seed_010,runs/reward_jon_p95_oishift875to90_hdisceff/seed_010,,,,,,,,,False,False,True,True,True,True,True,False,True,6,True,False
24125.49525737784,6.21470769123592,0.0,0.0,6327.624501300175,1.629990855564187,1776.9458678456815,0.457739790789717,-10.160014291889963,-0.0026172113065146,8480.603519261966,2.1845964758531595,6731.651835550424,1.734067963820305,818.8295477114833,0.2109298165150652,1.0,1.0,0.9726944873776404,2146.5538907869523,0.1553030303030303,0.1818181818181818,0.3636363636363636,0.5454545454545454,0.9090909090909092,76.72388180717826,0.2,-0.0181818181818181,0.9090909090909092,0.0189393939393939,0.33,0.0336363636363636,5.454545454545454,0.1136363636363636,0.5,0.0454545454545454,13.545454545454543,0.2821969696969696,0.8,0.109090909090909,35.72727272727273,0.7443181818181818,0.3067161406972686,0.6079634292151981,0.991857902103844,1.0712150884574978,30.408336816320578,1501174.2147716482,0.3209876547096832,1501174.2147716482,0.3209876547096832,1.0,1.0,0.7936363636363638,1.0,0.9971502657363454,0.9971502657363454,0.7152510931943507,0.8763318305636246,0.9726944873776404,0.572016460387089,0.9508436405122616,0.92213375109104,0.9508436405122616,0.92213375109104,0.0,0.0,692670.6554088587,0.0,0.2712519319938176,0.2712519319938176,0.0,0.0,0.0,0.0,0.0,0.0,0.0,0.0,0.0,reward_jon_p95_oishift875to90_hdisceff,seed_011,runs/reward_jon_p95_oishift875to90_hdisceff/seed_011,,,,,,,,,False,True,True,True,True,True,True,True,True,8,True,False
21287.498730012987,5.483642125196544,0.0,0.0,5596.000059320537,1.4415250024009627,1544.9899333732578,0.3979881332749247,-8.891166085749864,-0.0022903570545465,6083.296902156366,1.567052267428224,6722.776956338055,1.731781802250916,1349.326044910521,0.3475852768960641,1.0,1.0,0.9768160741885626,2124.2327346718976,0.1799242424242424,0.1818181818181818,0.3636363636363636,0.5454545454545454,0.7272727272727273,-372.4120476539388,0.2,-0.0181818181818181,1.0,0.0208333333333333,0.33,0.0336363636363636,5.545454545454546,0.115530303030303,0.5,0.0454545454545454,11.818181818181818,0.2462121212121212,0.8,-0.0727272727272727,24.272727272727277,0.5056818181818182,0.2653860670036107,0.5553238477809233,0.955471026749872,1.2895204833559035,121.8847521567738,1282491.2572336325,0.3168269621967799,1282491.2572336325,0.3168269621967799,1.0,1.0,0.8300000000000001,1.0,0.9844148593624552,0.9844148593624552,0.6533221738599098,0.7582459057246022,0.9768160741885626,0.5775640504042934,0.9489629818268208,0.91496828825414,0.9489629818268208,0.91496828825414,0.0,0.0,679422.1817111499,0.0,0.0,0.0,0.0,0.0,0.0,0.0,0.0,0.0,0.0,0.0,0.0,reward_jon_p95_oishift875to90_hdisceff,seed_012,runs/reward_jon_p95_oishift875to90_hdisceff/seed_012,,,,,,,,,False,True,True,True,True,True,True,False,True,7,True,False
21944.078235013232,5.652776464454722,0.0,0.0,4553.2308408129775,1.1729085112861868,1661.029186954873,0.4278797493443774,-11.341492422670123,-0.0029215590990907,8266.425258919695,2.129424332539849,6723.920173336253,1.732076294007278,750.8142674121036,0.1934091363761214,1.0,1.0,0.9747552807831016,2116.1595950418646,0.1931818181818181,0.1818181818181818,0.4545454545454545,0.4545454545454545,0.8181818181818182,-43.57073054440094,0.2,-0.0181818181818181,0.9090909090909092,0.0189393939393939,0.33,0.1245454545454545,7.545454545454546,0.1571969696969697,0.5,-0.0454545454545454,13.363636363636363,0.2784090909090909,0.8,0.0181818181818181,28.727272727272727,0.5984848484848485,0.2852531662295849,0.4832711972194527,0.9613448256617286,1.0893395340188252,37.2545438946368,1587034.4015858234,0.3401607047873314,1587034.4015858234,0.3401607047873314,1.0,1.0,0.7936363636363636,1.0,0.9864706889816052,0.9864706889816052,0.5685543496699443,0.8150090463702426,0.9747552807831016,0.5464523936168915,0.9463989912031676,0.9023650618482556,0.9463989912031676,0.9023650618482556,0.0,0.0,639826.6362813214,0.0,0.0,0.0,0.0,0.0,0.0,0.0,0.0,0.0,0.0,0.0,0.0,reward_jon_p95_oishift875to90_hdisceff,seed_013,runs/reward_jon_p95_oishift875to90_hdisceff/seed_013,,,,,,,,,False,True,True,True,True,True,True,False,True,7,True,False
14614.383873782315,3.76465323899596,0.0,0.0,3710.055564805516,0.9557072552306842,1339.047510414082,0.3449375348825558,-8.629795855134725,-0.0022230282985921,1283.6939014662792,0.3306784908465428,6366.019806472785,1.6398814545267348,1924.1968864787875,0.4956715318080338,0.9062339000515198,0.9526017516743946,0.9788768675940236,2152.769900819192,0.1628787878787878,0.1818181818181818,0.1818181818181818,0.2727272727272727,0.7272727272727273,-459.0360467422641,0.2,-0.0181818181818181,0.9090909090909092,0.0189393939393939,0.33,-0.1481818181818182,5.363636363636363,0.1117424242424242,0.5,-0.2272727272727273,10.0,0.2083333333333333,0.8,-0.0727272727272727,25.818181818181817,0.537878787878788,0.23001556012434,0.4842117624214928,0.8564025260614492,1.6208166059331142,266.6295716797258,1032662.293658346,0.2817366961457127,1032662.293658346,0.2817366961457127,1.0,0.9526017516743946,0.5336363636363636,1.0,0.9497408841215071,0.9497408841215071,0.569660896966462,0.6571873146409716,0.9788768675940236,0.6243510718057164,0.8785151348079303,0.825965098694849,0.8785151348079303,0.825965098694849,0.0937660999484801,0.0,673284.878997535,0.1403915507470376,0.0,0.1403915507470376,0.0497166409067491,0.0,0.0,0.0368366821226172,0.00516102903815,0.0128799587841318,0.0,0.0,0.0,reward_jon_p95_oishift875to90_hdisceff,seed_014,runs/reward_jon_p95_oishift875to90_hdisceff/seed_014,,,,,,,,,False,False,True,True,True,True,True,False,True,6,True,False
16652.461612037303,4.289660384347579,0.0,0.0,4855.355299445154,1.2507355227833987,1537.276996642565,0.396001287131006,-8.6841199327074,-0.0022370221361945,3761.389980925333,0.9689309585072986,6769.428164385703,1.7437991149885892,-262.30470942874786,-0.0675694769265192,1.0,1.0,0.977331272539928,1994.943153157115,0.2424242424242424,0.1818181818181818,0.3636363636363636,0.8181818181818182,1.0,721.3874285818275,0.2,-0.0181818181818181,1.181818181818182,0.0246212121212121,0.33,0.0336363636363636,5.2727272727272725,0.1098484848484848,0.5,0.3181818181818182,23.454545454545453,0.4886363636363635,0.8,0.1999999999999999,41.0,0.8541666666666667,0.2656244489442519,0.5439817215989445,0.9233986460115948,1.2326540670124426,103.86589032971726,927817.4482128175,0.1889079897505986,927817.4482128175,0.1889079897505986,1.0,1.0,0.4981818181818182,1.0,0.9731895261040582,0.9731895261040582,0.6399784959987583,0.7589269969835771,0.977331272539928,0.7481226803325352,0.8882193702142629,0.8450850319332264,0.8882193702142629,0.8450850319332264,0.0,0.0,650504.1714691297,1.0,0.0,1.0,0.0,0.0,0.0,0.0,0.0,0.0,0.0,0.0,0.0,reward_jon_p95_oishift875to90_hdisceff,seed_015,runs/reward_jon_p95_oishift875to90_hdisceff/seed_015,,,,,,,,,False,True,True,True,True,True,True,False,True,7,True,False
15781.82560603292,4.065385266881226,-143.8916084627842,-0.037066359727662,8134.199173982757,2.095363002056352,,,-14.827268889978509,-0.0038194922436832,-943.115143130472,-0.2429456834442225,6578.237785256748,1.6945486309265192,-112.97054061180349,-0.0291011181380225,0.9526017516743946,0.8353941267387944,0.9647089129314786,2220.765390368837,0.1458333333333333,0.1818181818181818,0.3636363636363636,0.3636363636363636,1.0,321.6275641139258,0.2,-0.0181818181818181,1.6363636363636365,0.034090909090909,0.33,0.0336363636363636,6.454545454545454,0.1344696969696969,0.5,-0.1363636363636363,12.545454545454543,0.2613636363636364,0.8,0.1999999999999999,39.63636363636363,0.8257575757575758,0.3238295754717741,0.8346293930376666,0.8010758178272558,0.7352602955378219,145.2311327251201,1696117.373062361,0.3528787404677411,1696117.373062361,0.3528787404677411,0.4668191995526992,0.8353941267387944,0.6118181818181818,0.7352602955378219,0.7582957283391238,0.7582957283391238,0.98191693298549,0.9252273584907832,0.9647089129314786,0.5294950127096785,0.6819109576398592,0.727153954159422,0.6819109576398592,0.727153954159422,0.0,0.0473982483256053,500184.4310196473,0.4193714580113343,0.5334878928387429,0.6707882534775889,0.0,0.0,0.0,0.0,0.0,0.0,0.0149407521895929,285539.24140126863,4923.09036898739,reward_jon_p95_oishift875to90_heff,seed_000,runs/reward_jon_p95_oishift875to90_heff/seed_000,2284.1932078884483,0.5884062874519445,,,,,,,True,False,True,True,True,True,True,True,False,7,False,False
18699.6578981798,4.817016460118444,0.0,0.0,8323.109510317096,2.144026148974007,,,-14.475407074289397,-0.0037288529300075,-49.37064996181812,-0.0127178387330804,6762.627722806868,1.7420473268436034,1564.9671010220638,0.403134235193731,1.0,1.0,0.9574961360123648,2307.3674848878927,0.1590909090909091,0.1818181818181818,0.2727272727272727,0.4545454545454545,0.7272727272727273,-18.913406157922577,0.2,-0.0181818181818181,1.0,0.0208333333333333,0.33,-0.0572727272727273,4.0,0.0833333333333333,0.5,-0.0454545454545454,13.818181818181818,0.2878787878787878,0.8,-0.0727272727272727,28.454545454545453,0.5928030303030304,0.3002535189776679,0.7736203401280878,0.8665692483648955,0.9570035397896888,147.1654941937363,2015873.989173108,0.4308978585160122,2015873.989173108,0.4308978585160122,1.0,1.0,0.8063636363636363,0.9570035397896888,0.9253515377910112,0.9253515377910112,0.9101415766212798,0.8578671970790511,0.9574961360123648,0.4254695219786504,0.9427695656099656,0.9281253591476284,0.9427695656099656,0.9281253591476284,0.0,0.0,528257.7290027492,0.8977331272539928,0.3418341061308604,0.996393611540443,0.0,0.0,0.0,0.0,0.0,0.0,0.0,0.0,0.0,reward_jon_p95_oishift875to90_heff,seed_001,runs/reward_jon_p95_oishift875to90_heff/seed_001,2112.799621069877,0.5442554407701898,,,,,,,True,True,False,True,True,True,True,False,False,6,True,False
24665.55078061505,6.35382554884468,0.0,0.0,6065.887318254807,1.5625675729662047,,,-8.959031217470764,-0.0023078390565354,8215.886747153581,2.116405653568671,6789.553415750511,1.7489833631505696,1566.253082734586,0.4034655030228196,1.0,1.0,0.9778464708912932,2200.5193888135627,0.1742424242424242,0.0,0.2727272727272727,0.4545454545454545,0.9090909090909092,-240.06367341632196,0.2,-0.2,0.7272727272727273,0.0151515151515151,0.33,-0.0572727272727273,5.545454545454546,0.115530303030303,0.5,-0.0454545454545454,12.818181818181818,0.2670454545454545,0.8,0.109090909090909,30.545454545454547,0.6363636363636364,0.2920101022985994,0.590399035416477,0.9643883117964313,1.1289918558399483,54.628470309218734,1379289.5865124755,0.3133309695554087,1379289.5865124755,0.3133309695554087,1.0,1.0,0.5881818181818181,1.0,0.9875359091287508,0.9875359091287508,0.694587100489973,0.8343145779959984,0.9778464708912932,0.5822253739261216,0.9104120786665468,0.8752103079554756,0.9104120786665468,0.8752103079554756,0.0,0.0,709419.4567347437,0.9930448222565688,0.0,0.9930448222565688,0.0,0.0,0.0,0.0,0.0,0.0,0.0,0.0,0.0,reward_jon_p95_oishift875to90_heff,seed_002,runs/reward_jon_p95_oishift875to90_heff/seed_002,2036.9292479390317,0.5247112951929499,,,,,,,False,True,True,False,True,True,True,False,True,6,True,False
23745.889127431845,6.116921465077755,0.0,0.0,6333.8716426071605,1.6316001140152396,,,-6.57569030623883,-0.0016938924024314,7625.951425053654,1.9644388008896585,6780.173867949474,1.7465671993687464,994.601663826594,0.2562085687343106,1.0,1.0,0.9819680577022154,2059.728250802109,0.1875,0.1818181818181818,0.2727272727272727,0.4545454545454545,0.8181818181818182,-241.51171120510185,0.2,-0.0181818181818181,0.9090909090909092,0.0189393939393939,0.33,-0.0572727272727273,2.909090909090909,0.0606060606060606,0.5,-0.0454545454545454,12.727272727272728,0.2651515151515151,0.8,0.0181818181818181,32.90909090909091,0.6856060606060606,0.2872114009831367,0.6108328081147633,0.948910285834042,1.1629105792306378,69.05301168918793,1312554.7303622626,0.3090850380005727,1312554.7303622626,0.3090850380005727,1.0,1.0,0.8609090909090908,1.0,0.9821186000419146,0.9821186000419146,0.7186268330761921,0.8206040028089621,0.9819680577022154,0.5878866159992364,0.9596929045383384,0.9305968245233792,0.9596929045383384,0.9305968245233792,0.0,0.0,693657.5579178547,0.997166409067491,0.0,0.997166409067491,0.0,0.0,0.0,0.0,0.0,0.0,0.0,0.0,0.0,reward_jon_p95_oishift875to90_heff,seed_003,runs/reward_jon_p95_oishift875to90_heff/seed_003,2017.8662183012,0.5198006744722309,,,,,,,False,True,True,True,True,True,True,False,True,7,True,False
24816.605244385457,6.39273705419512,0.0,0.0,7260.91915050896,1.870406787869387,,,-10.917109661363066,-0.002812238449604,8350.35013910085,2.151043312493779,6755.485667032829,1.7402075391635314,566.666725687373,0.1459728814238467,1.0,1.0,0.9721792890262752,2260.7708398061754,0.1818181818181818,0.1818181818181818,0.4545454545454545,0.4545454545454545,1.0,122.4067651424557,0.2,-0.0181818181818181,0.9090909090909092,0.0189393939393939,0.33,0.1245454545454545,6.181818181818182,0.1287878787878787,0.5,-0.0454545454545454,17.0,0.3541666666666666,0.8,0.1999999999999999,36.09090909090909,0.7518939393939394,0.2710663651782671,0.6809520806006469,0.9798885850270908,1.1389303049908344,58.696090579581615,960975.8853069424,0.2217317594342458,960975.8853069424,0.2217317594342458,1.0,1.0,0.6118181818181818,1.0,0.9929610047594818,0.9929610047594818,0.8011200948242906,0.7744753290807633,0.9721792890262752,0.7043576540876723,0.9098324296913612,0.8884005777033137,0.9098324296913612,0.8884005777033137,0.0,0.0,622937.2575411395,0.9605873261205564,0.0,0.9605873261205564,0.0,0.0,0.0,0.0,0.0,0.0,0.0,0.0,0.0,reward_jon_p95_oishift875to90_heff,seed_004,runs/reward_jon_p95_oishift875to90_heff/seed_004,1894.1006717168088,0.4879187716941805,,,,,,,False,True,True,True,True,True,True,False,True,7,True,False
19285.9495679221,4.968044710953658,0.0,0.0,5796.475734972153,1.4931673711932387,,,-6.051036581844091,-0.0015587420355085,4104.477663026082,1.0573100626033185,6776.307440111668,1.7455712107448913,797.0573281944537,0.2053213107146969,1.0,1.0,0.9853168469860896,2060.331844149892,0.2196969696969697,0.1818181818181818,0.2727272727272727,0.2727272727272727,0.6363636363636364,-514.3562788301797,0.2,-0.0181818181818181,1.3636363636363635,0.0284090909090909,0.33,-0.0572727272727273,3.727272727272727,0.0776515151515151,0.5,-0.2272727272727273,11.090909090909092,0.231060606060606,0.8,-0.1636363636363637,25.90909090909091,0.5397727272727273,0.2395300039214836,0.5743597223910301,0.8717678791819862,1.3103125821193329,128.5695680382611,844243.0972655556,0.23364863485513,844243.0972655556,0.23364863485513,1.0,1.0,0.5336363636363635,1.0,0.9551187577136953,0.9551187577136953,0.6757173204600354,0.6843714397756675,0.9853168469860896,0.6884684868598266,0.8897266215071318,0.8488071706541033,0.8897266215071318,0.8488071706541033,0.0,0.0,729787.624098139,1.0,0.0,1.0,0.0,0.0,0.0,0.0,0.0,0.0,0.0,0.0,0.0,reward_jon_p95_oishift875to90_heff,seed_005,runs/reward_jon_p95_oishift875to90_heff/seed_005,1817.6824381995848,0.4682334977330204,,,,,,,False,True,True,True,True,True,False,False,True,6,True,False
24887.930854440165,6.411110472550274,0.0,0.0,6222.391750617364,1.6028829857334783,,,-4.815682946667074,-0.0012405159574103,8539.36053146773,2.1997322337629392,6610.011757840259,1.7027335800721943,1197.362280636265,0.3084395364853851,1.0,0.8302421432251417,0.9804224626481196,1967.967821991692,0.2064393939393939,0.1818181818181818,0.1818181818181818,0.4545454545454545,0.9090909090909092,-330.6563550043061,0.2,-0.0181818181818181,1.0,0.0208333333333333,0.33,-0.1481818181818182,2.1818181818181817,0.0454545454545454,0.5,-0.0454545454545454,11.636363636363637,0.2424242424242424,0.8,0.109090909090909,33.27272727272727,0.6931818181818182,0.3270809382524303,0.5995451360708538,0.9848557165537593,1.1148595522927882,48.05792239862792,1917756.380952772,0.4179360307566128,1917756.380952772,0.4179360307566128,1.0,0.8302421432251417,0.6790909090909091,1.0,0.9946995007938156,0.9946995007938156,0.7053472189068869,0.9345169664355152,0.9804224626481196,0.4427519589911829,0.903664850105882,0.8670882039668436,0.903664850105882,0.8670882039668436,0.0,0.0,656644.8499974346,0.0,0.0,0.0,0.0,0.0,0.0,0.0,0.0,0.0,0.0,0.0,0.0,reward_jon_p95_oishift875to90_heff,seed_006,runs/reward_jon_p95_oishift875to90_heff/seed_006,2323.620216825218,0.5985626524536883,,,,,,,False,False,True,True,True,True,True,True,True,7,True,False
25266.40655506383,6.508605501046839,0.0,0.0,7971.684454916663,2.0534993443886305,,,-11.709685777090488,-0.0030164054036812,7608.405361777421,1.9599189494532252,6557.445053417804,1.6891924403446172,1093.3373322128816,0.2816427955210926,0.9981968057702216,0.9894384337970118,0.9714064914992272,2242.8823485101643,0.1912878787878787,0.1818181818181818,0.4545454545454545,0.4545454545454545,0.8181818181818182,-33.0937590044782,0.2,-0.0181818181818181,0.9090909090909092,0.0189393939393939,0.33,0.1245454545454545,7.181818181818182,0.1496212121212121,0.5,-0.0454545454545454,12.636363636363637,0.2632575757575757,0.8,0.0181818181818181,31.454545454545453,0.6553030303030303,0.273095197910221,0.7565212076194353,0.9786578644131132,1.1905458965308446,81.06348159041586,1286355.3683146168,0.3167115502994128,1286355.3683146168,0.3167115502994128,1.0,0.9894384337970118,0.7936363636363636,1.0,0.9925302525445896,0.9925302525445896,0.8900249501405122,0.780271994029203,0.9714064914992272,0.5777179329341162,0.9416062659440844,0.9317074292860658,0.9416062659440844,0.9317074292860658,0.0,0.0018031942297784,611579.8163639193,0.0,0.0162287480680061,0.0162287480680061,0.0,0.0,0.0,0.0,0.0,0.0,0.0,0.0,0.0,reward_jon_p95_oishift875to90_heff,seed_007,runs/reward_jon_p95_oishift875to90_heff/seed_007,2047.2440385161503,0.5273683767429548,,,,,,,True,True,True,True,True,True,True,False,True,8,True,False
23894.04092428506,6.155085245823044,0.0,0.0,6683.394707801777,1.7216369674914418,,,-10.601027178950607,-0.0027308158626869,7307.235324898367,1.882337796212872,6773.52962277423,1.7448556472885703,1191.2542266737655,0.3068661068196202,1.0,1.0,0.9760432766615148,2311.203284992564,0.1534090909090909,0.1818181818181818,0.4545454545454545,0.4545454545454545,0.7272727272727273,-140.3276953128251,0.2,-0.0181818181818181,1.181818181818182,0.0246212121212121,0.33,0.1245454545454545,6.909090909090909,0.1439393939393939,0.5,-0.0454545454545454,12.545454545454543,0.2613636363636363,0.8,-0.0727272727272727,29.545454545454547,0.615530303030303,0.2711391680232684,0.6361641058472879,0.9750122182501548,1.2234263291479883,94.00326961144022,1088479.1340101464,0.2608927225203563,1088479.1340101464,0.2608927225203563,1.0,1.0,0.739090909090909,1.0,0.9912542763875544,0.9912542763875544,0.7484283598203387,0.7746833372093382,0.9760432766615148,0.6521430366395249,0.9334711627069806,0.9084482037712692,0.9334711627069806,0.9084482037712692,0.0,0.0,655636.6930796412,0.973724884080371,0.0,0.973724884080371,0.0,0.0,0.0,0.0,0.0,0.0,0.0,0.0,0.0,reward_jon_p95_oishift875to90_heff,seed_008,runs/reward_jon_p95_oishift875to90_heff/seed_008,1949.22806931587,0.5021195438732278,,,,,,,False,True,True,True,True,True,True,False,True,7,True,False
23582.01381912781,6.074707320743897,0.0,0.0,6602.658187167484,1.7008393063285636,,,-8.923846583217383,-0.0022987755237551,7560.351360502061,1.94754027833644,6728.660873051539,1.7332974943460946,734.8306565471895,0.1892917713928875,1.0,1.0,0.9778464708912932,2201.965469523587,0.1212121212121212,0.1818181818181818,0.3636363636363636,0.5454545454545454,1.0,-82.75820254647371,0.2,-0.0181818181818181,0.9090909090909092,0.0189393939393939,0.33,0.0336363636363636,5.727272727272728,0.1193181818181818,0.5,0.0454545454545454,11.727272727272728,0.2443181818181818,0.8,0.1999999999999999,35.90909090909091,0.7481060606060606,0.2754269817525048,0.6307791596107367,0.9440286079927196,1.1511425682323615,63.77606363455637,1054448.998171265,0.2541164157976876,1054448.998171265,0.2541164157976876,1.0,1.0,0.7027272727272729,1.0,0.980410012797452,0.980410012797452,0.742093128953808,0.7869342335785854,0.9778464708912932,0.6611781122697498,0.927858552835241,0.8990758052238196,0.927858552835241,0.8990758052238196,0.0,0.0,702356.3026703605,0.0,0.0,0.0,0.0,0.0,0.0,0.0,0.0,0.0,0.0,0.0,0.0,reward_jon_p95_oishift875to90_heff,seed_009,runs/reward_jon_p95_oishift875to90_heff/seed_009,1964.4365884427536,0.5060372458636666,,,,,,,False,True,True,True,True,True,True,False,True,7,True,False
-7325.143300948179,-1.8869508760814475,0.0,0.0,-3896.039457022656,-1.003616552556068,,,-10.14375,-0.0026130216383307,-7530.715083455449,-1.9399059977989304,2929.28678062716,0.7545818600276043,714.8415027582096,0.1841425818542528,0.4997424008243173,0.6267387944358578,0.9775888717156104,2249.254642198226,0.1496212121212121,0.1818181818181818,0.3636363636363636,0.3636363636363636,0.9090909090909092,-228.19244207196212,0.2,-0.0181818181818181,1.181818181818182,0.0246212121212121,0.33,0.0336363636363636,7.090909090909091,0.1477272727272727,0.5,-0.1363636363636363,10.090909090909092,0.2102272727272727,0.8,0.109090909090909,33.45454545454545,0.696969696969697,0.0722212399520929,0.1611604253423289,0.7028470912615075,2.2535421199714296,659.0315966859374,54892.6899728033,0.0261259794561896,54892.6899728033,0.0261259794561896,1.0,0.6267387944358578,0.7027272727272728,1.0,0.8959964819415276,0.8959964819415276,0.1896005004027399,0.2063463998631227,0.9775888717156104,0.9651653607250804,0.8158639243483122,0.7232493234401423,0.8158639243483122,0.7232493234401423,0.5002575991756827,0.0,453395.323719703,1.0,0.0,1.0,0.4232354456465739,0.0,0.0,0.2836166924265842,0.0482617535917317,0.1396187532199897,0.0,0.0,0.0,reward_jon_p95_oishift875to90_heff,seed_010,runs/reward_jon_p95_oishift875to90_heff/seed_010,467.62670614455664,0.1204602540300248,,,,,,,False,False,True,True,True,True,True,False,True,6,True,False
26352.564867271183,6.7883989869322985,0.0,0.0,6713.589562114256,1.7294151370721935,,,-7.786608842536808,-0.0020058240192006,8538.526298974768,2.199517336160425,6699.812420614585,1.725866156778615,2142.611373100031,0.5519349235188127,1.0,1.0,0.978619268418341,2128.279892747074,0.1799242424242424,0.0,0.2727272727272727,0.3636363636363636,0.7272727272727273,-172.39764015579766,0.2,-0.2,0.7272727272727273,0.0151515151515151,0.33,-0.0572727272727273,4.727272727272728,0.0984848484848484,0.5,-0.1363636363636363,12.363636363636363,0.2575757575757575,0.8,-0.0727272727272727,32.09090909090909,0.668560606060606,0.3115330130423673,0.6367354363509921,0.9862660464743556,1.123657848178944,52.211723223242856,1591192.587770651,0.3540658736027472,1591192.587770651,0.3540658736027472,1.0,1.0,0.5336363636363636,1.0,0.9951931162660244,0.9951931162660244,0.7491005133541083,0.8900943229781924,0.978619268418341,0.5279121685296704,0.90465351935474,0.8741116268857151,0.90465351935474,0.8741116268857151,0.0,0.0,675052.1699068052,0.0,0.0,0.0,0.0,0.0,0.0,0.0,0.0,0.0,0.0,0.0,0.0,reward_jon_p95_oishift875to90_heff,seed_011,runs/reward_jon_p95_oishift875to90_heff/seed_011,2265.81182131008,0.5836712574214529,,,,,,,False,True,True,False,True,True,True,True,True,7,True,False
17374.16720290683,4.47557114964112,-230.25923915263883,-0.0593145901990311,7821.2653018112815,2.0147514945418035,,,-12.75454299114426,-0.0032855597607275,-1198.6475538472112,-0.3087706218050518,6705.276431875778,1.7272736815754195,2054.085932500446,0.5291308429934173,0.9242658423493044,1.0,0.9657393096342092,2063.6514513970847,0.1818181818181818,0.0909090909090909,0.1818181818181818,0.4545454545454545,0.8181818181818182,-300.2848732535812,0.2,-0.1090909090909091,0.7272727272727273,0.0151515151515151,0.33,-0.1481818181818182,2.5454545454545454,0.053030303030303,0.5,-0.0454545454545454,12.0,0.25,0.8,0.0181818181818181,27.90909090909091,0.581439393939394,0.2956328870632476,0.8635997533591616,0.8168063997275857,0.9602380527972552,192.76673367085652,1416697.8085245693,0.351396611938514,1416697.8085245693,0.351396611938514,0.3903232206209985,1.0,0.6790909090909091,0.9602380527972552,0.910036974222871,0.910036974222871,1.0,0.844665391609279,0.9657393096342092,0.5314711840819812,0.7367542951257247,0.7864104558491303,0.7367542951257247,0.7864104558491303,0.0,0.0757341576506955,429808.0459138411,0.0,0.2825862957238537,0.2825862957238537,0.0,0.0,0.0,0.0,0.0,0.0,0.0229263266357547,390494.8176084776,4387.582220319972,reward_jon_p95_oishift875to90_heff,seed_012,runs/reward_jon_p95_oishift875to90_heff/seed_012,2235.2008727103184,0.5757859022952907,,,,,,,True,True,True,True,True,True,True,False,False,7,False,False
22429.39754170335,5.777794317800966,0.0,0.0,3503.6994037045524,0.9025500782340424,,,-8.293201745823026,-0.0021363219334938,8163.592157180199,2.1029346102988664,6835.600278395973,1.7608449970108122,1878.15325239929,0.4838107296237223,1.0,1.0,0.9799072642967542,2048.876985040879,0.1950757575757575,0.1818181818181818,0.1818181818181818,0.3636363636363636,0.7272727272727273,-222.6607928131566,0.2,-0.0181818181818181,0.9090909090909092,0.0189393939393939,0.33,-0.1481818181818182,5.2727272727272725,0.1098484848484848,0.5,-0.1363636363636363,11.454545454545457,0.2386363636363636,0.8,-0.0727272727272727,28.545454545454547,0.5946969696969697,0.3116852149839199,0.4225537295759798,0.9906417776775476,1.0824140899631172,35.48808213971244,2099867.761377421,0.4143380545118054,2099867.761377421,0.4143380545118054,1.0,1.0,0.6245454545454545,1.0,0.9967246221871416,0.9967246221871416,0.4971220347952704,0.8905291856683426,0.9799072642967542,0.447549260650926,0.921449400414049,0.8674880413243011,0.921449400414049,0.8674880413243011,0.0,0.0,651049.7763537732,0.3374549201442555,0.1002060793405461,0.3670788253477589,0.0,0.0,0.0,0.0,0.0,0.0,0.0,0.0,0.0,reward_jon_p95_oishift875to90_heff,seed_013,runs/reward_jon_p95_oishift875to90_heff/seed_013,2056.6456517691586,0.5297902245670166,,,,,,,False,True,True,True,True,True,True,True,True,8,True,False
12903.263641296306,3.32387007761368,0.0,0.0,4103.164162026583,1.056971705828589,,,-8.889092905074357,-0.0022898230049135,277.68387990049314,0.0715311385627236,5944.262133976356,1.5312370257538268,1015.4489789895076,0.2615788199354733,0.8830499742400825,0.9234930448222566,0.979392065945389,2115.01477469218,0.1363636363636363,0.1818181818181818,0.4545454545454545,0.2727272727272727,0.9090909090909092,-293.803325812925,0.2,-0.0181818181818181,0.9090909090909092,0.0189393939393939,0.33,0.1245454545454545,6.0,0.1249999999999999,0.5,-0.2272727272727273,9.090909090909092,0.1893939393939394,0.8,0.109090909090909,34.72727272727273,0.7234848484848484,0.206930202370742,0.5317354794146996,0.8297172655230227,1.8008430244730922,351.2616984636338,673936.9669229578,0.204549559550217,673936.9669229578,0.204549559550217,1.0,0.9234930448222566,0.520909090909091,1.0,0.940401042933058,0.940401042933058,0.6255711522525877,0.5912291496306915,0.979392065945389,0.727267253933044,0.865936982718953,0.818048811736944,0.865936982718953,0.818048811736944,0.1169500257599175,0.0,651620.6876457302,0.0,0.0,0.0,0.0850077279752704,0.0,0.0,0.0564142194744976,0.0100191980465833,0.0285935085007728,0.0,0.0,0.0,reward_jon_p95_oishift875to90_heff,seed_014,runs/reward_jon_p95_oishift875to90_heff/seed_014,1571.5935793084395,0.4048412105379803,,,,,,,False,False,True,True,True,True,True,False,True,6,True,False
23135.75139644196,5.959750488521886,0.0,0.0,6214.337040082539,1.6008080989393454,,,-7.010410070642829,-0.0018058758553948,7005.650641592826,1.8046498303948548,6792.165726507533,1.7496562922482053,969.3743529040364,0.2497100342359702,1.0,1.0,0.9819680577022154,2098.4218697942265,0.1704545454545454,0.0909090909090909,0.1818181818181818,0.4545454545454545,1.0,-224.4170108925213,0.2,-0.1090909090909091,0.8181818181818182,0.0170454545454545,0.33,-0.1481818181818182,4.181818181818182,0.0871212121212121,0.5,-0.0454545454545454,11.727272727272728,0.2443181818181818,0.8,0.1999999999999999,35.81818181818182,0.7462121212121212,0.3095018935363063,0.6027401318964312,0.9584200504001864,1.0960847305712134,42.86683110478375,1434100.1684060025,0.3213993297912231,1434100.1684060025,0.3213993297912231,1.0,1.0,0.4972727272727273,1.0,0.9854470176400651,0.9854470176400651,0.7091060375252132,0.8842911243894468,0.9819680577022154,0.5714675602783692,0.897802771990208,0.8607675118396629,0.897802771990208,0.8607675118396629,0.0,0.0,703766.9447744542,1.0,0.0,1.0,0.0,0.0,0.0,0.0,0.0,0.0,0.0,0.0,0.0,reward_jon_p95_oishift875to90_heff,seed_015,runs/reward_jon_p95_oishift875to90_heff/seed_015,2161.234045425668,0.5567321085589048,,,,,,,False,True,True,True,True,True,True,True,True,8,True,False
13690.98048971146,3.526785288436749,0.0,0.0,3848.228713909298,0.9913005445412928,,,-7.470366818252952,-0.0019243603344288,1200.4741023792585,0.3092411392012515,6408.314283546017,1.6507764769567277,695.5918835601777,0.1791838958166351,0.913961875321999,0.951571354971664,0.9817104585265328,2215.22415544595,0.1666666666666666,0.1818181818181818,0.2727272727272727,0.3636363636363636,0.6363636363636364,-521.1257876963214,0.2,-0.0181818181818181,1.3636363636363635,0.0284090909090909,0.33,-0.0572727272727273,4.727272727272728,0.0984848484848484,0.5,-0.1363636363636363,9.909090909090908,0.2064393939393939,0.8,-0.1636363636363637,22.0,0.4583333333333333,0.2167727812010462,0.4959428041810951,0.8706042227418472,1.7086846561378304,301.9979135858333,982332.3930974818,0.2791800644084206,982332.3930974818,0.2791800644084206,1.0,0.951571354971664,0.6245454545454544,1.0,0.9547114779596466,0.9547114779596466,0.5834621225659943,0.6193508034315606,0.9817104585265328,0.627759914122106,0.8923676763916621,0.8445649328498571,0.8923676763916621,0.8445649328498571,0.086038124678001,0.0,686866.6818266002,0.7292632663575477,0.0,0.7292632663575477,0.0510046367851622,0.0,0.0,0.0378670788253477,0.0052680207048708,0.0131375579598145,0.0,0.0,0.0,reward_jon_p95_oishift875to90_heff_niip275,seed_000,runs/reward_jon_p95_oishift875to90_heff_niip275/seed_000,1545.841873134958,0.3982075922552699,,,,,,,False,False,True,True,True,True,False,False,True,5,True,False
22876.579488906573,5.892988018780673,0.0,0.0,7666.830487788859,1.974969213752926,,,-11.141438740706072,-0.0028700254355244,5437.620465316504,1.400726549540573,6713.60097087786,1.7294180759602935,1097.3152053326737,0.2826674923577212,1.0,1.0,0.9719216898505924,2257.447126016811,0.2102272727272727,0.1818181818181818,0.4545454545454545,0.5454545454545454,0.8181818181818182,-103.45438918697111,0.2,-0.0181818181818181,0.9090909090909092,0.0189393939393939,0.33,0.1245454545454545,6.545454545454546,0.1363636363636363,0.5,0.0454545454545454,12.909090909090908,0.2689393939393939,0.8,0.0181818181818181,29.454545454545453,0.6136363636363636,0.2704818377718916,0.7154608923011153,0.9556119003402036,1.1987496421863886,90.4309944233128,1215237.4052572425,0.2928891717560336,1215237.4052572425,0.2928891717560336,1.0,1.0,0.7936363636363637,1.0,0.9844641651190712,0.9844641651190712,0.8417186968248416,0.7728052507768334,0.9719216898505924,0.6094811043252886,0.9430211872137236,0.9270283224649424,0.9430211872137236,0.9270283224649424,0.0,0.0,625530.151763182,0.0151983513652756,0.159969088098918,0.1751674394641937,0.0,0.0,0.0,0.0,0.0,0.0,0.0,0.0,0.0,reward_jon_p95_oishift875to90_heff_niip275,seed_001,runs/reward_jon_p95_oishift875to90_heff_niip275/seed_001,1972.35379833138,0.5080767126046831,,,,,,,True,True,True,True,True,True,True,False,True,8,True,False
25129.337971163302,6.473296746822077,0.0,0.0,7063.808326939448,1.819631202199755,,,-8.714296594168992,-0.0022447956193119,7764.832635351291,2.0002144861801368,6748.8393561158655,1.7384954549499911,1444.609796050563,0.3721302926456886,1.0,1.0,0.9755280783101494,2204.0410777755983,0.1439393939393939,0.1818181818181818,0.2727272727272727,0.3636363636363636,0.9090909090909092,-131.5282544621238,0.2,-0.0181818181818181,0.9090909090909092,0.0189393939393939,0.33,-0.0572727272727273,4.818181818181818,0.1003787878787878,0.5,-0.1363636363636363,10.636363636363637,0.2215909090909091,0.8,0.109090909090909,35.0,0.7291666666666667,0.2971576009816339,0.6662655884828047,0.9717767826677932,1.1135988303176745,47.935182957115146,1351000.734874797,0.3132302935772943,1351000.734874797,0.3132302935772943,1.0,1.0,0.6790909090909091,1.0,0.9901218739337276,0.9901218739337276,0.7838418688032996,0.8490217170903827,0.9755280783101494,0.5823596085636076,0.9280079013217066,0.903454233255284,0.9280079013217066,0.903454233255284,0.0,0.0,664478.3038479349,0.0,0.0,0.0,0.0,0.0,0.0,0.0,0.0,0.0,0.0,0.0,0.0,reward_jon_p95_oishift875to90_heff_niip275,seed_002,runs/reward_jon_p95_oishift875to90_heff_niip275/seed_002,2115.9621533003005,0.5450701064658168,,,,,,,False,True,True,True,True,True,True,False,True,7,True,False
18923.924271340777,4.874787292978047,0.0,0.0,7053.053774428992,1.8168608383382256,,,-8.016979925855996,-0.0020651674203647,1841.821124740153,0.4744516034879322,6800.166643198239,1.7517173217924369,919.0913450599844,0.2367571728644988,1.0,1.0,0.9770736733642452,2095.698446492354,0.178030303030303,0.1818181818181818,0.2727272727272727,0.4545454545454545,0.8181818181818182,-96.91505261578344,0.2,-0.0181818181818181,0.9090909090909092,0.0189393939393939,0.33,-0.0572727272727273,4.2727272727272725,0.0890151515151515,0.5,-0.0454545454545454,12.090909090909092,0.2518939393939394,0.8,0.0181818181818181,35.90909090909091,0.7481060606060606,0.3344290531863659,0.663669585496076,0.961596328498274,0.9933652266020896,35.152243938489946,1706764.1877970705,0.3552783110409592,1706764.1877970705,0.3552783110409592,1.0,1.0,0.8609090909090908,0.9933652266020896,0.9822461122657544,0.9822461122657544,0.7807877476424424,0.955511580532474,0.9770736733642452,0.526295585278721,0.9682275189193038,0.9433390780940492,0.9682275189193038,0.9433390780940492,0.0,0.0,698522.2630088258,0.877640391550747,0.4183410613086038,0.877640391550747,0.0,0.0,0.0,0.0,0.0,0.0,0.0,0.0,0.0,reward_jon_p95_oishift875to90_heff_niip275,seed_003,runs/reward_jon_p95_oishift875to90_heff_niip275/seed_003,2317.8083638392627,0.5970655239153175,,,,,,,False,True,True,True,True,True,True,True,False,7,True,False
24007.41824685815,6.184291150658977,0.0,0.0,7546.777580915575,1.944043683904064,,,-9.813304190384224,-0.0025278990701659,7355.790072416311,1.8948454591489725,6712.903421949343,1.7292383879313094,455.8693944378638,0.1174315802261369,1.0,1.0,0.9750128799587842,2102.9988428203937,0.1420454545454545,0.1818181818181818,0.5454545454545454,0.5454545454545454,1.0,99.70960015019004,0.2,-0.0181818181818181,0.9090909090909092,0.0189393939393939,0.33,0.2154545454545454,5.909090909090909,0.1231060606060606,0.5,0.0454545454545454,11.727272727272728,0.2443181818181818,0.8,0.1999999999999999,38.90909090909091,0.8106060606060607,0.266201069839571,0.7078665450998533,0.962695764066738,1.1487585665491984,63.17025059418153,920148.0765444158,0.2240104361939558,920148.0765444158,0.2240104361939558,1.0,1.0,0.520909090909091,1.0,0.9869435174233584,0.9869435174233584,0.8327841707057098,0.7605744852559171,0.9750128799587842,0.7013194184080589,0.8923357190577692,0.8716283069977959,0.8923357190577692,0.8716283069977959,0.0,0.0,670086.233834385,0.0,0.0,0.0,0.0,0.0,0.0,0.0,0.0,0.0,0.0,0.0,0.0,reward_jon_p95_oishift875to90_heff_niip275,seed_004,runs/reward_jon_p95_oishift875to90_heff_niip275/seed_004,1945.8910813294387,0.5012599385186601,,,,,,,False,True,True,True,True,True,True,False,True,7,True,False
21266.60704944997,5.478260445504886,0.0,0.0,4860.512601162358,1.252064039454497,,,-7.6300950629264115,-0.00196550619859,6285.891125460947,1.6192403723495483,6802.881310855532,1.7524166179432077,1336.6300070885816,0.3443147880186969,1.0,1.0,0.9817104585265328,2079.4510593617506,0.1931818181818181,0.1818181818181818,0.2727272727272727,0.4545454545454545,0.7272727272727273,-287.35438157527733,0.2,-0.0181818181818181,1.2727272727272727,0.0265151515151515,0.33,-0.0572727272727273,4.727272727272728,0.0984848484848484,0.5,-0.0454545454545454,12.272727272727272,0.2556818181818182,0.8,-0.0727272727272727,26.727272727272727,0.5568181818181818,0.2755333565123588,0.5063810495844504,0.9372981288641096,1.1973032724876225,81.2542704596664,1334258.7543502809,0.3105521084899824,1334258.7543502809,0.3105521084899824,1.0,1.0,0.8063636363636363,1.0,0.9780543451024384,0.9780543451024384,0.5957424112758241,0.7872381614638823,0.9817104585265328,0.5859305220133568,0.9471711464992812,0.904905268420318,0.9471711464992812,0.904905268420318,0.0,0.0,702925.6706055893,1.0,0.0,1.0,0.0,0.0,0.0,0.0,0.0,0.0,0.0,0.0,0.0,reward_jon_p95_oishift875to90_heff_niip275,seed_005,runs/reward_jon_p95_oishift875to90_heff_niip275/seed_005,1988.322099945478,0.5121901339375265,,,,,,,False,True,True,True,True,True,True,False,True,7,True,False
19315.37350110398,4.975624291886651,0.0,0.0,4013.8852207266295,1.0339735241439023,,,-6.474173120260239,-0.0016677416590057,6122.255357978,1.577087933533745,6681.042507889524,1.721031042733005,493.86329649431104,0.1272187780768446,1.0,0.8797011849562082,0.9811952601751674,2088.977118770432,0.1742424242424242,0.1818181818181818,0.2727272727272727,0.4545454545454545,1.0,99.51124663921917,0.2,-0.0181818181818181,1.0,0.0208333333333333,0.33,-0.0572727272727273,3.5454545454545454,0.0738636363636363,0.5,-0.0454545454545454,13.181818181818182,0.2746212121212121,0.8,0.1999999999999999,38.54545454545455,0.8030303030303029,0.296589983079783,0.4521670727705605,0.9606886434477144,1.0779805894025682,44.03593722851193,1726484.085291807,0.3561308165015461,1726484.085291807,0.3561308165015461,1.0,0.8797011849562082,0.6790909090909091,1.0,0.9862410252067,0.9862410252067,0.5319612620830124,0.8473999516565229,0.9811952601751674,0.5251589113312718,0.9062565247960148,0.8536325106506492,0.9062565247960148,0.8536325106506492,0.0,0.0,575849.2514527692,0.0,0.0,0.0,0.0,0.0,0.0,0.0,0.0,0.0,0.0,0.0,0.0,reward_jon_p95_oishift875to90_heff_niip275,seed_006,runs/reward_jon_p95_oishift875to90_heff_niip275/seed_006,2010.8012911357712,0.5179807550581584,,,,,,,False,False,True,True,True,True,True,False,True,6,True,False
19825.694836069048,5.107082647106916,-0.0490620890980765,-1.263835370893265e-05,7317.667342205224,1.8850250752718247,,,-8.938423508629203,-0.0023025305277251,3556.844021001776,0.9162400878417764,6558.792556457565,1.6895395560168895,579.7696016826658,0.1493481714793059,0.994332818134982,1.0,0.9791344667697064,2198.2078865990798,0.2007575757575757,0.1818181818181818,0.2727272727272727,0.5454545454545454,1.0,-187.1002194402796,0.2,-0.0181818181818181,1.6363636363636365,0.034090909090909,0.33,-0.0572727272727273,5.818181818181818,0.1212121212121212,0.5,0.0454545454545454,12.818181818181818,0.2670454545454545,0.8,0.1999999999999999,32.63636363636363,0.6799242424242423,0.2280871728014697,0.6985333185868773,0.9208375000552852,1.3987418709017658,167.69411927180406,595024.0768009848,0.1758090515272062,595024.0768009848,0.1758090515272062,1.0,1.0,0.6790909090909092,1.0,0.9722931250193498,0.9722931250193498,0.8218039042198556,0.6516776365756279,0.9791344667697064,0.7655879312970584,0.9134775744175668,0.893997802411304,0.9134775744175668,0.893997802411304,0.0,0.005667181865018,644368.1734645771,0.0,0.0,0.0,0.0,0.0,0.0,0.0,0.0,0.0,0.0,0.0,0.0,reward_jon_p95_oishift875to90_heff_niip275,seed_007,runs/reward_jon_p95_oishift875to90_heff_niip275/seed_007,1821.608800319547,0.4692449253785541,,,,,,,False,True,True,True,True,True,True,False,True,7,True,False
24272.027325030715,6.252454231074372,0.0,0.0,6595.884381250237,1.6990943795080466,,,-7.637737474925816,-0.0019674748776212,6828.311254813159,1.7589673505443482,6787.8180671495975,1.7485363387814523,1992.8740721633108,0.5133627182285705,1.0,1.0,0.9791344667697064,2186.787918028694,0.1477272727272727,0.1818181818181818,0.1818181818181818,0.3636363636363636,0.7272727272727273,-357.9681429491576,0.2,-0.0181818181818181,0.9090909090909092,0.0189393939393939,0.33,-0.1481818181818182,3.909090909090909,0.0814393939393939,0.5,-0.1363636363636363,10.545454545454543,0.2196969696969697,0.8,-0.0727272727272727,31.272727272727277,0.6515151515151516,0.290587108319212,0.6307864737838766,0.9545645522287916,1.181611135306392,76.93278134632806,1352819.9549398627,0.3232764964909194,1352819.9549398627,0.3232764964909194,1.0,1.0,0.6245454545454545,1.0,0.9840975932800772,0.9840975932800772,0.7421017338633843,0.8302488809120343,0.9791344667697064,0.5689646713454408,0.9168704177427972,0.8864079503355318,0.9168704177427972,0.8864079503355318,0.0,0.0,705567.2377523624,0.7807831014940753,0.0,0.7807831014940753,0.0,0.0,0.0,0.0,0.0,0.0,0.0,0.0,0.0,reward_jon_p95_oishift875to90_heff_niip275,seed_008,runs/reward_jon_p95_oishift875to90_heff_niip275/seed_008,2074.7772871293378,0.5344609188895769,,,,,,,False,True,True,True,True,True,True,False,True,7,True,False
22369.72282343688,5.76242215956643,0.0,0.0,6483.920003445273,1.6702524480796686,,,-10.9609840734303,-0.0028235404619861,6576.797583864175,1.6941776362349756,6777.917604027032,1.745985987642203,563.7779697689195,0.1452287402805047,1.0,1.0,0.9752704791344669,2123.191675441603,0.1742424242424242,0.1818181818181818,0.4545454545454545,0.5454545454545454,0.9090909090909092,168.94768936734533,0.2,-0.0181818181818181,1.0909090909090908,0.0227272727272727,0.33,0.1245454545454545,7.272727272727272,0.1515151515151515,0.5,0.0454545454545454,13.818181818181818,0.2878787878787878,0.8,0.109090909090909,38.72727272727273,0.8068181818181817,0.2847325435593508,0.627259540395791,0.9621387202066845,1.215622975547468,90.74980371941264,1070510.738999961,0.2393363139677948,1070510.738999961,0.2393363139677948,1.0,1.0,0.7027272727272729,1.0,0.9867485520723396,0.9867485520723396,0.7379524004656365,0.8135215530267168,0.9752704791344669,0.680884914709607,0.9296594024120888,0.9011300066145456,0.9296594024120888,0.9011300066145456,0.0,0.0,659676.9670971484,0.6190108191653787,0.0,0.6190108191653787,0.0,0.0,0.0,0.0,0.0,0.0,0.0,0.0,0.0,reward_jon_p95_oishift875to90_heff_niip275,seed_009,runs/reward_jon_p95_oishift875to90_heff_niip275/seed_009,1978.2706464049104,0.5096008877910639,,,,,,,False,True,True,True,True,True,True,False,True,7,True,False
20235.462096356856,5.212638355578788,0.0,0.0,6543.543402520392,1.6856113865328162,,,-10.21400814436376,-0.0026311200784038,4771.569816475612,1.229152451436273,6727.033535137719,1.7328782934409377,454.70625854545256,0.1171319573790449,1.0,1.0,0.9732096857290056,2146.5734247564706,0.1761363636363636,0.1818181818181818,0.3636363636363636,0.7272727272727273,1.0,265.5967301915428,0.2,-0.0181818181818181,0.9090909090909092,0.0189393939393939,0.33,0.0336363636363636,6.2727272727272725,0.1306818181818181,0.5,0.2272727272727273,16.272727272727273,0.3390151515151515,0.8,0.1999999999999999,37.45454545454545,0.7803030303030304,0.2493161476879057,0.6354881823404955,0.9378821069038652,1.3390351876846032,140.7849268915098,769030.5000024355,0.1839854153192154,769030.5000024355,0.1839854153192154,1.0,1.0,0.520909090909091,1.0,0.9782587374163528,0.9782587374163528,0.7476331556947007,0.7123318505368736,0.9732096857290056,0.7546861129077128,0.8885822818866076,0.8588739580478528,0.8885822818866076,0.8588739580478528,0.0,0.0,663823.6324665277,0.3665636269963936,0.0,0.3665636269963936,0.0,0.0,0.0,0.0,0.0,0.0,0.0,0.0,0.0,reward_jon_p95_oishift875to90_heff_niip275,seed_010,runs/reward_jon_p95_oishift875to90_heff_niip275/seed_010,1748.8230918220424,0.4504953868681201,,,,,,,False,True,True,True,True,True,True,False,True,7,True,False
13908.209388501737,3.5827432736995712,-110.33394418178337,-0.0284219330710415,8349.675918589008,2.1508696338457,,,-12.888932802405805,-0.0033201784653286,-3411.3997976893643,-0.8787737758086976,6601.33951121722,1.700499616490783,291.1930212383643,0.0750110822355394,0.963678516228748,0.8714580113343637,0.9680577022153528,2254.080758973128,0.1931818181818181,0.1818181818181818,0.3636363636363636,0.4545454545454545,1.0,226.50704604048624,0.2,-0.0181818181818181,1.0,0.0208333333333333,0.33,0.0336363636363636,5.545454545454546,0.115530303030303,0.5,-0.0454545454545454,16.545454545454547,0.3446969696969696,0.8,0.1999999999999999,36.36363636363637,0.7575757575757577,0.2856799166267624,0.8431186401433557,0.6929673844454721,1.066226958238205,302.7447824985257,1015624.134469934,0.2411704000091002,1015624.134469934,0.2411704000091002,0.5524136957330025,0.8714580113343637,0.7027272727272728,1.0,0.8925385845559153,0.8925385845559153,0.9919042825215948,0.8162283332193213,0.9680577022153528,0.678439466654533,0.7714795301221347,0.7922322428940042,0.7714795301221347,0.7922322428940042,0.0,0.0363214837712519,442046.03956521,0.2251416795466254,0.5747037609479649,0.5947964966512107,0.0,0.0,0.0,0.0,0.0,0.0,0.0123647604327666,202559.38064365485,4219.98709674281,reward_jon_p95_oishift875to90_heff_niip275,seed_011,runs/reward_jon_p95_oishift875to90_heff_niip275/seed_011,2200.6236121306933,0.5668788284726155,,,,,,,True,False,True,True,True,True,True,False,True,7,False,False
19391.18214521222,4.995152536118552,-8.968244304675771,-0.0023102123402049,8486.19146220801,2.186035925349822,,,-14.92041223688051,-0.0038434858930655,1229.37687659518,0.3166864700142143,6719.921671478646,1.731046283224793,866.257130990868,0.2231471228724544,0.984286450283359,1.0,0.9559505409582688,2293.1423397081144,0.1458333333333333,0.1818181818181818,0.2727272727272727,0.4545454545454545,0.7272727272727273,-1.9666153209453416,0.2,-0.0181818181818181,1.0909090909090908,0.0227272727272727,0.33,-0.0572727272727273,4.818181818181818,0.1003787878787878,0.5,-0.0454545454545454,13.636363636363637,0.2840909090909091,0.8,-0.0727272727272727,25.0,0.5208333333333334,0.2992545903881473,0.8086164531057558,0.8829337084319523,0.932715295188207,110.9629532941969,2032141.753221178,0.4339131019447105,2032141.753221178,0.4339131019447105,1.0,1.0,0.8063636363636363,0.932715295188207,0.9152917398235176,0.9152917398235176,0.9513134742420656,0.8550131153947067,0.9559505409582688,0.4214491974070526,0.9379867450109778,0.9300106054792862,0.9379867450109778,0.9300106054792862,0.0,0.0157135497166409,540531.5322015001,0.1334363730036064,0.3562596599690881,0.3652756311179804,0.0,0.0,0.0,0.0,0.0,0.0,0.0,0.0,0.0,reward_jon_p95_oishift875to90_heff_niip275,seed_012,runs/reward_jon_p95_oishift875to90_heff_niip275/seed_012,2113.323660481073,0.5443904328905392,,,,,,,True,True,False,True,True,True,True,False,False,6,True,False
18512.47881812897,4.768799283392315,0.0,0.0,6093.051912784618,1.569565150124837,,,-7.418728283420204,-0.0019110582904225,3077.0136867995884,0.7926361892837682,6754.159512142764,1.739865922757023,281.5656136332295,0.072531069972496,1.0,0.9827408552292632,0.9801648634724368,1918.4742239149232,0.2689393939393939,0.1818181818181818,0.2727272727272727,0.3636363636363636,0.7272727272727273,-7.854506949132153,0.2,-0.0181818181818181,1.0,0.0208333333333333,0.33,-0.0572727272727273,4.545454545454546,0.0946969696969697,0.5,-0.1363636363636363,13.454545454545457,0.2803030303030303,0.8,-0.0727272727272727,30.181818181818183,0.6287878787878788,0.3274403363535842,0.5910444929110066,0.9563815643597334,1.0153814809659,41.53729118905764,1874831.8121698808,0.3806810972218914,1874831.8121698808,0.3806810972218914,1.0,0.9827408552292632,0.7154545454545453,1.0,0.9847335475259068,0.9847335475259068,0.695346462248243,0.9355438181530978,0.9801648634724368,0.4924252037041448,0.9383473079139468,0.901905869948044,0.9383473079139468,0.901905869948044,0.0,0.0,619045.2733419259,0.0,0.4412673879443586,0.4412673879443586,0.0,0.0,0.0,0.0,0.0,0.0,0.0,0.0,0.0,reward_jon_p95_oishift875to90_heff_niip275,seed_013,runs/reward_jon_p95_oishift875to90_heff_niip275/seed_013,2314.106821052192,0.5961120095446141,,,,,,,False,True,True,True,True,True,True,True,True,8,True,False
21757.98955027321,5.604840172661827,0.0,0.0,5784.112690132317,1.4899826610335696,,,-9.52256129346788,-0.0024530039395847,6719.802152364974,1.7310154951996326,6786.899677264369,1.748299762304062,501.2953795456466,0.1291332765444736,1.0,1.0,0.97655847501288,2085.455504345623,0.2007575757575757,0.1818181818181818,0.4545454545454545,0.5454545454545454,0.9090909090909092,-25.8689997200713,0.2,-0.0181818181818181,0.9090909090909092,0.0189393939393939,0.33,0.1245454545454545,6.090909090909091,0.1268939393939394,0.5,0.0454545454545454,14.0,0.2916666666666666,0.8,0.109090909090909,34.36363636363637,0.7159090909090908,0.2717685137513864,0.5705404980522516,0.944911488555086,1.1623716200194718,66.75165237249156,1028694.7037930888,0.2393365505379188,1028694.7037930888,0.2393365505379188,1.0,1.0,0.7027272727272729,1.0,0.98071902099428,0.98071902099428,0.6712241153555901,0.7764814678611042,0.97655847501288,0.6808845992827748,0.926977995715549,0.8914636674235688,0.926977995715549,0.8914636674235688,0.0,0.0,664002.1598567017,0.6561051004636785,0.0,0.6561051004636785,0.0,0.0,0.0,0.0,0.0,0.0,0.0,0.0,0.0,reward_jon_p95_oishift875to90_heff_niip275,seed_014,runs/reward_jon_p95_oishift875to90_heff_niip275/seed_014,1975.402212259375,0.5088619815196741,,,,,,,False,True,True,True,True,True,True,False,True,7,True,False
21228.20460682336,5.4683680079400725,0.0,0.0,6526.780535429536,1.681293285788134,,,-10.168896842300892,-0.0026194994441784,5165.70771091934,1.330682048150268,6777.698145678842,1.7459294553526126,825.0086931751194,0.212521559292921,1.0,1.0,0.975785677485832,2210.4880835812805,0.1477272727272727,0.1818181818181818,0.3636363636363636,0.4545454545454545,0.9090909090909092,-290.8597669231169,0.2,-0.0181818181818181,1.0,0.0208333333333333,0.33,0.0336363636363636,6.545454545454546,0.1363636363636363,0.5,-0.0454545454545454,10.636363636363637,0.2215909090909091,0.8,0.109090909090909,28.272727272727277,0.5890151515151515,0.261410503108164,0.6261351328185135,0.9010993268723017,1.1872611716729686,77.82015671376118,1012845.0913974636,0.2563852090189616,1012845.0913974636,0.2563852090189616,1.0,1.0,0.7936363636363637,1.0,0.9653847644053056,0.9653847644053056,0.7366295680217806,0.7468871517376114,0.975785677485832,0.6581530546413845,0.941367128858425,0.9116008238716842,0.941367128858425,0.9116008238716842,0.0,0.0,672428.313709716,1.0,0.0,1.0,0.0,0.0,0.0,0.0,0.0,0.0,0.0,0.0,0.0,reward_jon_p95_oishift875to90_heff_niip275,seed_015,runs/reward_jon_p95_oishift875to90_heff_niip275/seed_015,1943.178418462826,0.5005611588003158,,,,,,,False,True,True,True,True,True,True,False,True,7,True,False
19702.062822047315,5.0752351422069335,0.0,0.0,7930.245894310821,2.0428248053350906,,,-12.023918632324786,-0.0030973515281619,3074.8151414801373,0.7920698458217768,6588.459523708816,1.6971817423258155,454.3371218816548,0.1170368680787364,1.0,0.842091705306543,0.9688304997424008,2176.3727293163347,0.1590909090909091,0.1818181818181818,0.4545454545454545,0.4545454545454545,1.0,311.68755603384113,0.2,-0.0181818181818181,0.9090909090909092,0.0189393939393939,0.33,0.1245454545454545,6.727272727272728,0.1401515151515151,0.5,-0.0454545454545454,14.545454545454543,0.303030303030303,0.8,0.1999999999999999,40.63636363636363,0.8465909090909091,0.2861461547824503,0.7404990816773326,0.930441420910569,1.0531730614434052,86.75532215003726,1208686.2525421071,0.2718687929934816,1208686.2525421071,0.2718687929934816,1.0,0.842091705306543,0.6118181818181818,1.0,0.9756544973186992,0.9756544973186992,0.8711753902086266,0.8175604422355726,0.9688304997424008,0.6375082760086912,0.8838627999545475,0.8623499630084462,0.8838627999545475,0.8623499630084462,0.0,0.0,630364.4914146932,0.3969603297269449,0.2988150437918598,0.463678516228748,0.0,0.0,0.0,0.0,0.0,0.0,0.0,0.0,0.0,reward_jon_p95_oishift875to90_hsoft,seed_000,runs/reward_jon_p95_oishift875to90_hsoft/seed_000,,,1666.2290592982083,0.4292192321736756,,,,,True,False,True,True,True,True,True,False,True,7,True,False
22288.8280233902,5.741583725757392,0.0,0.0,5187.473128205587,1.336288801701594,,,-7.628735859710723,-0.001965156068962,7408.5224294497075,1.9084292708525776,6791.694594706473,1.7495349290846145,1244.0549721749048,0.3204675353361424,1.0,1.0,0.9804224626481196,2174.6480526294595,0.1515151515151515,0.1818181818181818,0.3636363636363636,0.4545454545454545,0.7272727272727273,-263.40034439651805,0.2,-0.0181818181818181,0.9090909090909092,0.0189393939393939,0.33,0.0336363636363636,4.545454545454546,0.0946969696969697,0.5,-0.0454545454545454,11.181818181818182,0.2329545454545454,0.8,-0.0727272727272727,32.27272727272727,0.6723484848484849,0.2858855632342841,0.5284129216520232,0.9389276727475444,1.1624959201363845,67.78547584928221,1397770.7120964224,0.3207045926045833,1397770.7120964224,0.3207045926045833,1.0,1.0,0.83,1.0,0.9786246854616406,0.9786246854616406,0.6216622607670862,0.8168158949550974,0.9804224626481196,0.5723938765272223,0.9536262101535744,0.9137530810491978,0.9536262101535744,0.9137530810491978,0.0,0.0,703116.8821803323,0.7320968572900567,0.0,0.7320968572900567,0.0,0.0,0.0,0.0,0.0,0.0,0.0,0.0,0.0,reward_jon_p95_oishift875to90_hsoft,seed_001,runs/reward_jon_p95_oishift875to90_hsoft/seed_001,,,1664.7116347132364,0.4288283448514262,,,,,False,True,True,True,True,True,True,False,True,7,True,False
18855.98292665345,4.857285658591821,0.0,0.0,6800.613884847586,1.7518325308726392,,,-9.347974080648276,-0.0024080304174776,3191.8200778502314,0.8222102209815125,6781.904213475873,1.747012934949993,297.3772514273448,0.0766041348344525,1.0,1.0,0.9770736733642452,2214.8073674618367,0.1325757575757575,0.1818181818181818,0.4545454545454545,0.4545454545454545,1.0,-63.81616576094971,0.2,-0.0181818181818181,0.9090909090909092,0.0189393939393939,0.33,0.1245454545454545,5.727272727272728,0.1193181818181818,0.5,-0.0454545454545454,11.363636363636363,0.2367424242424242,0.8,0.1999999999999999,35.72727272727273,0.7443181818181818,0.3080225782471348,0.6460989295465134,0.95387251587976,1.1302415163997055,84.33383477310316,1429047.862003279,0.3144228943504571,1429047.862003279,0.3144228943504571,1.0,1.0,0.6118181818181818,1.0,0.983855380557916,0.983855380557916,0.7601163877017805,0.8800645092775282,0.9770736733642452,0.5807694741993905,0.9181186970314664,0.8880032603774863,0.9181186970314664,0.8880032603774863,0.0,0.0,661077.1928725438,0.5430190623390005,0.4384337970118495,0.7207624935600206,0.0,0.0,0.0,0.0,0.0,0.0,0.0,0.0,0.0,reward_jon_p95_oishift875to90_hsoft,seed_002,runs/reward_jon_p95_oishift875to90_hsoft/seed_002,,,1793.6154731330664,0.4620338673707023,,,,,False,True,True,True,True,True,True,True,True,8,True,False
21951.91566543566,5.654795380071009,0.0,0.0,5093.048239927919,1.3119650283173414,,,-9.501987288221716,-0.0024477040927928,8346.705365579128,2.1501044218390333,6786.476304419433,1.7481907018082,227.38879020848788,0.0585751649171787,1.0,1.0,0.9778464708912932,2388.937552445916,0.1458333333333333,0.0909090909090909,0.5454545454545454,0.6363636363636364,0.8181818181818182,285.29980278376377,0.2,-0.1090909090909091,0.4545454545454545,0.0094696969696969,0.33,0.2154545454545454,6.2727272727272725,0.1306818181818181,0.5,0.1363636363636363,19.181818181818183,0.3996212121212121,0.8,0.0181818181818181,29.90909090909091,0.6231060606060606,0.2589385115213656,0.5247401730961918,0.9797426617261408,1.1507009466850315,63.2817508334349,1122703.9486722678,0.243624801291073,1122703.9486722678,0.243624801291073,1.0,1.0,0.520909090909091,1.0,0.9929099316041492,0.9929099316041492,0.6173413801131669,0.7398243186324732,0.9778464708912932,0.6751669316119027,0.8909919758809491,0.8503814819901531,0.8909919758809491,0.8503814819901531,0.0,0.0,696848.2132527842,1.0,0.0,1.0,0.0,0.0,0.0,0.0,0.0,0.0,0.0,0.0,0.0,reward_jon_p95_oishift875to90_hsoft,seed_003,runs/reward_jon_p95_oishift875to90_hsoft/seed_003,,,1507.7989525889118,0.3884077672820484,,,,,False,True,True,True,True,True,True,False,True,7,True,False
25367.08392424423,6.534539908357608,0.0,0.0,6996.577829142969,1.8023126813866484,,,-9.31084325474687,-0.002398465547333,8396.317757210987,2.1628845330270448,6737.749308720815,1.735638667882745,1553.4950031653295,0.4001790322424857,1.0,1.0,0.9742400824317362,2197.8713472333893,0.168560606060606,0.1818181818181818,0.2727272727272727,0.5454545454545454,0.8181818181818182,-106.60756342056574,0.2,-0.0181818181818181,1.0,0.0208333333333333,0.33,-0.0572727272727273,5.545454545454546,0.115530303030303,0.5,0.0454545454545454,12.636363636363637,0.2632575757575757,0.8,0.0181818181818181,32.72727272727273,0.6818181818181818,0.2906156395773438,0.6590670506927647,0.9705741452604782,1.116520867417046,48.44364652960155,1325361.825685974,0.3068747619713534,1325361.825685974,0.3068747619713534,1.0,1.0,0.860909090909091,1.0,0.9897009508411674,0.9897009508411674,0.7753730008150174,0.830330398792411,0.9742400824317362,0.5908336507048622,0.9598427860918112,0.9378878324927608,0.9598427860918112,0.9378878324927608,0.0,0.0,665871.4008058913,0.0,0.0,0.0,0.0,0.0,0.0,0.0,0.0,0.0,0.0,0.0,0.0,reward_jon_p95_oishift875to90_hsoft,seed_004,runs/reward_jon_p95_oishift875to90_hsoft/seed_004,,,1692.2548692588732,0.4359234593660158,,,,,False,True,True,True,True,True,True,False,True,7,True,False
24963.03656846562,6.430457642572288,0.0,0.0,5559.706504302932,1.4321758125458353,,,-5.979675546195358,-0.0015403594915495,8534.624622676314,2.1985122675621622,6801.380953607395,1.752030127152858,2261.912949065765,0.5826669111452254,1.0,1.0,0.97655847501288,1978.5220229401057,0.1969696969696969,0.1818181818181818,0.1818181818181818,0.2727272727272727,0.7272727272727273,-484.109739283382,0.2,-0.0181818181818181,0.9090909090909092,0.0189393939393939,0.33,-0.1481818181818182,2.090909090909091,0.043560606060606,0.5,-0.2272727272727273,10.090909090909092,0.2102272727272727,0.8,-0.0727272727272727,26.181818181818183,0.5454545454545454,0.3110752557718373,0.5530391245830228,0.9754679135764708,1.125370331576246,52.06722985829345,1928949.7662296183,0.426497821394362,1928949.7662296183,0.426497821394362,1.0,1.0,0.5336363636363636,1.0,0.9914137697517648,0.9914137697517648,0.650634264215321,0.8887864450623926,0.97655847501288,0.4313362381408506,0.9044008690056454,0.8633406991029213,0.9044008690056454,0.8633406991029213,0.0,0.0,718134.6217303164,1.0,0.0,1.0,0.0,0.0,0.0,0.0,0.0,0.0,0.0,0.0,0.0,reward_jon_p95_oishift875to90_hsoft,seed_005,runs/reward_jon_p95_oishift875to90_hsoft/seed_005,,,1811.391214359409,0.4666128836577561,,,,,False,True,True,True,True,True,True,True,True,8,True,False
19061.76422307493,4.910294750920898,0.0,0.0,7566.163633285345,1.949037515014257,,,-11.606423875950275,-0.002989805223068,2661.0587055536025,0.6854865289937152,6360.777670378535,1.6385310845900398,820.0431365235313,0.2112424359926664,1.0,0.5492014425553838,0.9662545079855744,1960.062322366004,0.2537878787878788,0.1818181818181818,0.2727272727272727,0.7272727272727273,1.0,568.8221245513043,0.2,-0.0181818181818181,0.9090909090909092,0.0189393939393939,0.33,-0.0572727272727273,4.909090909090909,0.1022727272727272,0.5,0.2272727272727273,23.272727272727277,0.4848484848484848,0.8,0.1999999999999999,38.18181818181818,0.7954545454545454,0.2859913277021912,0.7055989019377739,0.9523656281422568,1.0218407419313449,45.13601498444692,1398346.9361834486,0.2981242754925375,1398346.9361834486,0.2981242754925375,1.0,0.5492014425553838,0.4972727272727272,1.0,0.98332796984979,0.98332796984979,0.8301163552209104,0.8171180791491179,0.9662545079855744,0.6025009660099498,0.8089398751702556,0.7781406928144059,0.8089398751702556,0.7781406928144059,0.0,0.0,571867.5923731596,0.0,0.4340546110252447,0.4340546110252447,0.0,0.0,0.0,0.0,0.0,0.0,0.0,0.0,0.0,reward_jon_p95_oishift875to90_hsoft,seed_006,runs/reward_jon_p95_oishift875to90_hsoft/seed_006,,,1665.3275012098595,0.4289869915532869,,,,,False,False,True,True,True,True,True,False,True,6,True,False
22715.0334538332,5.851373893310973,0.0,0.0,6186.312449494739,1.5935889875050846,,,-11.76905568614602,-0.0030316990433142,7775.329779959491,2.0029185419782305,6740.129003525175,1.7362516753027242,424.6163409564196,0.1093808194117515,1.0,1.0,0.9726944873776404,2342.8876609862828,0.115530303030303,0.1818181818181818,0.3636363636363636,0.5454545454545454,1.0,165.38527533378112,0.2,-0.0181818181818181,1.181818181818182,0.0246212121212121,0.33,0.0336363636363636,7.727272727272727,0.1609848484848485,0.5,0.0454545454545454,12.818181818181818,0.2670454545454545,0.8,0.1999999999999999,37.63636363636363,0.7840909090909091,0.2748437121043313,0.5990651027954387,0.952068797737315,1.1241718158674503,51.23207968736362,992437.0532180052,0.226614263220562,992437.0532180052,0.226614263220562,1.0,1.0,0.7027272727272729,1.0,0.9832240792080602,0.9832240792080602,0.7047824738769867,0.785267748869518,0.9726944873776404,0.6978476490392507,0.927347167718537,0.8955666295871232,0.927347167718537,0.8955666295871232,0.0,0.0,639822.7075921524,0.0,0.0,0.0,0.0,0.0,0.0,0.0,0.0,0.0,0.0,0.0,0.0,reward_jon_p95_oishift875to90_hsoft,seed_007,runs/reward_jon_p95_oishift875to90_hsoft/seed_007,,,1600.4149355835211,0.4122655681564969,,,,,False,True,True,True,True,True,True,False,True,7,True,False
22690.537229956863,5.845063686233092,0.0,0.0,5802.783684042617,1.4947922936740383,,,-9.570169722288846,-0.0024652678316045,6822.242833629694,1.7574041302497925,6804.800475999626,1.752910993302325,1508.5297558350774,0.3885960215958468,1.0,1.0,0.9763008758371972,2158.2396142946345,0.1477272727272727,0.1818181818181818,0.3636363636363636,0.4545454545454545,0.7272727272727273,-224.72442640228704,0.2,-0.0181818181818181,0.9090909090909092,0.0189393939393939,0.33,0.0336363636363636,5.545454545454546,0.115530303030303,0.5,-0.0454545454545454,11.636363636363637,0.2424242424242424,0.8,-0.0727272727272727,29.818181818181817,0.6212121212121212,0.3025503434951297,0.5709312872846094,0.985883078426128,1.1223533132150951,53.88433625705406,1569519.357081418,0.3422225480176512,1569519.357081418,0.3422225480176512,1.0,1.0,0.83,1.0,0.9950590774491448,0.9950590774491448,0.6716838673936582,0.8644295528432278,0.9763008758371972,0.5437032693097985,0.9568881154843653,0.9242167236632162,0.9568881154843653,0.9242167236632162,0.0,0.0,702334.7432625506,0.8820195775373518,0.2326120556414219,0.8894899536321483,0.0,0.0,0.0,0.0,0.0,0.0,0.0,0.0,0.0,reward_jon_p95_oishift875to90_hsoft,seed_008,runs/reward_jon_p95_oishift875to90_hsoft/seed_008,,,1761.7506501721405,0.4538255152426946,,,,,False,True,True,True,True,True,True,False,True,7,True,False
17256.429206588928,4.445241938843103,0.0,0.0,7187.029167471723,1.8513727891477905,,,-10.543773156758398,-0.0027160672737656,1433.424210531159,0.3692488950363624,6797.959218039876,1.7511486908912612,-22.764637512966942,-0.0058641518580543,1.0,1.0,0.9690880989180836,2202.7148044844807,0.1912878787878787,0.1818181818181818,0.1818181818181818,0.3636363636363636,0.7272727272727273,-108.40924601714042,0.2,-0.0181818181818181,2.0,0.0416666666666666,0.33,-0.1481818181818182,4.818181818181818,0.1003787878787878,0.5,-0.1363636363636363,13.090909090909092,0.2727272727272727,0.8,-0.0727272727272727,25.181818181818183,0.5246212121212122,0.3213678552663399,0.673435347143698,0.9354741163101582,0.9498282217845304,94.99976002740183,1939466.4827103268,0.4032031503663826,1939466.4827103268,0.4032031503663826,1.0,1.0,0.6245454545454545,0.9498282217845304,0.9448042848685,0.9448042848685,0.7922768789925859,0.9181938721895428,0.9690880989180836,0.4623957995114898,0.913514655160236,0.8874617343374309,0.913514655160236,0.8874617343374309,0.0,0.0,624027.2449116039,0.907521895929933,0.1844410097887686,0.907521895929933,0.0,0.0,0.0,0.0,0.0,0.0,0.0,0.0,0.0,reward_jon_p95_oishift875to90_hsoft,seed_009,runs/reward_jon_p95_oishift875to90_hsoft/seed_009,,,1871.325021215897,0.4820517828995099,,,,,False,True,True,True,True,True,True,True,False,7,True,False
25019.21577642359,6.444929360232764,0.0,0.0,7179.935383040845,1.8495454361259265,,,-7.697338602421805,-0.001982828078934,8668.370485144398,2.232965091484904,6777.7270497372665,1.7459369010142367,650.6251829456952,0.1676005108051765,1.0,1.0,0.9778464708912932,2055.5315340019465,0.1628787878787878,0.1818181818181818,0.1818181818181818,0.4545454545454545,1.0,-1.005325114298075,0.2,-0.0181818181818181,0.9090909090909092,0.0189393939393939,0.33,-0.1481818181818182,3.8181818181818175,0.0795454545454545,0.5,-0.0454545454545454,12.090909090909092,0.2518939393939394,0.8,0.1999999999999999,38.90909090909091,0.8106060606060606,0.3005761659209688,0.6750679687577072,0.9853143161630372,1.0887521479609068,37.24215506807707,1355535.8062585923,0.3032598095054778,1355535.8062585923,0.3032598095054778,1.0,1.0,0.5881818181818181,1.0,0.994860010657063,0.994860010657063,0.794197610303185,0.8587890454884826,0.9778464708912932,0.5956535873260296,0.9122476637284832,0.8878599026170834,0.9122476637284832,0.8878599026170834,0.0,0.0,688306.0713954801,0.917568263781556,0.0,0.917568263781556,0.0,0.0,0.0,0.0,0.0,0.0,0.0,0.0,0.0,reward_jon_p95_oishift875to90_hsoft,seed_010,runs/reward_jon_p95_oishift875to90_hsoft/seed_010,,,1750.2550141578015,0.4508642488814533,,,,,False,True,True,True,True,True,True,False,True,7,True,False
24059.65683549555,6.197747768030796,0.0,0.0,5863.62523939631,1.510465028180399,,,-9.82282184317708,-0.0025303508096798,8640.272811014072,2.225727153790333,6690.986392769035,1.7235925792810496,1150.9338349654547,0.2964796071523582,1.0,0.9979392065945388,0.9750128799587842,2276.3191391412506,0.1553030303030303,0.1818181818181818,0.4545454545454545,0.4545454545454545,0.7272727272727273,-80.89275505258279,0.2,-0.0181818181818181,0.9090909090909092,0.0189393939393939,0.33,0.1245454545454545,5.818181818181818,0.1212121212121212,0.5,-0.0454545454545454,12.818181818181818,0.2670454545454545,0.8,-0.0727272727272727,32.45454545454545,0.6761363636363636,0.296009166957557,0.5729194358742542,0.9785801558345036,1.1186570562137113,49.587131574366985,1573550.723602768,0.3448654699546029,1573550.723602768,0.3448654699546029,1.0,0.9979392065945388,0.739090909090909,1.0,0.9925030545420762,0.9925030545420762,0.6740228657344167,0.8457404770215915,0.9750128799587842,0.5401793733938627,0.9383453563158604,0.9043465884679652,0.9383453563158604,0.9043465884679652,0.0,0.0,691121.5606825486,0.0,0.0,0.0,0.0,0.0,0.0,0.0,0.0,0.0,0.0,0.0,0.0,reward_jon_p95_oishift875to90_hsoft,seed_011,runs/reward_jon_p95_oishift875to90_hsoft/seed_011,,,1723.6613791938546,0.4440137504363355,,,,,False,True,True,True,True,True,True,False,True,7,True,False
14302.472096588464,3.6843050223051166,0.0,0.0,6845.709247787423,1.7634490591930507,,,-8.260180044136941,-0.0021278155703598,-2912.818677124511,-0.7503396901402656,6822.771725480219,1.7575403723545129,1414.5355785646564,0.3643831990120186,1.0,1.0,0.9763008758371972,2033.2395049231973,0.2007575757575757,0.1818181818181818,0.2727272727272727,0.5454545454545454,0.7272727272727273,-153.79304742609912,0.2,-0.0181818181818181,1.181818181818182,0.0246212121212121,0.33,-0.0572727272727273,4.545454545454546,0.0946969696969697,0.5,0.0454545454545454,12.090909090909092,0.2518939393939394,0.8,-0.0727272727272727,27.363636363636363,0.5700757575757576,0.36759993163744,0.646871399717704,0.9054644173418448,0.7878378783775459,94.85003341986476,2323741.7959665726,0.4413968012632874,2323741.7959665726,0.4413968012632874,1.0,1.0,0.8063636363636364,0.7878378783775459,0.8290071670150505,0.8290071670150505,0.7610251761384753,1.0,0.9763008758371972,0.4114709316489501,0.9238261767236732,0.9019917220814448,0.9238261767236732,0.9019917220814448,0.0,0.0,667959.3566265253,0.4286450283359093,0.5005151983513653,0.6937145801133436,0.0,0.0,0.0,0.0,0.0,0.0,0.0,0.0,0.0,reward_jon_p95_oishift875to90_hsoft,seed_012,runs/reward_jon_p95_oishift875to90_hsoft/seed_012,,,2140.534401924813,0.55139989745616,,,,,False,True,True,True,True,True,True,True,False,7,True,False
16807.407107569095,4.329574216272307,0.0,0.0,1648.8561619706447,0.424743988142876,,,-10.458341180831194,-0.0026940600671899,6397.130706138083,1.6478955966352609,6822.809528822543,1.7575501104643336,351.88533562321504,0.0906453723913485,1.0,1.0,0.97655847501288,1991.0574024601117,0.1799242424242424,0.1818181818181818,0.5454545454545454,0.5454545454545454,1.0,220.3692150310133,0.2,-0.0181818181818181,0.9090909090909092,0.0189393939393939,0.33,0.2154545454545454,6.909090909090909,0.1439393939393939,0.5,0.0454545454545454,13.363636363636363,0.2784090909090909,0.8,0.1999999999999999,41.63636363636363,0.8674242424242425,0.2742888058037852,0.3276872484555951,0.968749748333753,1.0925430244279477,55.72112460002892,1591872.4157417044,0.3083122864320897,1591872.4157417044,0.3083122864320897,1.0,1.0,0.520909090909091,1.0,0.9890624119168137,0.9890624119168137,0.385514409947759,0.7836823022965292,0.97655847501288,0.5889169514238803,0.8941847249648723,0.8285577804254274,0.8941847249648723,0.8285577804254274,0.0,0.0,634175.222992558,0.9340546110252448,0.0690365790829469,0.9340546110252448,0.0,0.0,0.0,0.0,0.0,0.0,0.0,0.0,0.0,reward_jon_p95_oishift875to90_hsoft,seed_013,runs/reward_jon_p95_oishift875to90_hsoft/seed_013,,,1597.1837161954415,0.4114332087056779,,,,,False,True,True,True,True,True,True,False,True,7,True,False
21357.12942228133,5.501578934127082,0.0,0.0,5372.946643437648,1.384066626336334,,,-9.671664176657796,-0.0024914127193863,6497.153486415555,1.6736613823842232,6705.685142149961,1.727378965005142,1207.1149997271089,0.3109518288838508,1.0,1.0,0.97655847501288,2163.650851493156,0.1420454545454545,0.1818181818181818,0.3636363636363636,0.2727272727272727,0.6363636363636364,-388.2144098509893,0.2,-0.0181818181818181,0.9090909090909092,0.0189393939393939,0.33,0.0336363636363636,5.727272727272728,0.1193181818181818,0.5,-0.2272727272727273,9.090909090909092,0.1893939393939393,0.8,-0.1636363636363637,23.90909090909091,0.4981060606060606,0.2720076961579445,0.5388700725118543,0.9157471428735486,1.1853812603387517,76.60975135826817,1491086.1958740803,0.3623418913020056,1491086.1958740803,0.3623418913020056,1.0,1.0,0.5572727272727271,1.0,0.970511500005742,0.970511500005742,0.6339647911904168,0.7771648461655559,0.97655847501288,0.5168774782639924,0.9003625824217161,0.8566394906336575,0.9003625824217161,0.8566394906336575,0.0,0.0,683621.366715345,0.0,0.0,0.0,0.0,0.0,0.0,0.0,0.0,0.0,0.0,0.0,0.0,reward_jon_p95_oishift875to90_hsoft,seed_014,runs/reward_jon_p95_oishift875to90_hsoft/seed_014,,,1583.9008147277111,0.4080115442369169,,,,,False,True,True,True,True,True,False,False,True,6,True,False
18979.828878887354,4.889188273798906,0.0,0.0,5114.432290670759,1.3174735421614527,,,-9.600424307137729,-0.0024730613877222,4548.169055806618,1.171604599641066,6769.875982154974,1.7439144724768094,1112.3866073166546,0.2865498730851764,1.0,1.0,0.978619268418341,2282.9474129147,0.1287878787878787,0.1818181818181818,0.4545454545454545,0.5454545454545454,0.9090909090909092,-105.72579128814466,0.2,-0.0181818181818181,1.0,0.0208333333333333,0.33,0.1245454545454545,6.454545454545454,0.134469696969697,0.5,0.0454545454545454,13.363636363636363,0.2784090909090909,0.8,0.109090909090909,32.63636363636363,0.6799242424242423,0.2480792318814159,0.5292185535315413,0.875600993117057,1.2886868533575389,119.07952057396172,846860.423897425,0.2103579368633566,846860.423897425,0.2103579368633566,1.0,1.0,0.7027272727272729,1.0,0.95646034759097,0.95646034759097,0.6226100629782839,0.7087978053754742,0.978619268418341,0.7195227508488578,0.9220562805345364,0.8784693840511677,0.9220562805345364,0.8784693840511677,0.0,0.0,709495.898054186,0.8199381761978362,0.0,0.8199381761978362,0.0,0.0,0.0,0.0,0.0,0.0,0.0,0.0,0.0,reward_jon_p95_oishift875to90_hsoft,seed_015,runs/reward_jon_p95_oishift875to90_hsoft/seed_015,,,1444.565367245485,0.3721188478221239,,,,,False,True,True,True,True,True,True,False,True,7,True,False
20064.87048512591,5.168694097147323,-59.38130054727527,-0.015296574071941,,,1620.6415828195452,0.4174759358113202,-12.347649545354392,-0.0031807443445013,3131.8597987311314,0.8067645025067314,6594.309302558601,1.698688640535446,510.0357262603616,0.1313847826533646,0.9775888717156104,0.8799587841318908,0.967284904688305,2276.843429522118,0.1704545454545454,0.1818181818181818,0.3636363636363636,0.4545454545454545,0.8181818181818182,-67.46636926179582,0.2,-0.0181818181818181,1.181818181818182,0.0246212121212121,0.33,0.0336363636363636,6.0,0.125,0.5,-0.0454545454545454,12.909090909090908,0.268939393939394,0.8,0.0181818181818181,31.0,0.6458333333333334,0.2857894552579004,0.8006693433147928,0.894504466845078,1.0612176277167815,95.91795830786982,1488784.4984143523,0.3523725339199999,1488784.4984143523,0.3523725339199999,0.788620433266183,0.8799587841318908,0.8845454545454545,1.0,0.9630765633957772,0.9630765633957772,0.941963933311521,0.8165413007368585,0.967284904688305,0.5301699547733334,0.8771988724775889,0.8866279506702714,0.8771988724775889,0.8866279506702714,0.0,0.0224111282843894,594148.3999879267,0.0,0.2668727460072128,0.2668727460072128,0.0,0.0,0.0,0.0,0.0,0.0,0.005667181865018,67009.28539803321,3045.8766090015097,reward_jon_p95_peak875_hdisceff,seed_000,runs/reward_jon_p95_peak875_hdisceff/seed_000,,,,,8279.7530248489,2.132857554056904,,,True,False,True,True,True,True,True,False,True,7,False,False
22083.92449302554,5.688800745240995,0.0,0.0,,,1493.0094853098144,0.3845980127021675,-9.43743583455682,-0.0024310756915396,5447.198250671737,1.403193779152946,6766.559298524953,1.743060097507716,1371.9204439036384,0.3534055754517358,1.0,1.0,0.9775888717156104,2211.089455557046,0.1704545454545454,0.1818181818181818,0.5454545454545454,0.4545454545454545,0.8181818181818182,-321.807634097778,0.2,-0.0181818181818181,0.9090909090909092,0.0189393939393939,0.33,0.2154545454545454,6.2727272727272725,0.1306818181818181,0.5,-0.0454545454545454,11.181818181818182,0.2329545454545454,0.8,0.0181818181818181,29.272727272727277,0.6098484848484849,0.2575859551766062,0.6572337351949996,0.92565910048485,1.2952748062292192,124.6842129913655,939992.7307350688,0.2439944876567917,939992.7307350688,0.2439944876567917,1.0,1.0,0.7027272727272728,1.0,0.9739806851696976,0.9739806851696976,0.7732161590529407,0.7359598719331606,0.9775888717156104,0.674674016457611,0.924016155773658,0.8983406446671268,0.924016155773658,0.8983406446671268,0.0,0.0,673934.312308713,0.4278722308088614,0.0,0.4278722308088614,0.0,0.0,0.0,0.0,0.0,0.0,0.0,0.0,0.0,reward_jon_p95_peak875_hdisceff,seed_001,runs/reward_jon_p95_peak875_hdisceff/seed_001,,,,,7014.674450449954,1.8069743561179683,,,False,True,True,True,True,True,True,False,True,7,True,False
19843.661244483163,5.11171077910437,0.0,0.0,,,1461.0373015652112,0.3763620045247839,-10.3326563199237,-0.0026616837506243,7337.779463648838,1.890205941176929,6775.690188819441,1.7454122073208245,-588.1645341947913,-0.1515106991743408,1.0,1.0,0.9755280783101494,1787.6574081262445,0.3181818181818182,0.1818181818181818,0.5454545454545454,0.8181818181818182,1.0,447.7058647357944,0.2,-0.0181818181818181,1.0,0.0208333333333333,0.33,0.2154545454545454,6.363636363636363,0.1325757575757575,0.5,0.3181818181818182,21.09090909090909,0.4393939393939394,0.8,0.1999999999999999,30.63636363636364,0.6382575757575757,0.2525007057430994,0.510835659230196,0.9410367205148756,1.1640885833093828,68.96005892415224,1055668.0193613786,0.2238301867799604,1055668.0193613786,0.2238301867799604,1.0,1.0,0.3163636363636364,1.0,0.9793628521802064,0.9793628521802064,0.600983128506113,0.7214305878374271,0.9755280783101494,0.7015597509600529,0.8519385666277349,0.8040915438667587,0.8519385666277349,0.8040915438667587,0.0,0.0,675671.143509273,0.9064914992272024,0.0,0.9064914992272024,0.0,0.0,0.0,0.0,0.0,0.0,0.0,0.0,0.0,reward_jon_p95_peak875_hdisceff,seed_002,runs/reward_jon_p95_peak875_hdisceff/seed_002,,,,,4867.651480964388,1.2539030090067975,,,False,True,True,True,True,True,True,False,True,7,True,False
22420.805500766328,5.775581015138157,0.0,0.0,,,1571.730360447842,0.4048764452467393,-7.227173481658101,-0.0018617139313905,6464.632050144368,1.66528388720875,6793.269066389787,1.749940511692372,2316.452419014357,0.5967162336461506,1.0,1.0,0.982225656877898,2118.4909142294164,0.1969696969696969,0.0909090909090909,0.1818181818181818,0.2727272727272727,0.7272727272727273,-389.18219774893737,0.2,-0.1090909090909091,0.8181818181818182,0.0170454545454545,0.33,-0.1481818181818182,4.181818181818182,0.0871212121212121,0.5,-0.2272727272727273,12.272727272727272,0.2556818181818182,0.8,-0.0727272727272727,29.0,0.6041666666666667,0.2699685258380664,0.530492833915773,0.9160367178301472,1.2045888708496102,85.44712522439588,1206741.9700775272,0.2932857199158294,1206741.9700775272,0.2932857199158294,1.0,1.0,0.4427272727272726,1.0,0.9706128512405516,0.9706128512405516,0.6241092163714976,0.7713386452516185,0.982225656877898,0.6089523734455609,0.8793506559930471,0.8327571615371905,0.8793506559930471,0.8327571615371905,0.0,0.0,718435.683435976,0.7985574446161773,0.0,0.7985574446161773,0.0,0.0,0.0,0.0,0.0,0.0,0.0,0.0,0.0,reward_jon_p95_peak875_hdisceff,seed_003,runs/reward_jon_p95_peak875_hdisceff/seed_003,,,,,5281.948778251632,1.360625651275536,,,False,True,True,True,True,True,True,False,True,7,True,False
22319.925892100702,5.749594511102705,0.0,0.0,,,1751.744519020904,0.4512479441063637,-8.725037028435617,-0.0022475623463255,5639.880645083109,1.4528286051218724,6762.352641748895,1.7419764661898234,436.96858943767256,0.1125627484383494,1.0,1.0,0.9778464708912932,2042.6023788937189,0.1666666666666666,0.1818181818181818,0.3636363636363636,0.5454545454545454,1.0,91.26251842025104,0.2,-0.0181818181818181,1.181818181818182,0.0246212121212121,0.33,0.0336363636363636,5.2727272727272725,0.1098484848484848,0.5,0.0454545454545454,12.454545454545457,0.2594696969696969,0.8,0.1999999999999999,39.90909090909091,0.8314393939393938,0.3036973063814243,0.7198171095386058,0.9839642616515096,1.055795140017504,30.219458134731298,1209435.5140004756,0.2712655531053643,1209435.5140004756,0.2712655531053643,1.0,1.0,0.7027272727272729,1.0,0.9943874915780284,0.9943874915780284,0.8468436582807127,0.8677065896612124,0.9778464708912932,0.6383125958595142,0.933916479541438,0.9163849717167568,0.933916479541438,0.9163849717167568,0.0,0.0,679272.0409941397,0.5131375579598145,0.2841318907779495,0.6955177743431221,0.0,0.0,0.0,0.0,0.0,0.0,0.0,0.0,0.0,reward_jon_p95_peak875_hdisceff,seed_004,runs/reward_jon_p95_peak875_hdisceff/seed_004,,,,,7737.704533838556,1.9932263095926213,,,True,True,True,True,True,True,True,True,True,9,True,True
24056.74980938861,6.196998920501961,0.0,0.0,,,1765.605641704876,0.4548185578837908,-6.632151123210788,-0.0017084366623417,8512.3909984963,2.192784904300953,6808.534060955975,1.753872761709422,1403.909079175096,0.3616458215288758,1.0,1.0,0.982225656877898,1930.4629237362835,0.2443181818181818,0.1818181818181818,0.1818181818181818,0.5454545454545454,0.7272727272727273,-339.4021030854095,0.2,-0.0181818181818181,0.9090909090909092,0.0189393939393939,0.33,-0.1481818181818182,3.727272727272727,0.0776515151515151,0.5,0.0454545454545454,13.636363636363637,0.2840909090909091,0.8,-0.0727272727272727,24.272727272727277,0.5056818181818182,0.3033022428890513,0.5481650991571203,0.9810600284420892,1.1340057070660778,56.39103404132168,1682150.9653206945,0.36996769266993,1682150.9653206945,0.36996769266993,1.0,1.0,0.7154545454545455,1.0,0.9933710099547312,0.9933710099547312,0.6449001166554357,0.8665778368258609,0.982225656877898,0.50670974310676,0.9364935953611152,0.8986952974325868,0.9364935953611152,0.8986952974325868,0.0,0.0,725755.9291374908,1.0,0.0,1.0,0.0,0.0,0.0,0.0,0.0,0.0,0.0,0.0,0.0,reward_jon_p95_peak875_hdisceff,seed_005,runs/reward_jon_p95_peak875_hdisceff/seed_005,,,,,5572.942180179574,1.4355853117412607,,,False,True,True,True,True,True,True,True,True,8,True,False
12675.807970234702,3.2652776842438698,0.0,0.0,,,2076.4618656167786,0.5348948649193144,-8.519988287761807,-0.0021947419597531,-3218.8609583582493,-0.8291759295101105,6670.462605935107,1.7183056687107436,518.4363039606122,0.1335487645442071,1.0,0.9144770736733644,0.9703760947964968,2068.7574089192267,0.1439393939393939,0.1818181818181818,0.1818181818181818,0.5454545454545454,1.0,60.60778600581442,0.2,-0.0181818181818181,1.181818181818182,0.0246212121212121,0.33,-0.1481818181818182,3.363636363636364,0.0700757575757575,0.5,0.0454545454545454,12.909090909090908,0.2689393939393939,0.8,0.1999999999999999,38.36363636363637,0.7992424242424242,0.3619143175367099,0.6223980706277162,0.919007276602582,0.7650328028134618,111.15013754582743,2417955.6831275374,0.4487010896181275,2417955.6831275374,0.4487010896181275,1.0,0.9144770736733644,0.5881818181818183,0.7650328028134618,0.8189238686396538,0.8189238686396538,0.7322330242679015,1.0,0.9703760947964968,0.4017318805091633,0.8635216844656554,0.8360586592655823,0.8635216844656554,0.8360586592655823,0.0,0.0,635354.2349704513,0.0,0.4541473467284904,0.4541473467284904,0.0,0.0,0.0,0.0,0.0,0.0,0.0,0.0,0.0,reward_jon_p95_peak875_hdisceff,seed_006,runs/reward_jon_p95_peak875_hdisceff/seed_006,,,,,6637.828141368214,1.709899057539468,,,False,False,True,True,True,True,True,True,False,6,True,False
20575.968838051787,5.300352611553784,0.0,0.0,,,1651.226386883855,0.4253545561267014,-6.270941541194915,-0.0016153893717658,6029.740953287446,1.553256299146689,6813.64134919247,1.7551883949491165,1082.8495600887602,0.2789411540671716,1.0,1.0,0.9848016486347244,2076.4659994183617,0.1950757575757575,0.1818181818181818,0.1818181818181818,0.4545454545454545,0.6363636363636364,-376.9333085149075,0.2,-0.0181818181818181,1.4545454545454546,0.0303030303030303,0.33,-0.1481818181818182,3.909090909090909,0.0814393939393939,0.5,-0.0454545454545454,11.636363636363637,0.2424242424242424,0.8,-0.1636363636363637,25.181818181818183,0.5246212121212122,0.2835697040844676,0.5152460834992478,0.95753342447723,1.2957564157866257,124.67892579329072,1452978.8186241016,0.3352400550404221,1452978.8186241016,0.3352400550404221,1.0,1.0,0.6245454545454544,1.0,0.9851366985670305,0.9851366985670305,0.6061718629402916,0.8101991545270504,0.9848016486347244,0.5530132599461037,0.9157917269037996,0.8723036570746148,0.9157917269037996,0.8723036570746148,0.0,0.0,672584.5255389253,0.1555899021123132,0.0,0.1555899021123132,0.0,0.0,0.0,0.0,0.0,0.0,0.0,0.0,0.0,reward_jon_p95_peak875_hdisceff,seed_007,runs/reward_jon_p95_peak875_hdisceff/seed_007,,,,,5004.781530140449,1.2892275966358704,,,False,True,True,True,True,True,False,False,True,6,True,False
19369.177185919794,4.989484076743893,0.0,0.0,,,1665.7222470896716,0.4290886777665305,-9.497649824358524,-0.0024465867656771,3944.738490382695,1.0161613834061554,6797.822003555384,1.7511133445531644,1393.1582019324362,0.3588764044133014,1.0,1.0,0.9763008758371972,2286.035553775201,0.1174242424242424,0.1818181818181818,0.3636363636363636,0.4545454545454545,0.7272727272727273,-225.40701767441,0.2,-0.0181818181818181,1.0909090909090908,0.0227272727272727,0.33,0.0336363636363636,5.181818181818182,0.1079545454545454,0.5,-0.0454545454545454,11.636363636363637,0.2424242424242424,0.8,-0.0727272727272727,29.90909090909091,0.6231060606060606,0.2862899475076325,0.5488458989192826,0.9781026821536914,1.243064746023254,107.28907479323507,1429340.681361897,0.3234193830794094,1429340.681361897,0.3234193830794094,1.0,1.0,0.83,1.0,0.992335938753792,0.992335938753792,0.6457010575520972,0.8179712785932357,0.9763008758371972,0.5687741558941208,0.953403744915616,0.91875090122749,0.953403744915616,0.91875090122749,0.0,0.0,699581.8931598989,0.9067490984028852,0.4034003091190108,0.9142194744976816,0.0,0.0,0.0,0.0,0.0,0.0,0.0,0.0,0.0,reward_jon_p95_peak875_hdisceff,seed_008,runs/reward_jon_p95_peak875_hdisceff/seed_008,,,,,5577.233892783968,1.4366908533704197,,,False,True,True,True,True,True,True,False,True,7,True,False
22704.808067735798,5.848739842281245,0.0,0.0,,,1772.1962846453266,0.4565163020724695,-10.272766279224308,-0.0026462561255085,6124.673117759998,1.5777107464605866,6791.31380519179,1.7494368380195235,1295.4012643916258,0.3336942978855295,1.0,1.0,0.9732096857290056,2256.3222367070766,0.1420454545454545,0.1818181818181818,0.4545454545454545,0.2727272727272727,0.7272727272727273,-127.01617519207524,0.2,-0.0181818181818181,1.0,0.0208333333333333,0.33,0.1245454545454545,6.363636363636363,0.1325757575757575,0.5,-0.2272727272727273,9.454545454545457,0.1969696969696969,0.8,-0.0727272727272727,31.90909090909091,0.6647727272727273,0.3073971240056874,0.6318410218025079,0.985048745611672,1.0972524073453254,44.70839877754141,1631124.5549876443,0.3553692221614253,1631124.5549876443,0.3553692221614253,1.0,1.0,0.5572727272727273,1.0,0.9947670609640852,0.9947670609640852,0.7433423785911858,0.878277497159107,0.9732096857290056,0.526174370451433,0.9076948720499418,0.8773165546508868,0.9076948720499418,0.8773165546508868,0.0,0.0,676077.9488943107,0.5772797527047914,0.3997939206594539,0.7619783616692427,0.0,0.0,0.0,0.0,0.0,0.0,0.0,0.0,0.0,reward_jon_p95_peak875_hdisceff,seed_009,runs/reward_jon_p95_peak875_hdisceff/seed_009,,,,,6731.496362026277,1.7340279139686443,,,False,True,True,True,True,True,True,True,True,8,True,False
22593.977734605814,5.820190039826331,0.0,0.0,,,1522.1983736537331,0.3921170462786535,-9.119043048620224,-0.002349057972339,7693.665165790612,1.9818818046858868,6776.772135093016,1.7456909157890304,281.0146746684492,0.0723891485493171,1.0,1.0,0.978619268418341,2171.951682878376,0.168560606060606,0.1818181818181818,0.5454545454545454,0.6363636363636364,1.0,205.96444758219695,0.2,-0.0181818181818181,0.9090909090909092,0.0189393939393939,0.33,0.2154545454545454,6.181818181818182,0.1287878787878787,0.5,0.1363636363636363,17.454545454545453,0.3636363636363636,0.8,0.1999999999999999,35.72727272727273,0.7443181818181818,0.2619340718544748,0.6062656299337955,0.9570910891761976,1.181170896645452,76.39018578994855,798334.126969618,0.1847114832724424,798334.126969618,0.1847114832724424,1.0,1.0,0.4300000000000001,1.0,0.9849818812116692,0.9849818812116692,0.7132536822750536,0.7483830624413568,0.978619268418341,0.7537180223034101,0.8750251748144774,0.8406718610128241,0.8750251748144774,0.8406718610128241,0.0,0.0,692370.9228545567,0.866306027820711,0.0,0.866306027820711,0.0,0.0,0.0,0.0,0.0,0.0,0.0,0.0,0.0,reward_jon_p95_peak875_hdisceff,seed_010,runs/reward_jon_p95_peak875_hdisceff/seed_010,,,,,6329.446428448622,1.6304601824957812,,,False,True,True,True,True,True,True,False,True,7,True,False
16825.646441942223,4.334272653771825,-58.38992910903868,-0.015041197606656,,,1648.3941458571098,0.4246249731728773,-11.62293933752838,-0.0029940595923566,426.0082747677488,0.1097393804141547,6383.0138476464135,1.6442591055245783,29.19948820763648,0.007521764092642,0.9750128799587842,0.7671303451828955,0.9670273055126224,2178.7869373943017,0.2196969696969697,0.1818181818181818,0.3636363636363636,0.4545454545454545,0.9090909090909092,152.92239183639035,0.2,-0.0181818181818181,1.0,0.0208333333333333,0.33,0.0336363636363636,5.090909090909091,0.106060606060606,0.5,-0.0454545454545454,16.818181818181817,0.3503787878787878,0.8,0.109090909090909,31.90909090909091,0.6647727272727273,0.2923804175986705,0.8141101292185997,0.9148582048715428,1.0274281496676394,107.6889172593524,1662440.2721037385,0.3723787113661077,1662440.2721037385,0.3723787113661077,0.8660560969076037,0.7671303451828955,0.7936363636363637,1.0,0.97020037170504,0.97020037170504,0.9577766226101172,0.8353726217104872,0.9670273055126224,0.5034950515118564,0.8644707202308785,0.8653022941085478,0.8644707202308785,0.8653022941085478,0.0,0.0249871200412158,525766.5653102188,0.056156620298815,0.4384337970118495,0.4564657393096342,0.0,0.0,0.0,0.0,0.0,0.0,0.0041215868109222,38664.90391634707,2416.556494771692,reward_jon_p95_peak875_hdisceff,seed_011,runs/reward_jon_p95_peak875_hdisceff/seed_011,,,,,8409.04355390988,2.166162687766584,,,True,False,True,True,True,True,True,False,True,7,False,False
23491.880488272764,6.051489049014107,0.0,0.0,,,1712.0186435856808,0.4410145913409791,-9.34531910840422,-0.0024073464988161,7112.193631346596,1.8320952167301896,6793.928142259772,1.7501102890931923,1145.408241567064,0.2950562188477753,1.0,1.0,0.975785677485832,2137.142554683855,0.1647727272727272,0.1818181818181818,0.3636363636363636,0.5454545454545454,0.7272727272727273,-287.68075106959,0.2,-0.0181818181818181,0.9090909090909092,0.0189393939393939,0.33,0.0336363636363636,5.454545454545454,0.1136363636363636,0.5,0.0454545454545454,11.818181818181818,0.2462121212121212,0.8,-0.0727272727272727,24.363636363636363,0.5075757575757576,0.2946160949582045,0.6323289205699686,0.9869884981150407,1.2013778876838974,84.3996121479169,1464465.7311527678,0.3380448240563927,1464465.7311527678,0.3380448240563927,1.0,1.0,0.8300000000000001,1.0,0.9954459743402644,0.9954459743402644,0.7439163771411396,0.8417602713091558,0.975785677485832,0.5492735679248097,0.9551492794929576,0.9303581300219164,0.9551492794929576,0.9303581300219164,0.0,0.0,676968.3906773336,0.8093766099948481,0.1795466254507985,0.8093766099948481,0.0,0.0,0.0,0.0,0.0,0.0,0.0,0.0,0.0,reward_jon_p95_peak875_hdisceff,seed_012,runs/reward_jon_p95_peak875_hdisceff/seed_012,,,,,6737.677148622056,1.7356200795007872,,,False,True,True,True,True,True,True,False,True,7,True,False
22457.66086548633,5.785074926709513,0.0,0.0,,,1690.669476510987,0.435515063501027,-10.534807752147318,-0.0027137577929282,8493.425167644918,2.187899321907501,6813.231780470781,1.755082890384024,1047.8943219712344,0.2699367135423066,1.0,1.0,0.9768160741885626,2141.165998900328,0.1856060606060606,0.0,0.4545454545454545,0.4545454545454545,0.9090909090909092,-12.084185190724604,0.2,-0.2,0.6363636363636364,0.0132575757575757,0.33,0.1245454545454545,7.181818181818182,0.1496212121212121,0.5,-0.0454545454545454,13.454545454545457,0.2803030303030303,0.8,0.109090909090909,34.72727272727273,0.7234848484848485,0.2903433756673513,0.4725695853781358,0.971081833130184,1.0979014336305126,41.05586441014981,1428540.6121493694,0.3003456533514471,1428540.6121493694,0.3003456533514471,1.0,1.0,0.520909090909091,1.0,0.9898786415955644,0.9898786415955644,0.5559642180919245,0.8295525019067183,0.9768160741885626,0.5995391288647371,0.8976443098738127,0.8480723971148876,0.8976443098738127,0.8480723971148876,0.0,0.0,656645.1682524395,0.8328181349819681,0.0,0.8328181349819681,0.0,0.0,0.0,0.0,0.0,0.0,0.0,0.0,0.0,reward_jon_p95_peak875_hdisceff,seed_013,runs/reward_jon_p95_peak875_hdisceff/seed_013,,,,,4422.974926640555,1.1393546951675824,,,False,True,True,False,True,True,True,False,True,6,True,False
19916.22647090001,5.130403521612574,0.0,0.0,,,1458.8373253969849,0.3757952924773273,-9.30879325248301,-0.0023979374684397,5801.721804431072,1.4945187543614302,6792.683420789695,1.7497896498685457,907.0332176325936,0.2336510091789267,1.0,1.0,0.9781040700669758,2174.2538733369474,0.1666666666666666,0.1818181818181818,0.4545454545454545,0.4545454545454545,0.7272727272727273,-402.76658079524833,0.2,-0.0181818181818181,1.0909090909090908,0.0227272727272727,0.33,0.1245454545454545,6.181818181818182,0.1287878787878787,0.5,-0.0454545454545454,11.363636363636363,0.2367424242424242,0.8,-0.0727272727272727,25.0,0.5208333333333334,0.2505492999481418,0.5094453345157587,0.8988136698421961,1.2231675387816825,92.63412019837897,1113883.5339925208,0.2781637670140008,1113883.5339925208,0.2781637670140008,1.0,1.0,0.739090909090909,1.0,0.9645847844447686,0.9645847844447686,0.5993474523714808,0.7158551427089765,0.9781040700669758,0.6291149773146656,0.9292136076248632,0.8853678445830812,0.9292136076248632,0.8853678445830812,0.0,0.0,713072.4120903014,0.3549716640906749,0.0,0.3549716640906749,0.0,0.0,0.0,0.0,0.0,0.0,0.0,0.0,0.0,reward_jon_p95_peak875_hdisceff,seed_014,runs/reward_jon_p95_peak875_hdisceff/seed_014,,,,,4965.259495902151,1.2790467531947838,,,False,True,True,True,True,True,True,False,True,7,True,False
21997.074997236457,5.666428386717274,0.0,0.0,,,1626.8487136478398,0.4190748875960432,-9.129911152496934,-0.0023518575869389,6515.636152021554,1.6784225018087466,6783.528137917498,1.7474312565475263,1397.3440191993525,0.3599546674908172,1.0,1.0,0.9778464708912932,2161.345202804064,0.1439393939393939,0.1818181818181818,0.3636363636363636,0.3636363636363636,0.9090909090909092,-319.48145568596595,0.2,-0.0181818181818181,0.9090909090909092,0.0189393939393939,0.33,0.0336363636363636,5.090909090909091,0.106060606060606,0.5,-0.1363636363636363,10.636363636363637,0.2215909090909091,0.8,0.109090909090909,31.09090909090909,0.6477272727272727,0.2793832583973621,0.5591666836861605,0.913323509702953,1.1721322369537257,72.29916833733799,1280798.00391777,0.3062697748958443,1280798.00391777,0.3062697748958443,1.0,1.0,0.7027272727272728,1.0,0.9696632283960336,0.9696632283960336,0.6578431572778359,0.7982378811353206,0.9778464708912932,0.5916403001388744,0.928706326401996,0.8890666335537754,0.928706326401996,0.8890666335537754,0.0,0.0,687782.7870005772,0.9958784131890778,0.0,0.9958784131890778,0.0,0.0,0.0,0.0,0.0,0.0,0.0,0.0,0.0,reward_jon_p95_peak875_hdisceff,seed_015,runs/reward_jon_p95_peak875_hdisceff/seed_015,,,,,5682.84788560271,1.4638969308610794,,,False,True,True,True,True,True,True,False,True,7,True,False
11024.876144650569,2.839999006865164,-128.076267688999,-0.032992340981195,,,,,-16.310811422650232,-0.0042016515771896,-6394.800218170082,-1.6472952648557655,6631.652342488017,1.7083081768387474,169.040749067231,0.0435447576164943,0.9603297269448736,0.868366821226172,0.9554353426069035,2224.884190089925,0.1609848484848484,0.1818181818181818,0.3636363636363636,0.4545454545454545,1.0,351.6240038867249,0.2,-0.0181818181818181,1.2727272727272727,0.0265151515151515,0.33,0.0336363636363636,6.636363636363637,0.1382575757575757,0.5,-0.0454545454545454,15.909090909090908,0.331439393939394,0.8,0.1999999999999999,36.0,0.75,0.3567805720607364,0.8402904645568281,0.8569363133439275,0.4529052775664746,231.3780345241823,2369919.87879921,0.4350178461409769,2369919.87879921,0.4350178461409769,0.5047168393119049,0.868366821226172,0.7027272727272728,0.4529052775664746,0.5943161400885831,0.5943161400885831,0.98857701712568,1.0,0.9554353426069035,0.419976205145364,0.6691392539344078,0.7306548835136998,0.6691392539344078,0.7306548835136998,0.0,0.0396702730551262,473008.3000869497,0.1398763523956723,0.5471406491499228,0.586038124678001,0.0,0.0,0.0,0.0,0.0,0.0,0.0159711488923235,245327.2419854908,3956.89099976598,reward_jon_p95_peak875_heff,seed_000,runs/reward_jon_p95_peak875_heff/seed_000,2395.902732338653,0.6171825688662168,,,8367.467618038398,2.155452760957856,,,True,False,False,True,True,True,True,True,False,6,False,False
22952.65533199886,5.912585093250608,0.0,0.0,,,,,-8.33261055077426,-0.0021464736091639,5379.042363525601,1.3856368788061826,6735.954212267902,1.7351762525162036,1796.6884969622374,0.4628254757759499,1.0,1.0,0.9755280783101494,2265.2241668679912,0.1420454545454545,0.1818181818181818,0.2727272727272727,0.4545454545454545,0.7272727272727273,-367.2854286353809,0.2,-0.0181818181818181,1.0909090909090908,0.0227272727272727,0.33,-0.0572727272727273,4.363636363636363,0.0909090909090909,0.5,-0.0454545454545454,10.727272727272728,0.2234848484848485,0.8,-0.0727272727272727,28.363636363636363,0.5909090909090909,0.2479416352178939,0.6701960628780305,0.9101205656619054,1.2785864310547987,116.13142628531644,953299.413889137,0.2567348910297486,953299.413889137,0.2567348910297486,1.0,1.0,0.8063636363636363,1.0,0.9685421979816669,0.9685421979816669,0.7884659563270947,0.7084046720511257,0.9755280783101494,0.6576868119603352,0.9407949562770956,0.918024400019834,0.9407949562770956,0.918024400019834,0.0,0.0,683118.969010549,0.7181865018031942,0.0,0.7181865018031942,0.0,0.0,0.0,0.0,0.0,0.0,0.0,0.0,0.0,reward_jon_p95_peak875_heff,seed_001,runs/reward_jon_p95_peak875_heff/seed_001,1852.3105214996408,0.4771536634465844,,,7196.992348294253,1.8539392963148515,,,False,True,True,True,True,True,True,False,True,7,True,False
24892.91519657953,6.412394434976696,0.0,0.0,,,,,-6.200688153058291,-0.0015972921568929,8204.998720049312,2.113600906761801,6773.030355088904,1.7447270363443854,1102.0413092538904,0.2838849328320171,1.0,1.0,0.9835136527563112,1860.8792480967488,0.2007575757575757,0.0,0.1818181818181818,0.5454545454545454,1.0,195.6385145093681,0.2,-0.2,0.7272727272727273,0.0151515151515151,0.33,-0.1481818181818182,3.5454545454545454,0.0738636363636363,0.5,0.0454545454545454,14.0,0.2916666666666666,0.8,0.1999999999999999,47.0,0.9791666666666669,0.2924247623182328,0.6408860890503039,0.9809307702543248,1.1498593010621894,63.29559368066601,1009161.2902530764,0.2270208877884726,1009161.2902530764,0.2270208877884726,1.0,1.0,0.4063636363636364,1.0,0.9933257695890136,0.9933257695890136,0.7539836341768281,0.8354993209092367,0.9835136527563112,0.6973054829487031,0.8775926396915829,0.8462868932914903,0.8775926396915829,0.8462868932914903,0.0,0.0,718269.3977482382,0.8879443585780525,0.0,0.8879443585780525,0.0,0.0,0.0,0.0,0.0,0.0,0.0,0.0,0.0,reward_jon_p95_peak875_heff,seed_002,runs/reward_jon_p95_peak875_heff/seed_002,2026.22688628638,0.5219543756533693,,,6792.81861405411,1.7498244755420171,,,False,True,True,False,True,True,True,False,True,6,True,False
14314.457727339812,3.687392510906701,0.0,0.0,,,,,-11.900579117080197,-0.0030655793707058,-2972.323032658532,-0.7656679630753559,6781.311032443724,1.746860132005081,551.3122935289939,0.1420175923567732,1.0,1.0,0.9665121071612572,2189.52142464251,0.1837121212121212,0.1818181818181818,0.3636363636363636,0.4545454545454545,1.0,485.4315082644762,0.2,-0.0181818181818181,0.9090909090909092,0.0189393939393939,0.33,0.0336363636363636,5.363636363636363,0.1117424242424242,0.5,-0.0454545454545454,18.63636363636364,0.3882575757575758,0.8,0.1999999999999999,41.09090909090909,0.856060606060606,0.331003276272801,0.7120716185215955,0.844864434750911,0.8006216181707692,158.8942449141335,1573767.6977238192,0.3048143449651372,1573767.6977238192,0.3048143449651372,1.0,1.0,0.7027272727272728,0.8006216181707692,0.8161066039738188,0.8161066039738188,0.8377313159077594,0.9457236464937172,0.9665121071612572,0.5935808733798169,0.9023649781887642,0.883151694613743,0.9023649781887642,0.883151694613743,0.0,0.0,617421.4724432647,0.7426584234930448,0.5332302936630603,0.7555383822771767,0.0,0.0,0.0,0.0,0.0,0.0,0.0,0.0,0.0,reward_jon_p95_peak875_heff,seed_003,runs/reward_jon_p95_peak875_heff/seed_003,2224.1241660936275,0.5729325518015527,,,7741.933847049078,1.994315777189356,,,True,True,True,True,True,True,True,True,False,8,True,False
22905.66630514614,5.900480758667218,0.0,0.0,,,,,-9.828851384334268,-0.0025319040145116,6141.87190861304,1.5821411408070687,6775.208197158983,1.7452880466664047,511.2452900874265,0.1316963652981521,1.0,1.0,0.9775888717156104,2153.7611306137737,0.1628787878787878,0.1818181818181818,0.3636363636363636,0.4545454545454545,0.9090909090909092,-28.577279980999958,0.2,-0.0181818181818181,0.9090909090909092,0.0189393939393939,0.33,0.0336363636363636,6.181818181818182,0.1287878787878787,0.5,-0.0454545454545454,13.181818181818182,0.2746212121212121,0.8,0.109090909090909,34.90909090909091,0.7272727272727273,0.2870268430829845,0.686392848624334,0.976682299424449,1.1266615878256776,56.7740430757832,1107422.729591662,0.2569908582835631,1107422.729591662,0.2569908582835631,1.0,1.0,0.7936363636363637,1.0,0.9918388047985572,0.9918388047985572,0.8075209983815694,0.8200766945228128,0.9775888717156104,0.6573455222885825,0.9469915841345484,0.9277304118370624,0.9469915841345484,0.9277304118370624,0.0,0.0,691765.1028511263,0.5739309634209171,0.1803194229778464,0.7300360638845955,0.0,0.0,0.0,0.0,0.0,0.0,0.0,0.0,0.0,reward_jon_p95_peak875_heff,seed_004,runs/reward_jon_p95_peak875_heff/seed_004,2060.8557921054985,0.530874753247166,,,7426.313968565524,1.9130123566629376,,,False,True,True,True,True,True,True,False,True,7,True,False
24863.88107252504,6.40491526855359,0.0,0.0,,,,,-10.208484441190958,-0.0026296971770198,8228.012337855991,2.119529195738277,6789.324434040054,1.7489243776507095,1498.5834037000318,0.3860338494848098,1.0,1.0,0.9763008758371972,2153.0230226783137,0.1856060606060606,0.1818181818181818,0.4545454545454545,0.5454545454545454,0.7272727272727273,-120.14231238717385,0.2,-0.0181818181818181,1.0,0.0208333333333333,0.33,0.1245454545454545,6.636363636363637,0.1382575757575757,0.5,0.0454545454545454,13.0,0.2708333333333333,0.8,-0.0727272727272727,30.0,0.625,0.2903690980803396,0.6001208796268417,0.9839442108338604,1.154556817001848,64.86579208123442,1320211.2770511028,0.2980189228040646,1320211.2770511028,0.2980189228040646,1.0,1.0,0.7390909090909091,1.0,0.9943804737918512,0.9943804737918512,0.7060245642668725,0.8296259945152561,0.9763008758371972,0.6026414362612471,0.9376111819431008,0.907593076520862,0.9376111819431008,0.907593076520862,0.0,0.0,675316.5139202568,1.0,0.0,1.0,0.0,0.0,0.0,0.0,0.0,0.0,0.0,0.0,0.0,reward_jon_p95_peak875_heff,seed_005,runs/reward_jon_p95_peak875_heff/seed_005,2056.368878869617,0.5297189280962434,,,6301.800502500535,1.6233386147605706,,,False,True,True,True,True,True,True,False,True,7,True,False
18439.585552274748,4.7500220381954525,0.0,0.0,,,,,-6.223585096430033,-0.0016031903906311,3431.713935300704,0.8840066809120823,6656.95323252522,1.714825665256368,187.224116420502,0.0482287780578315,1.0,0.9994848016486348,0.9768160741885626,1989.4889991242776,0.1969696969696969,0.1818181818181818,0.1818181818181818,0.4545454545454545,1.0,-44.45826460759751,0.2,-0.0181818181818181,1.7272727272727273,0.0359848484848484,0.33,-0.1481818181818182,2.8181818181818183,0.0587121212121212,0.5,-0.0454545454545454,12.545454545454543,0.2613636363636363,0.8,0.1999999999999999,38.09090909090909,0.7935606060606062,0.3270706928745122,0.5752763524242431,0.9599028359693634,1.0357946208163051,43.841192542157685,1919773.478124973,0.3953935948214594,1919773.478124973,0.3953935948214594,1.0,0.9994848016486348,0.5881818181818181,1.0,0.9859659925892772,0.9859659925892772,0.6767957087344038,0.9344876939271776,0.9768160741885626,0.4728085402380541,0.9177533295775968,0.8779712817631733,0.9177533295775968,0.8779712817631733,0.0,0.0,678030.537266376,0.0,0.4237506439979392,0.4237506439979392,0.0,0.0,0.0,0.0,0.0,0.0,0.0,0.0,0.0,reward_jon_p95_peak875_heff,seed_006,runs/reward_jon_p95_peak875_heff/seed_006,2190.491644323674,0.5642688419174843,,,5979.426208801077,1.5402952624423176,,,False,True,True,True,True,True,True,True,True,8,True,False
22560.69258199982,5.811615811952556,0.0,0.0,,,,,-6.187191044390202,-0.0015938153128259,5288.407539467603,1.3622894228407014,6753.4514640636025,1.7396835301554876,586.817938333654,0.1511638171905342,1.0,1.0,0.9799072642967542,2084.287008727157,0.1647727272727272,0.1818181818181818,0.1818181818181818,0.4545454545454545,1.0,-217.65349891832605,0.2,-0.0181818181818181,1.2727272727272727,0.0265151515151515,0.33,-0.1481818181818182,2.8181818181818183,0.0587121212121212,0.5,-0.0454545454545454,11.454545454545457,0.2386363636363636,0.8,0.1999999999999999,35.45454545454545,0.7386363636363636,0.3022780569260671,0.7261919838071496,0.9796477702778208,1.1705171842219235,77.05071980088069,1315720.2250072083,0.3118826447449043,1315720.2250072083,0.3118826447449043,1.0,1.0,0.5881818181818181,1.0,0.9928767195972372,0.9928767195972372,0.8543435103613525,0.8636515912173347,0.9799072642967542,0.584156473673461,0.9127669141635568,0.8938240013676508,0.9127669141635568,0.8938240013676508,0.0,0.0,664971.8588311307,0.0,0.2671303451828954,0.2671303451828954,0.0,0.0,0.0,0.0,0.0,0.0,0.0,0.0,0.0,reward_jon_p95_peak875_heff,seed_007,runs/reward_jon_p95_peak875_heff/seed_007,2178.574443496196,0.5611989808078816,,,7759.628387683156,1.998873876270777,,,True,True,True,True,True,True,True,False,True,8,True,False
21395.54435601001,5.5114745893894925,0.0,0.0,,,,,-13.917748564276843,-0.0035852005575159,3273.7035755397083,0.8433033424883328,6761.802086516911,1.741834643615897,1396.656189035546,0.359777483007611,1.0,1.0,0.9631633178773829,2324.1218138814083,0.1515151515151515,0.1818181818181818,0.4545454545454545,0.4545454545454545,0.8181818181818182,-58.98590026801509,0.2,-0.0181818181818181,0.9090909090909092,0.0189393939393939,0.33,0.1245454545454545,5.727272727272728,0.1193181818181818,0.5,-0.0454545454545454,13.181818181818182,0.2746212121212121,0.8,0.0181818181818181,29.272727272727277,0.6098484848484849,0.2882243910603242,0.7289825840251999,0.92785598581242,1.074595937838698,86.72383343048557,1623050.1895631533,0.362341035698402,1623050.1895631533,0.362341035698402,1.0,1.0,0.7936363636363636,1.0,0.974749595034347,0.974749595034347,0.8576265694414117,0.823498260172355,0.9631633178773829,0.5168786190687973,0.946166285020397,0.92877292758077,0.946166285020397,0.92877292758077,0.0,0.0,607466.9737480523,0.5198351365275631,0.4930448222565687,0.6823802163833076,0.0,0.0,0.0,0.0,0.0,0.0,0.0,0.0,0.0,reward_jon_p95_peak875_heff,seed_008,runs/reward_jon_p95_peak875_heff/seed_008,2037.526837028264,0.524865233649733,,,7939.773416453854,2.045279087185434,,,True,True,True,True,True,True,True,False,True,8,True,False
23054.052874402198,5.938705016589952,0.0,0.0,,,,,-10.478800552412867,-0.0026993303844443,7761.790165204144,1.9994307483781928,6782.683606568841,1.7472137059682744,642.2653354548896,0.1654470209827124,1.0,1.0,0.9760432766615148,2282.948267060661,0.1363636363636363,0.1818181818181818,0.3636363636363636,0.5454545454545454,1.0,-67.16417564417829,0.2,-0.0181818181818181,1.0909090909090908,0.0227272727272727,0.33,0.0336363636363636,6.727272727272728,0.1401515151515151,0.5,0.0454545454545454,11.727272727272728,0.2443181818181818,0.8,0.1999999999999999,34.36363636363637,0.7159090909090909,0.2768885682445201,0.5745375816375329,0.9525879647145916,1.162761251880575,68.18658055644589,1161975.2759270575,0.2688568831204233,1161975.2759270575,0.2688568831204233,1.0,1.0,0.7027272727272729,1.0,0.9834057876501072,0.9834057876501072,0.6759265666323916,0.7911101949843433,0.9760432766615148,0.6415241558394356,0.9280365103734394,0.8931769423210082,0.9280365103734394,0.8931769423210082,0.0,0.0,656104.6808880578,0.4000515198351365,0.0,0.4000515198351365,0.0,0.0,0.0,0.0,0.0,0.0,0.0,0.0,0.0,reward_jon_p95_peak875_heff,seed_009,runs/reward_jon_p95_peak875_heff/seed_009,1950.8893239256545,0.5025474816913071,,,5926.903243801078,1.52676538995391,,,False,True,True,True,True,True,True,False,True,7,True,False
25110.39060081744,6.46841591983963,0.0,0.0,,,,,-7.970014802133664,-0.002053069243208,7036.82375551362,1.8126799988443123,6769.019131564704,1.7436937484710728,1411.0726783111072,0.3634911587612331,1.0,1.0,0.9778464708912932,2125.743539104163,0.2045454545454545,0.1818181818181818,0.1818181818181818,0.4545454545454545,0.7272727272727273,-449.2018283699837,0.2,-0.0181818181818181,0.9090909090909092,0.0189393939393939,0.33,-0.1481818181818182,4.0,0.0833333333333333,0.5,-0.0454545454545454,11.272727272727272,0.2348484848484848,0.8,-0.0727272727272727,24.545454545454547,0.5113636363636364,0.2692152532720019,0.7366945917029826,0.9603649115024312,1.2232911317604378,94.79460203547016,1246540.1108351038,0.3188430121796917,1246540.1108351038,0.3188430121796917,1.0,1.0,0.7154545454545453,1.0,0.9861277190258508,0.9861277190258508,0.8666995196505678,0.7691864379200056,0.9778464708912932,0.5748759837604112,0.9288608014941808,0.914338050301701,0.9288608014941808,0.914338050301701,0.0,0.0,671133.8238380136,0.6839258114374034,0.0,0.6839258114374034,0.0,0.0,0.0,0.0,0.0,0.0,0.0,0.0,0.0,reward_jon_p95_peak875_heff,seed_010,runs/reward_jon_p95_peak875_heff/seed_010,1999.0827419211817,0.5149620664402839,,,7902.362308308961,2.035642016565935,,,True,True,True,True,True,True,True,False,True,8,True,False
19459.25884444136,5.012689037723173,-68.48026614209343,-0.0176404601087309,,,,,-11.395371501613408,-0.002935438305413,2753.340903669432,0.7092583471585348,6521.934740815133,1.6800450130899365,-120.65505030965164,-0.0310806415017134,0.9721792890262752,0.8088614116434827,0.9662545079855744,2155.558596089821,0.2234848484848484,0.1818181818181818,0.1818181818181818,0.4545454545454545,0.9090909090909092,61.50724487740433,0.2,-0.0181818181818181,1.4545454545454546,0.0303030303030303,0.33,-0.1481818181818182,3.909090909090909,0.0814393939393939,0.5,-0.0454545454545454,15.818181818181818,0.3295454545454546,0.8,0.109090909090909,33.09090909090909,0.6893939393939393,0.2793819359361634,0.812355587967302,0.9243825305201226,1.0605620672883498,98.8784942656218,1461836.28640904,0.3478978974492933,1461836.28640904,0.3478978974492933,0.7038731954945238,0.8088614116434827,0.6790909090909091,1.0,0.9735338856820428,0.9735338856820428,0.95571245643212,0.7982341026747528,0.9662545079855744,0.5361361367342756,0.7996231965825202,0.8168675565584202,0.7996231965825202,0.8168675565584202,0.0,0.0278207109737248,537769.8412581775,0.0520350334878928,0.2527047913446677,0.2612055641421947,0.0,0.0,0.0,0.0,0.0,0.0,0.0059247810407006,105177.61096777696,4572.939607294651,reward_jon_p95_peak875_heff,seed_011,runs/reward_jon_p95_peak875_heff/seed_011,2072.2052211967866,0.5337983568255504,,,8312.30866671336,2.1412438605650075,,,True,False,True,True,True,True,True,False,True,7,False,False
26075.92976983329,6.717138013867411,0.0,0.0,,,,,-8.231154697798193,-0.002120338665069,8382.56100140886,2.1593408040723494,6751.591388811585,1.73920437630386,901.9501076518204,0.2323416042379753,1.0,1.0,0.97655847501288,2122.7888738624,0.1893939393939394,0.1818181818181818,0.1818181818181818,0.4545454545454545,0.8181818181818182,-285.54728184674275,0.2,-0.0181818181818181,1.3636363636363635,0.0284090909090909,0.33,-0.1481818181818182,4.727272727272728,0.0984848484848484,0.5,-0.0454545454545454,11.363636363636363,0.2367424242424242,0.8,0.0181818181818181,29.09090909090909,0.6060606060606061,0.2992233867823706,0.7323832721546164,0.9803046265585338,1.1403598129970918,58.675920940515496,1370152.7261902636,0.3247272442754321,1370152.7261902636,0.3247272442754321,1.0,1.0,0.7699999999999999,1.0,0.9931066192954868,0.9931066192954868,0.8616273790054311,0.8549239622353447,0.97655847501288,0.5670303409660906,0.9451945161269504,0.9303581836220516,0.9451945161269504,0.9303581836220516,0.0,0.0,650456.232182889,0.0,0.0,0.0,0.0,0.0,0.0,0.0,0.0,0.0,0.0,0.0,0.0,reward_jon_p95_peak875_heff,seed_012,runs/reward_jon_p95_peak875_heff/seed_012,2175.819755924173,0.5604893755600653,,,7872.238670734651,2.02788219235823,,,True,True,True,True,True,True,True,False,True,8,True,False
24065.11489737023,6.199153760270538,0.0,0.0,,,,,-9.053200120031834,-0.0023320968882101,8601.964663721737,2.2158590066258985,6811.509508930252,1.754639234654882,1983.116405444792,0.5108491513252943,1.0,1.0,0.9783616692426584,2087.138748110545,0.1912878787878787,0.0909090909090909,0.1818181818181818,0.3636363636363636,0.7272727272727273,-180.4065949754281,0.2,-0.1090909090909091,0.8181818181818182,0.0170454545454545,0.33,-0.1481818181818182,5.727272727272728,0.1193181818181818,0.5,-0.1363636363636363,12.181818181818182,0.2537878787878788,0.8,-0.0727272727272727,28.818181818181817,0.6003787878787878,0.3105526255581803,0.4792578062372591,0.9897672120843338,1.0919717067258317,38.72712119127719,1856590.939923588,0.3806972652401849,1856590.939923588,0.3806972652401849,1.0,1.0,0.5336363636363636,1.0,0.9964185242295168,0.9964185242295168,0.5638327132203048,0.8872932158805154,0.9783616692426584,0.4924036463464202,0.904424116384238,0.8556769931513651,0.904424116384238,0.8556769931513651,0.0,0.0,653059.5929910634,0.0015455950540958,0.0082431736218444,0.0097887686759402,0.0,0.0,0.0,0.0,0.0,0.0,0.0,0.0,0.0,reward_jon_p95_peak875_heff,seed_013,runs/reward_jon_p95_peak875_heff/seed_013,2129.913096918668,0.5486638580419032,,,4547.664422474814,1.1714746065107713,,,False,True,True,True,True,True,True,True,True,8,True,False
23873.906570436477,6.149898652868746,0.0,0.0,,,,,-7.514632265754043,-0.0019357630772163,7699.32493354352,1.983339756193591,6797.195107942253,1.7509518567599829,1247.6652902950389,0.321397550307841,1.0,1.0,0.9806800618238022,2051.446800354906,0.1742424242424242,0.1818181818181818,0.1818181818181818,0.2727272727272727,1.0,-252.83153872598305,0.2,-0.0181818181818181,0.9090909090909092,0.0189393939393939,0.33,-0.1481818181818182,4.454545454545454,0.0928030303030302,0.5,-0.2272727272727273,10.454545454545457,0.2178030303030302,0.8,0.1999999999999999,35.09090909090909,0.7310606060606062,0.2916559164611129,0.5821031676379784,0.9527878405282552,1.1557291297358512,64.74546649065519,1286823.863355318,0.2995167893405123,1286823.863355318,0.2995167893405123,1.0,1.0,0.4063636363636363,1.0,0.9834757441848894,0.9834757441848894,0.6848272560446805,0.8333026184603226,0.9806800618238022,0.6006442808793169,0.877215367687976,0.8371497357283795,0.877215367687976,0.8371497357283795,0.0,0.0,705557.72978603,0.9188562596599692,0.0,0.9188562596599692,0.0,0.0,0.0,0.0,0.0,0.0,0.0,0.0,0.0,reward_jon_p95_peak875_heff,seed_014,runs/reward_jon_p95_peak875_heff/seed_014,2109.367940209525,0.5433714426093573,,,6027.867930711889,1.5527738100751904,,,False,True,True,True,True,True,True,False,True,7,True,False
22355.065538202296,5.758646454972255,0.0,0.0,,,,,-8.964309262558817,-0.0023091986765993,5637.311712160901,1.4521668501187277,6780.90936903365,1.746756663841744,1515.9808500593929,0.3905154173259641,1.0,1.0,0.97655847501288,2180.9956016405813,0.1666666666666666,0.1818181818181818,0.2727272727272727,0.2727272727272727,0.9090909090909092,-421.41723434830254,0.2,-0.0181818181818181,0.9090909090909092,0.0189393939393939,0.33,-0.0572727272727273,5.090909090909091,0.106060606060606,0.5,-0.2272727272727273,9.545454545454543,0.1988636363636363,0.8,0.109090909090909,27.0,0.5624999999999999,0.283180016601159,0.6124865263422927,0.9232495341755572,1.1698888775667198,75.59079588813071,1436870.6617619034,0.3467639864791626,1436870.6617619034,0.3467639864791626,1.0,1.0,0.5881818181818181,1.0,0.9731373369614452,0.9731373369614452,0.7205723839321091,0.8090857617175973,0.97655847501288,0.5376480180277832,0.9084233177547858,0.8736032812583874,0.9084233177547858,0.8736032812583874,0.0,0.0,682865.867255375,1.0,0.0,1.0,0.0,0.0,0.0,0.0,0.0,0.0,0.0,0.0,0.0,reward_jon_p95_peak875_heff,seed_015,runs/reward_jon_p95_peak875_heff/seed_015,1994.2359147828367,0.51371352776477,,,6435.592001428076,1.6578031945976497,,,False,True,True,True,True,True,True,False,True,7,True,False
15136.197999817774,3.89907212772225,0.0,0.0,,,,,-5.86417163202539,-0.0015106057784712,1789.547192637021,0.4609858816684752,6385.2868591625775,1.6448446314174594,719.3032997246618,0.1852919370748742,0.923235445646574,0.8900051519835136,0.9848016486347244,2025.4420963738,0.2196969696969697,0.1818181818181818,0.3636363636363636,0.4545454545454545,0.7272727272727273,-365.2720381328554,0.2,-0.0181818181818181,0.9090909090909092,0.0189393939393939,0.33,0.0336363636363636,3.727272727272727,0.0776515151515151,0.5,-0.0454545454545454,12.272727272727272,0.2556818181818181,0.8,-0.0727272727272727,28.90909090909091,0.6022727272727273,0.2259232022575105,0.5467162479830607,0.8884152398118231,1.717030111378416,308.0522997892407,903607.368003493,0.2530087134604483,903607.368003493,0.2530087134604483,1.0,0.8900051519835136,0.83,1.0,0.960945333934138,0.960945333934138,0.6431955858624244,0.6454948635928873,0.9848016486347244,0.6626550487194023,0.9209398496140484,0.8820244813811535,0.9209398496140484,0.8820244813811535,0.076764554353426,0.0,704773.186937632,0.4863472436888202,0.0267903142709943,0.5131375579598145,0.0350334878928387,0.0,0.0,0.0260175167439464,0.0041036733748539,0.0090159711488923,0.0,0.0,0.0,reward_jon_p95_plateau90_96_heff,seed_000,runs/reward_jon_p95_plateau90_96_heff/seed_000,1649.3432735686183,0.4248694676889795,,,,,4598.58154635692,1.1845908156509324,False,False,True,True,True,True,True,False,True,6,True,False
22620.11393590096,5.826922703735435,0.0,0.0,,,,,-8.160842291088773,-0.0021022262470604,6056.944442745298,1.560263895606723,6778.652219459446,1.7461752239720367,1266.2288762817282,0.3261795147557259,1.0,1.0,0.978619268418341,2320.72721371557,0.1268939393939394,0.1818181818181818,0.2727272727272727,0.3636363636363636,0.8181818181818182,-305.1188079903862,0.2,-0.0181818181818181,1.5454545454545454,0.0321969696969696,0.33,-0.0572727272727273,4.363636363636363,0.0909090909090909,0.5,-0.1363636363636363,10.272727272727272,0.2140151515151515,0.8,0.0181818181818181,30.09090909090909,0.6268939393939394,0.2718055206830433,0.6403803473916507,0.932312310772746,1.263528033514502,110.59552016046068,1183824.2456434746,0.2935679650586521,1183824.2456434746,0.2935679650586521,1.0,1.0,0.7699999999999999,1.0,0.9763093087704612,0.9763093087704612,0.7533886439901774,0.7765872019515525,0.978619268418341,0.6085760465884638,0.9394738186110754,0.9123610496716048,0.9394738186110754,0.9123610496716048,0.0,0.0,694252.2214420894,1.0,0.0,1.0,0.0,0.0,0.0,0.0,0.0,0.0,0.0,0.0,0.0,reward_jon_p95_plateau90_96_heff,seed_001,runs/reward_jon_p95_plateau90_96_heff/seed_001,1952.6973136739907,0.5030132183601213,,,,,6573.751926031582,1.6933930772878882,False,True,True,True,True,True,True,False,True,7,True,False
22803.230007234604,5.874093252765225,0.0,0.0,,,,,-7.90330921124667,-0.0020358859379821,5839.542086916945,1.5042612279538756,6793.847218068313,1.7500894430881797,1874.44180509034,0.4828546638563472,1.0,1.0,0.9775888717156104,2266.3397795154588,0.1268939393939394,0.0909090909090909,0.2727272727272727,0.2727272727272727,0.7272727272727273,-291.0463675964962,0.2,-0.1090909090909091,0.8181818181818182,0.0170454545454545,0.33,-0.0572727272727273,3.727272727272727,0.0776515151515151,0.5,-0.2272727272727273,10.272727272727272,0.2140151515151515,0.8,-0.0727272727272727,28.818181818181817,0.6003787878787878,0.3074091718623158,0.6086707007537077,0.9745807264807742,1.1029382252814883,50.77514659247272,1724853.793664653,0.3799281236829618,1724853.793664653,0.3799281236829618,1.0,1.0,0.5336363636363636,1.0,0.991103254268271,0.991103254268271,0.7160831773573032,0.8783119196066167,0.9775888717156104,0.4934291684227175,0.903692559349167,0.8693512808827685,0.903692559349167,0.8693512808827685,0.0,0.0,703068.1253437079,0.9549201442555384,0.2037609479649665,0.9567233384853168,0.0,0.0,0.0,0.0,0.0,0.0,0.0,0.0,0.0,reward_jon_p95_plateau90_96_heff,seed_002,runs/reward_jon_p95_plateau90_96_heff/seed_002,2122.97759364393,0.5468772781153864,,,,,6180.324612726324,1.5920465256894187,False,True,True,True,True,True,True,True,True,8,True,False
13503.678052090672,3.478536334902285,0.0,0.0,,,,,-8.38765636060387,-0.0021606533644007,-1493.2370543532318,-0.3846566343001627,6597.943150183161,1.699624716688089,1132.251967275059,0.2916671734351003,1.0,0.8724884080370943,0.979392065945389,2167.444524930621,0.1704545454545454,0.1818181818181818,0.4545454545454545,0.1818181818181818,0.9090909090909092,-445.4966602048865,0.2,-0.0181818181818181,0.9090909090909092,0.0189393939393939,0.33,0.1245454545454545,5.2727272727272725,0.1098484848484848,0.5,-0.3181818181818182,8.909090909090908,0.1856060606060606,0.8,0.109090909090909,30.181818181818183,0.6287878787878788,0.1896400005141096,0.5921620082742809,0.8684517226809901,1.863008110214507,348.77803244840425,356884.032395005,0.1212223695572839,356884.032395005,0.1212223695572839,1.0,0.8724884080370943,0.4981818181818183,1.0,0.9539581029383466,0.9539581029383466,0.6966611862050364,0.5418285728974562,0.979392065945389,0.8383701739236213,0.8487144227200141,0.8106528163940977,0.8487144227200141,0.8106528163940977,0.0,0.0,689101.147398499,0.5991756826378155,0.0,0.5991756826378155,0.0,0.0,0.0,0.0,0.0,0.0,0.0,0.0,0.0,reward_jon_p95_plateau90_96_heff,seed_003,runs/reward_jon_p95_plateau90_96_heff/seed_003,1519.80193613415,0.391499725949034,,,,,5755.305709212138,1.482562006494626,False,False,True,True,True,False,True,False,True,5,True,False
24426.371484380277,6.292213159294249,0.0,0.0,,,,,-7.648198720356449,-0.0019701696858208,6876.927871917462,1.7714909510348948,6760.30593128844,1.7414492352623492,1180.034360564419,0.303975878558583,1.0,1.0,0.9768160741885626,2103.538084287799,0.1818181818181818,0.1818181818181818,0.1818181818181818,0.2727272727272727,0.8181818181818182,-504.8203002415372,0.2,-0.0181818181818181,1.181818181818182,0.0246212121212121,0.33,-0.1481818181818182,2.1818181818181817,0.0454545454545454,0.5,-0.2272727272727273,9.181818181818182,0.1912878787878788,0.8,0.0181818181818181,26.181818181818183,0.5454545454545455,0.2617529204910072,0.7267762992013874,0.9469254743484348,1.2284691453755678,96.58537934724518,1365349.2761200524,0.3562532518145169,1365349.2761200524,0.3562532518145169,1.0,1.0,0.5881818181818181,1.0,0.981423916021952,0.981423916021952,0.8550309402369264,0.7478654871171636,0.9768160741885626,0.5249956642473108,0.9038511170979294,0.8856583189297329,0.9038511170979294,0.8856583189297329,0.0,0.0,665912.4983798579,1.0,0.0,1.0,0.0,0.0,0.0,0.0,0.0,0.0,0.0,0.0,0.0,reward_jon_p95_plateau90_96_heff,seed_004,runs/reward_jon_p95_plateau90_96_heff/seed_004,1946.8107861193507,0.5014968537144129,,,,,7669.940733210959,1.97577041040983,True,True,True,True,True,True,True,False,True,8,True,False
17391.889040753078,4.480136280461895,0.0,0.0,,,,,-6.45512797191739,-0.0016628356444918,4322.31831010982,1.113425633722262,6793.89208584637,1.7501010009908218,1092.9768949867723,0.2815499471887615,1.0,1.0,0.9837712519319938,2106.8485989344845,0.1723484848484848,0.1818181818181818,0.2727272727272727,0.2727272727272727,0.7272727272727273,-480.4414744973183,0.2,-0.0181818181818181,1.0909090909090908,0.0227272727272727,0.33,-0.0572727272727273,4.090909090909091,0.0852272727272727,0.5,-0.2272727272727273,9.272727272727272,0.1931818181818181,0.8,-0.0727272727272727,27.09090909090909,0.5643939393939394,0.23901809410004,0.4298737105977347,0.8856851170507305,1.3176467677534274,131.7491234829017,1112150.025791118,0.2850139566671242,1112150.025791118,0.2850139566671242,1.0,1.0,0.6245454545454545,1.0,0.9599897909677556,0.9599897909677556,0.5057337771738056,0.6829088402858287,0.9837712519319938,0.619981391110501,0.9061676735830032,0.8508144314309138,0.9061676735830032,0.8508144314309138,0.0,0.0,738437.0100517271,1.0,0.0,1.0,0.0,0.0,0.0,0.0,0.0,0.0,0.0,0.0,0.0,reward_jon_p95_plateau90_96_heff,seed_005,runs/reward_jon_p95_plateau90_96_heff/seed_005,1716.127168323566,0.44207294392673,,,,,3473.029709458463,0.8946495902778112,False,True,True,True,True,True,True,False,True,7,True,False
25070.090105161216,6.458034545378984,0.0,0.0,,,,,-5.629673662520945,-0.0014501992948276,8464.629280680236,2.180481525162348,6726.949111492529,1.7328565459795282,1485.766039063957,0.3827321069201331,1.0,1.0,0.9799072642967542,2123.1749455151385,0.1647727272727272,0.1818181818181818,0.1818181818181818,0.2727272727272727,0.7272727272727273,-370.37221719618094,0.2,-0.0181818181818181,1.3636363636363635,0.0284090909090909,0.33,-0.1481818181818182,2.727272727272727,0.0568181818181818,0.5,-0.2272727272727273,9.909090909090908,0.2064393939393939,0.8,-0.0727272727272727,29.454545454545453,0.6136363636363636,0.324348607215593,0.6020662388372581,0.9810299059077112,1.0984613251024893,41.15974416104504,1934777.4366548872,0.4219006341496673,1934777.4366548872,0.4219006341496673,1.0,1.0,0.5336363636363636,1.0,0.993360467067699,0.993360467067699,0.7083132221614801,0.9267103063302656,0.9799072642967542,0.4374658211337769,0.9074963177970264,0.8715615668883114,0.9074963177970264,0.8715615668883114,0.0,0.0,661989.7201987803,0.0,0.0,0.0,0.0,0.0,0.0,0.0,0.0,0.0,0.0,0.0,0.0,reward_jon_p95_plateau90_96_heff,seed_006,runs/reward_jon_p95_plateau90_96_heff/seed_006,2276.401358785301,0.5863991135459302,,,,,6121.973988801712,1.577015453065871,False,True,True,True,True,True,True,True,True,8,True,False
21727.39503091108,5.596959049693735,-33.74118069556569,-0.0086917003337366,,,,,-9.000143413994206,-0.0023184295244704,6074.752581504943,1.564851257471649,6597.690566741287,1.6995596514016709,-94.8228509033654,-0.0244262882285845,0.9791344667697064,1.0,0.9770736733642452,2109.5037004694045,0.2329545454545454,0.1818181818181818,0.3636363636363636,0.8181818181818182,1.0,589.0373709136338,0.2,-0.0181818181818181,1.181818181818182,0.0246212121212121,0.33,0.0336363636363636,5.363636363636363,0.1117424242424242,0.5,0.3181818181818182,22.727272727272727,0.4734848484848485,0.8,0.1999999999999999,37.36363636363637,0.7784090909090909,0.2333307486751275,0.7312435875240647,0.9760837612208452,1.236139777448791,100.87308896799676,455356.6676086245,0.1113358662836239,455356.6676086245,0.1113358662836239,0.9292793002494872,1.0,0.4981818181818182,1.0,0.9916293164272958,0.9916293164272958,0.8602865735577232,0.6666592819289358,0.9770736733642452,0.8515521782885014,0.8600637617218347,0.8520333920921518,0.8600637617218347,0.8520333920921518,0.0,0.0208655332302936,636639.3481170723,0.0,0.1612570839773312,0.1612570839773312,0.0,0.0,0.0,0.0,0.0,0.0,0.0033487892838742,19025.684670778224,1463.5142054444789,reward_jon_p95_plateau90_96_heff,seed_007,runs/reward_jon_p95_plateau90_96_heff/seed_007,1719.565382621428,0.4429586250956795,,,,,7472.950675056343,1.9250259338115256,True,True,True,True,True,True,True,False,True,8,False,False
20836.69445117119,5.367515314572692,0.0,0.0,,,,,-9.4285620425269,-0.0024287898100275,4525.223027936362,1.165693721776497,6793.899316381943,1.7501028635708251,499.43311851281817,0.1286535596375111,1.0,1.0,0.9752704791344669,2202.8092733673902,0.1761363636363636,0.1818181818181818,0.4545454545454545,0.4545454545454545,0.8181818181818182,-121.55925236585917,0.2,-0.0181818181818181,1.2727272727272727,0.0265151515151515,0.33,0.1245454545454545,5.727272727272728,0.1193181818181818,0.5,-0.0454545454545454,12.181818181818182,0.2537878787878788,0.8,0.0181818181818181,31.272727272727277,0.6515151515151515,0.305155475456723,0.6607900650035872,0.9714672203771928,1.1182675718145083,64.92001302154483,1451159.7568179013,0.3210356691679866,1451159.7568179013,0.3210356691679866,1.0,1.0,0.7936363636363636,1.0,0.9900135271320174,0.9900135271320174,0.7774000764748085,0.8718727870192088,0.9752704791344669,0.5719524411093511,0.9507024116281924,0.9268271491088408,0.9507024116281924,0.9268271491088408,0.0,0.0,672179.1136309406,0.82715095311695,0.4098402885110768,0.8279237506439979,0.0,0.0,0.0,0.0,0.0,0.0,0.0,0.0,0.0,reward_jon_p95_plateau90_96_heff,seed_008,runs/reward_jon_p95_plateau90_96_heff/seed_008,2148.6769707302165,0.553497416468371,,,,,6878.89057965238,1.771996542929516,False,True,True,True,True,True,True,True,True,8,True,False
23560.788198357943,6.069239618330228,-10.593912197443414,-0.0027289830493156,,,,,-12.100729457670823,-0.0031171379334546,5280.118761974511,1.360154240591064,6724.160090515745,1.732138096474947,1186.1609696915032,0.3055540880194495,0.9876352395672334,1.0,0.9647089129314786,2246.374510986956,0.1742424242424242,0.1818181818181818,0.3636363636363636,0.2727272727272727,0.7272727272727273,-157.08205667933956,0.2,-0.0181818181818181,0.9090909090909092,0.0189393939393939,0.33,0.0336363636363636,5.0,0.1041666666666666,0.5,-0.2272727272727273,11.727272727272728,0.2443181818181818,0.8,-0.0727272727272727,26.727272727272727,0.5568181818181819,0.2846757455164584,0.7910819959868651,0.9763165904889806,1.1031183778944909,53.02128139089066,1633681.6200609342,0.381491622616777,1633681.6200609342,0.381491622616777,1.0,1.0,0.6481818181818182,1.0,0.9917108066711432,0.9917108066711432,0.930684701161018,0.8133592729041671,0.9647089129314786,0.4913445031776307,0.9188551139376736,0.9099504043784764,0.9188551139376736,0.9099504043784764,0.0,0.0123647604327666,612784.2904794958,0.3740340030911901,0.4044307058217413,0.5899021123132406,0.0,0.0,0.0,0.0,0.0,0.0,0.0,0.0,0.0,reward_jon_p95_plateau90_96_heff,seed_009,runs/reward_jon_p95_plateau90_96_heff/seed_009,2082.363272942378,0.5364150625817563,,,,,8310.679744888927,2.1408242516457823,True,True,True,True,True,True,True,False,True,8,True,False
25247.012228516425,6.503609538515308,0.0,0.0,,,,,-8.785626640636474,-0.0022631701804833,8023.65776214765,2.066887625488833,6728.628309002261,1.7332891058738435,809.8480754792954,0.2086161966716371,1.0,1.0,0.97166409067491,2166.1197629935964,0.1420454545454545,0.1818181818181818,0.1818181818181818,0.4545454545454545,1.0,-167.80276618446365,0.2,-0.0181818181818181,1.0,0.0208333333333333,0.33,-0.1481818181818182,2.8181818181818183,0.0587121212121212,0.5,-0.0454545454545454,11.818181818181818,0.2462121212121212,0.8,0.1999999999999999,33.45454545454545,0.6969696969696969,0.2840060348969098,0.7233243456919055,0.9814380206200084,1.1682689335427558,70.80346889943056,1386504.524180253,0.3335123150319641,1386504.524180253,0.3335123150319641,1.0,1.0,0.5881818181818181,1.0,0.993503307217003,0.993503307217003,0.8509698184610653,0.8114458139911709,0.97166409067491,0.5553169132907145,0.908233242849956,0.8905895021591749,0.908233242849956,0.8905895021591749,0.0,0.0,654680.9775371079,0.0,0.0,0.0,0.0,0.0,0.0,0.0,0.0,0.0,0.0,0.0,0.0,reward_jon_p95_plateau90_96_heff,seed_010,runs/reward_jon_p95_plateau90_96_heff/seed_010,2042.632405284513,0.5261804238239343,,,,,7651.031303243346,1.970899356837544,True,True,True,True,True,True,True,False,True,8,True,False
18161.643544388327,4.678424406076334,-72.23425628022159,-0.0186074848738334,,,,,-11.980649005094593,-0.0030862053078553,649.9053178404552,0.1674150741474639,6621.809516583993,1.705772672999483,593.9221550648183,0.152993857564353,0.9634209170530654,0.8858835651725915,0.9698608964451314,2221.8967532519664,0.2196969696969697,0.1818181818181818,0.2727272727272727,0.4545454545454545,0.8181818181818182,155.6746181090447,0.2,-0.0181818181818181,1.0,0.0208333333333333,0.33,-0.0572727272727273,6.454545454545454,0.134469696969697,0.5,-0.0454545454545454,15.909090909090908,0.331439393939394,0.8,0.0181818181818181,33.36363636363637,0.6950757575757576,0.2843711948116991,0.81396029655309,0.9065483464980124,1.055191559094882,145.06662443871235,1151381.8549726612,0.2700859598751112,1151381.8549726612,0.2700859598751112,0.7758303289663955,0.8858835651725915,0.8609090909090908,1.0,0.9672919212743044,0.9672919212743044,0.9576003488859882,0.8124891280334262,0.9698608964451314,0.6398853868331851,0.8700040041407857,0.8828605173770032,0.8700040041407857,0.8828605173770032,0.0,0.0365790829469345,532639.186950939,0.2591447707367336,0.2699639361154044,0.3521380731581659,0.0,0.0,0.0,0.0,0.0,0.0,0.0064399793920659,72235.4046574384,2889.416186297536,reward_jon_p95_plateau90_96_heff,seed_011,runs/reward_jon_p95_plateau90_96_heff/seed_011,2107.6892540025024,0.5429390144261984,,,,,8272.532206181873,2.130997477120524,True,False,True,True,True,True,True,False,True,7,False,False
24929.8680309862,6.421913454658989,0.0,0.0,,,,,-7.088827030695976,-0.001826075999664,7681.607294695614,1.978775707031328,6764.258584172667,1.7424674353870857,1610.9759431584682,0.4149860750021814,1.0,1.0,0.9799072642967542,1988.323694863103,0.2386363636363636,0.1818181818181818,0.1818181818181818,0.5454545454545454,0.8181818181818182,-293.2510143301704,0.2,-0.0181818181818181,1.181818181818182,0.0246212121212121,0.33,-0.1481818181818182,4.181818181818182,0.0871212121212121,0.5,0.0454545454545454,13.181818181818182,0.2746212121212121,0.8,0.0181818181818181,26.363636363636363,0.5492424242424242,0.2996055391915572,0.6477701969432924,0.976250141343769,1.1611792856707115,69.26916182845957,1442773.5065809935,0.3353241307327837,1442773.5065809935,0.3353241307327837,1.0,1.0,0.77,1.0,0.9916875494703192,0.9916875494703192,0.7620825846391676,0.856015826261592,0.9799072642967542,0.5529011590229551,0.9455275651252094,0.920341922885898,0.9455275651252094,0.920341922885898,0.0,0.0,664592.3271586985,0.0,0.0530654301906233,0.0530654301906233,0.0,0.0,0.0,0.0,0.0,0.0,0.0,0.0,0.0,reward_jon_p95_plateau90_96_heff,seed_012,runs/reward_jon_p95_plateau90_96_heff/seed_012,2174.9898174364635,0.5602755840897639,,,,,6705.12521855368,1.7272347291482946,False,True,True,True,True,True,True,False,True,7,True,False
23743.968964800868,6.116426832766838,0.0,0.0,,,,,-8.41883604221046,-0.0021686852246806,8575.57113122246,2.2090600544107315,6786.876042899994,1.7482936741112811,1480.179449929301,0.3812930061641682,1.0,1.0,0.9801648634724368,1990.095407914032,0.2102272727272727,0.0,0.1818181818181818,0.3636363636363636,0.7272727272727273,-210.44587711041623,0.2,-0.2,0.0,0.0,0.33,-0.1481818181818182,5.454545454545454,0.1136363636363636,0.5,-0.1363636363636363,12.727272727272728,0.2651515151515152,0.8,-0.0727272727272727,28.454545454545453,0.5928030303030302,0.3063771275833496,0.506454982697856,0.9741726046068452,1.1019085652694782,42.6624558818354,1730620.7691993192,0.3678268234937432,1730620.7691993192,0.3678268234937432,1.0,1.0,0.4427272727272727,1.0,0.9909604116123958,0.9909604116123958,0.5958293914092424,0.8753632216667132,0.9801648634724368,0.5095642353416758,0.8869979397187696,0.8390968802658155,0.8869979397187696,0.8390968802658155,0.0,0.0,658146.5203189224,0.0,0.0,0.0,0.0,0.0,0.0,0.0,0.0,0.0,0.0,0.0,0.0,reward_jon_p95_plateau90_96_heff,seed_013,runs/reward_jon_p95_plateau90_96_heff/seed_013,2153.254368015888,0.554676550235932,,,,,4756.506808775437,1.2252722330694068,False,True,True,False,True,True,True,True,True,7,True,False
20468.212931989787,5.272594778977276,0.0,0.0,,,,,-8.36344484142959,-0.0021544164970194,6966.222025229567,1.7944930513213724,6770.035966252141,1.743955684248362,328.8806568259383,0.0847193860963261,1.0,1.0,0.978619268418341,1937.0867269997943,0.2291666666666666,0.1818181818181818,0.2727272727272727,0.5454545454545454,1.0,404.30158019291633,0.2,-0.0181818181818181,1.2727272727272727,0.0265151515151515,0.33,-0.0572727272727273,5.2727272727272725,0.1098484848484848,0.5,0.0454545454545454,17.454545454545453,0.3636363636363636,0.8,0.1999999999999999,42.72727272727273,0.8901515151515152,0.2722151345104696,0.504414218708517,0.9401936365370516,1.2136965038313932,88.97829143133116,941833.576921255,0.2008119876920104,941833.576921255,0.2008119876920104,1.0,1.0,0.6790909090909092,1.0,0.979067772787968,0.979067772787968,0.5934284925982553,0.7777575271727702,0.978619268418341,0.7322506830773194,0.922894926336,0.8787934254151566,0.922894926336,0.8787934254151566,0.0,0.0,642232.2499343936,0.0,0.0,0.0,0.0,0.0,0.0,0.0,0.0,0.0,0.0,0.0,0.0,reward_jon_p95_plateau90_96_heff,seed_014,runs/reward_jon_p95_plateau90_96_heff/seed_014,1908.7114366980595,0.4916824927094435,,,,,4502.7262918255055,1.1598985810987907,False,True,True,True,True,True,True,False,True,7,True,False
19206.53138230183,4.9475866518036655,0.0,0.0,,,,,-5.057806177902966,-0.0013028867021903,2361.355374920068,0.6082831980731755,6683.958729475084,1.7217822590095526,1627.0849549379132,0.4191357431576283,1.0,0.9319938176197836,0.9853168469860896,2056.078702449949,0.1988636363636363,0.1818181818181818,0.1818181818181818,0.3636363636363636,0.8181818181818182,-578.2225866566101,0.2,-0.0181818181818181,0.9090909090909092,0.0189393939393939,0.33,-0.1481818181818182,2.8181818181818183,0.0587121212121212,0.5,-0.1363636363636363,11.181818181818182,0.2329545454545454,0.8,0.0181818181818181,26.90909090909091,0.5606060606060606,0.2439686565388987,0.650892231304075,0.8555884573787228,1.3601917535350525,153.64122212244078,897282.7575282735,0.2611909747716703,897282.7575282735,0.2611909747716703,1.0,0.9319938176197836,0.6790909090909091,1.0,0.949455960082553,0.949455960082553,0.7657555662400883,0.6970533043968535,0.9853168469860896,0.6517453669711062,0.9048766279173476,0.8728022015518051,0.9048766279173476,0.8728022015518051,0.0,0.0,709627.2016612431,0.6844410097887687,0.0,0.6844410097887687,0.0,0.0,0.0,0.0,0.0,0.0,0.0,0.0,0.0,reward_jon_p95_plateau90_96_heff,seed_015,runs/reward_jon_p95_plateau90_96_heff/seed_015,1863.323714827015,0.4799906529693495,,,,,6675.866414319653,1.7196976852961496,False,False,True,True,True,True,True,False,True,6,True,False
19680.72409133284,5.069738302764771,0.0,0.0,,,,,-12.72044942201115,-0.0032767772854227,2884.856789556266,0.743136730952155,6610.507039676853,1.7028611642650318,589.7572472870405,0.1519209807540032,1.0,0.8614116434827409,0.965224111282844,2233.4069585477123,0.1818181818181818,0.1818181818181818,0.3636363636363636,0.4545454545454545,0.8181818181818182,54.1592611993917,0.2,-0.0181818181818181,1.7272727272727273,0.0359848484848484,0.33,0.0336363636363636,6.090909090909091,0.1268939393939394,0.5,-0.0454545454545454,14.545454545454543,0.303030303030303,0.8,0.0181818181818181,30.727272727272727,0.6401515151515151,0.2846922087780047,0.7476092652679798,0.9242056276364776,1.0892363247318004,97.15312415135058,1485264.8976497524,0.3363354769127217,1485264.8976497524,0.3363354769127217,1.0,0.8614116434827409,0.8845454545454545,1.0,0.9734719696727672,0.9734719696727672,0.8795403120799762,0.8134063107942993,0.965224111282844,0.5515526974497045,0.9368227496276216,0.9207713658520474,0.9368227496276216,0.9207713658520474,0.0,0.0,580773.0313000241,0.4260690365790829,0.3209685729005667,0.4896960329726945,0.0,0.0,0.0,0.0,0.0,0.0,0.0,0.0,0.0,reward_jon_p95_plateau90_96_hsoft,seed_000,runs/reward_jon_p95_plateau90_96_hsoft/seed_000,,,1657.7627317143215,0.4270383131670071,,,7950.560732520367,2.048057890911996,True,False,True,True,True,True,True,False,True,7,True,False
23310.904975861675,6.004869906198268,0.0,0.0,,,,,-11.25679617338348,-0.002899741415091,4910.88556625477,1.2650400737389929,6782.17658291803,1.747083097093774,2118.682044168486,0.545770748111408,1.0,1.0,0.9649665121071612,2193.7270354031107,0.1401515151515151,0.0909090909090909,0.1818181818181818,0.2727272727272727,0.7272727272727273,-285.59801185766065,0.2,-0.1090909090909091,0.7272727272727273,0.0151515151515151,0.33,-0.1481818181818182,2.1818181818181817,0.0454545454545454,0.5,-0.2272727272727273,10.454545454545457,0.2178030303030303,0.8,-0.0727272727272727,25.90909090909091,0.5397727272727273,0.3065879530779578,0.728966168155888,0.9239231213306432,1.0335379221625158,61.32187486353349,2161169.9062598646,0.4759359001266032,2161169.9062598646,0.4759359001266032,1.0,1.0,0.4427272727272726,1.0,0.9733730924657252,0.9733730924657252,0.8576072566539858,0.8759655802227367,0.9649665121071612,0.3654187998311956,0.8859032402580758,0.8610274033204931,0.8859032402580758,0.8610274033204931,0.0,0.0,657802.1098646884,0.7398248325605358,0.3330757341576507,0.749613601236476,0.0,0.0,0.0,0.0,0.0,0.0,0.0,0.0,0.0,reward_jon_p95_plateau90_96_hsoft,seed_001,runs/reward_jon_p95_plateau90_96_hsoft/seed_001,,,1785.2616507729483,0.4598819296169367,,,7725.155927920824,1.9899937990522476,True,True,True,True,True,True,True,True,True,9,True,True
19565.496698483363,5.040055821350686,0.0,0.0,,,,,-9.881751834619791,-0.0025455311268984,5892.160926213848,1.517815797582135,6760.727382854353,1.7415578008383186,-7.281030652057211,-0.0018755874940899,1.0,1.0,0.975785677485832,2376.9148587647715,0.1609848484848484,0.1818181818181818,0.5454545454545454,0.7272727272727273,1.0,525.0385591139396,0.2,-0.0181818181818181,0.9090909090909092,0.0189393939393939,0.33,0.2154545454545454,6.454545454545454,0.134469696969697,0.5,0.2272727272727273,21.454545454545453,0.446969696969697,0.8,0.1999999999999999,36.27272727272727,0.7556818181818182,0.2474489382945183,0.5638325833241752,0.974770711129746,1.2003357694883552,86.98458299437473,776626.1998784728,0.1700243318938615,776626.1998784728,0.1700243318938615,1.0,1.0,0.3390909090909091,1.0,0.9911697488954112,0.9911697488954112,0.6633324509696179,0.7069969665557667,0.975785677485832,0.7733008908081846,0.8550420316364532,0.8165245088963058,0.8550420316364532,0.8165245088963058,0.0,0.0,640958.0204741416,0.8204533745492014,0.1561051004636785,0.8882019577537352,0.0,0.0,0.0,0.0,0.0,0.0,0.0,0.0,0.0,reward_jon_p95_plateau90_96_hsoft,seed_002,runs/reward_jon_p95_plateau90_96_hsoft/seed_002,,,1440.8951676889803,0.3711734074417775,,,5488.876004212857,1.413929934109443,False,True,True,True,True,True,True,False,True,7,True,False
22620.77919043795,5.827094072755783,0.0,0.0,,,,,-8.359360283985733,-0.0021533643183889,8059.263164012142,2.0760595476589754,6786.996911894517,1.748324809864636,635.79161259139,0.163779395309477,1.0,1.0,0.9804224626481196,2267.5993430187755,0.1723484848484848,0.1818181818181818,0.3636363636363636,0.4545454545454545,0.8181818181818182,61.88919976737464,0.2,-0.0181818181818181,0.9090909090909092,0.0189393939393939,0.33,0.0336363636363636,5.181818181818182,0.1079545454545454,0.5,-0.0454545454545454,16.181818181818183,0.3371212121212121,0.8,0.0181818181818181,34.72727272727273,0.7234848484848485,0.2729177464587992,0.563963612845242,0.9556715828989184,1.1215615172347495,51.4772713951192,1093765.4709791357,0.2466549059703245,1093765.4709791357,0.2466549059703245,1.0,1.0,0.8845454545454545,1.0,0.9844850540146216,0.9844850540146216,0.6634866033473436,0.7797649898822834,0.9804224626481196,0.6711267920395673,0.9608473922731136,0.9281641346732696,0.9608473922731136,0.9281641346732696,0.0,0.0,726739.9650226298,1.0,0.0,1.0,0.0,0.0,0.0,0.0,0.0,0.0,0.0,0.0,0.0,reward_jon_p95_plateau90_96_hsoft,seed_003,runs/reward_jon_p95_plateau90_96_hsoft/seed_003,,,1589.2000376295875,0.4093766196881988,,,5557.886824594296,1.431707064552884,False,True,True,True,True,True,True,False,True,7,True,False
22020.604240794524,5.672489500462268,0.0,0.0,,,,,-10.3910329240188,-0.0026767215157183,6610.349280986997,1.7028205257565678,6784.179931823512,1.7475991581204309,481.7484295188243,0.1240979983304544,1.0,1.0,0.9755280783101494,2080.0521681917585,0.1515151515151515,0.1818181818181818,0.3636363636363636,0.5454545454545454,1.0,164.20708726572266,0.2,-0.0181818181818181,0.9090909090909092,0.0189393939393939,0.33,0.0336363636363636,6.636363636363637,0.1382575757575757,0.5,0.0454545454545454,13.181818181818182,0.2746212121212121,0.8,0.1999999999999999,39.18181818181818,0.8162878787878788,0.2918913788256043,0.6293171691527364,0.9755767589894248,1.0536757093780236,28.656274209317,1137586.812053906,0.2499097278299212,1137586.812053906,0.2499097278299212,1.0,1.0,0.7027272727272729,1.0,0.9914518656462988,0.9914518656462988,0.7403731401796899,0.8339753680731552,0.9755280783101494,0.666787029560105,0.931212758478748,0.9033483140118485,0.931212758478748,0.9033483140118485,0.0,0.0,671963.7078485562,0.6040700669757857,0.0,0.6040700669757857,0.0,0.0,0.0,0.0,0.0,0.0,0.0,0.0,0.0,reward_jon_p95_plateau90_96_hsoft,seed_004,runs/reward_jon_p95_plateau90_96_hsoft/seed_004,,,1699.6834989014935,0.4378370682384064,,,6455.0341324877145,1.6628114715321265,False,True,True,True,True,True,True,False,True,7,True,False
22693.6636083296,5.845869038724781,0.0,0.0,,,,,-9.448080027103424,-0.0024338176267654,7898.048937064406,2.034530895688925,6791.78396262904,1.7495579501878,904.7405832768336,0.2330604284587412,1.0,1.0,0.9788768675940236,2207.6572968842406,0.1704545454545454,0.1818181818181818,0.4545454545454545,0.5454545454545454,0.8181818181818182,-48.59626322442835,0.2,-0.0181818181818181,1.3636363636363635,0.0284090909090909,0.33,0.1245454545454545,6.2727272727272725,0.1306818181818181,0.5,0.0454545454545454,13.727272727272728,0.2859848484848485,0.8,0.0181818181818181,32.45454545454545,0.6761363636363636,0.2794115794860676,0.5566910974342585,0.9527250110658326,1.125004595322554,51.63432823079823,1184499.7975303682,0.2679637187438796,1184499.7975303682,0.2679637187438796,1.0,1.0,0.7936363636363637,1.0,0.9834537538730416,0.9834537538730416,0.6549307028638335,0.7983187985316218,0.9788768675940236,0.6427150416748273,0.94545634162609,0.9097708770945466,0.94545634162609,0.9097708770945466,0.0,0.0,691889.171561832,1.0,0.0,1.0,0.0,0.0,0.0,0.0,0.0,0.0,0.0,0.0,0.0,reward_jon_p95_plateau90_96_hsoft,seed_005,runs/reward_jon_p95_plateau90_96_hsoft/seed_005,,,1627.0136273473718,0.4191173692291014,,,5481.524578039052,1.412036212786979,False,True,True,True,True,True,True,False,True,7,True,False
17525.753016766,4.514619530336424,-88.86644536648683,-0.0228919230722531,,,,,-14.246986857434086,-0.0036700120704363,622.2143350756501,0.160281899813408,6438.764003262311,1.6586202996554125,385.9489174165933,0.0994201229821209,0.9734672849046884,0.6040700669757857,0.9626481195260176,2189.8665628853355,0.2007575757575757,0.1818181818181818,0.4545454545454545,0.4545454545454545,1.0,310.8786193843028,0.2,-0.0181818181818181,0.9090909090909092,0.0189393939393939,0.33,0.1245454545454545,7.0,0.1458333333333333,0.5,-0.0454545454545454,16.818181818181817,0.3503787878787878,0.8,0.1999999999999999,36.54545454545455,0.7613636363636364,0.2991733739915051,0.8259817735968886,0.9078712898056506,0.9240372403205508,92.8119943878593,1615075.5977964797,0.35142236222563,1615075.5977964797,0.35142236222563,0.6804661875708485,0.6040700669757857,0.6118181818181818,0.9240372403205508,0.9183791576403356,0.9183791576403356,0.9717432630551632,0.8547810685471575,0.9626481195260176,0.5314368503658267,0.7327667183810711,0.7509925045102054,0.7327667183810711,0.7509925045102054,0.0,0.0265327150953116,465625.0720050144,0.0,0.472952086553323,0.472952086553323,0.0,0.0,0.0,0.0,0.0,0.0,0.0097887686759402,117395.1837231745,3089.34694008354,reward_jon_p95_plateau90_96_hsoft,seed_006,runs/reward_jon_p95_plateau90_96_hsoft/seed_006,,,1742.0865567525343,0.4487600609872577,,,8439.852636482832,2.174099082040915,True,False,True,True,True,True,True,False,False,6,False,False
23060.925219074,5.940475326912416,0.0,0.0,,,,,-9.000575621686876,-0.0023185408608157,7063.810935971791,1.819631874284336,6760.13184750885,1.7414043914242272,487.8945586850369,0.1256812361373098,1.0,1.0,0.9796496651210715,2238.494991521944,0.1723484848484848,0.1818181818181818,0.3636363636363636,0.4545454545454545,0.7272727272727273,-361.63463841288376,0.2,-0.0181818181818181,1.5454545454545454,0.0321969696969696,0.33,0.0336363636363636,5.909090909090909,0.1231060606060606,0.5,-0.0454545454545454,10.727272727272728,0.2234848484848485,0.8,-0.0727272727272727,23.0,0.4791666666666666,0.2837926726157084,0.6802440991965937,0.9637787504984052,1.2149828527398674,92.18850517400983,1239946.9008784727,0.3051476527593835,1239946.9008784727,0.3051476527593835,1.0,1.0,0.83,1.0,0.987322562674442,0.987322562674442,0.8002871755254043,0.8108362074734526,0.9796496651210715,0.5931364629874887,0.9531197737779226,0.9330175237171552,0.9531197737779226,0.9330175237171552,0.0,0.0,669039.6152463388,0.0,0.02344152498712,0.02344152498712,0.0,0.0,0.0,0.0,0.0,0.0,0.0,0.0,0.0,reward_jon_p95_plateau90_96_hsoft,seed_007,runs/reward_jon_p95_plateau90_96_hsoft/seed_007,,,1652.5247326412696,0.4256890089235625,,,7105.56371988874,1.830387357003797,False,True,True,True,True,True,True,False,True,7,True,False
21106.14175253342,5.436924717293513,0.0,0.0,,,,,-7.963098309114575,-0.0020512875603077,5487.568036437394,1.413593002688664,6802.366511306136,1.7522840060036415,1355.10004575672,0.3490726547544358,1.0,1.0,0.9801648634724368,2176.745825412523,0.1818181818181818,0.1818181818181818,0.4545454545454545,0.5454545454545454,0.7272727272727273,-251.5727180800203,0.2,-0.0181818181818181,1.0,0.0208333333333333,0.33,0.1245454545454545,4.727272727272728,0.0984848484848485,0.5,0.0454545454545454,12.636363636363637,0.2632575757575757,0.8,-0.0727272727272727,29.363636363636363,0.6117424242424243,0.3082226544515125,0.5702836179258921,0.9842587700347344,1.116038428868565,54.39277238629995,1657968.943680098,0.357123622054086,1657968.943680098,0.357123622054086,1.0,1.0,0.7390909090909091,1.0,0.9944905695121572,0.9944905695121572,0.670921903442226,0.8806361555757501,0.9801648634724368,0.5238351705945519,0.9417267430952808,0.9068485370172452,0.9417267430952808,0.9068485370172452,0.0,0.0,736520.6062348105,0.5886141164348274,0.389747552807831,0.6674394641937146,0.0,0.0,0.0,0.0,0.0,0.0,0.0,0.0,0.0,reward_jon_p95_plateau90_96_hsoft,seed_008,runs/reward_jon_p95_plateau90_96_hsoft/seed_008,,,1794.7805168711575,0.4623339816772688,,,5674.289740471126,1.4616923597298108,False,True,True,True,True,True,True,True,True,8,True,False
16963.234381652805,4.369715193625143,0.0,0.0,,,,,-5.791611423268914,-0.0014919143285082,3726.90624700867,0.9600479770759068,6779.793786306735,1.7464692906508847,1587.2383101268765,0.4088712803005864,0.9763008758371972,0.9925296239052036,0.9853168469860896,2026.3129954017472,0.1571969696969697,0.1818181818181818,0.1818181818181818,0.1818181818181818,0.6363636363636364,-557.7271711839871,0.2,-0.0181818181818181,0.9090909090909092,0.0189393939393939,0.33,-0.1481818181818182,3.4545454545454546,0.0719696969696969,0.5,-0.3181818181818182,7.727272727272727,0.1609848484848484,0.8,-0.1636363636363637,24.90909090909091,0.5189393939393939,0.2748835989265408,0.4357813301217678,0.934570447717744,1.4186204774049145,176.09207060959872,1638256.242571587,0.3806117898448304,1638256.242571587,0.3806117898448304,1.0,0.9925296239052036,0.4199999999999999,1.0,0.9770996567012104,0.9770996567012104,0.5126839177903151,0.785381711218688,0.9853168469860896,0.492517613540226,0.8750994895813123,0.8177291758105533,0.8750994895813123,0.8177291758105533,0.0236991241628026,0.0,694870.0030176772,0.9711488923235444,0.0069551777434312,0.9714064914992272,0.0082431736218444,0.0,0.0,0.0074703760947964,0.0004816483875285,0.0007727975270479,0.0,0.0,0.0,reward_jon_p95_plateau90_96_hsoft,seed_009,runs/reward_jon_p95_plateau90_96_hsoft/seed_009,,,1600.647196549247,0.4123253983898111,,,3274.4404530845454,0.843493161536462,False,True,True,True,True,False,False,False,True,5,True,False
23616.685384467757,6.083638687395093,0.0,0.0,,,,,-7.906920883823187,-0.0020368163018606,8393.621952162848,2.162190095868843,6776.185910439295,1.745539904801467,407.1708210387512,0.1048868678616051,1.0,1.0,0.9804224626481196,1987.7629306290407,0.1912878787878787,0.1818181818181818,0.2727272727272727,0.4545454545454545,1.0,49.52057536680136,0.2,-0.0181818181818181,0.9090909090909092,0.0189393939393939,0.33,-0.0572727272727273,4.545454545454546,0.0946969696969697,0.5,-0.0454545454545454,14.818181818181818,0.3087121212121211,0.8,0.1999999999999999,39.0,0.8125,0.2842457018656311,0.6260170472435959,0.9711776295422828,1.138594556138155,58.1061884173041,1046034.1433981872,0.2394187434782804,1046034.1433981872,0.2394187434782804,1.0,1.0,0.6790909090909091,1.0,0.989912170339799,0.989912170339799,0.7364906438159952,0.812130576758946,0.9804224626481196,0.6807750086956261,0.9256081446221964,0.8970773322380945,0.9256081446221964,0.8970773322380945,0.0,0.0,706476.4417435819,0.637300360638846,0.0,0.637300360638846,0.0,0.0,0.0,0.0,0.0,0.0,0.0,0.0,0.0,reward_jon_p95_plateau90_96_hsoft,seed_010,runs/reward_jon_p95_plateau90_96_hsoft/seed_010,,,1655.1627219635698,0.4263685527984466,,,6392.450899747108,1.646690082366591,False,True,True,True,True,True,True,False,True,7,True,False
22562.59403718042,5.812105625239676,0.0,0.0,,,,,-8.672667870111763,-0.00223407209431,5783.4470798664,1.4898112003777433,6756.976579108153,1.7405915968851502,1368.52669745023,0.3525313491628619,1.0,0.9909840288511076,0.978619268418341,2219.733288838632,0.168560606060606,0.1818181818181818,0.3636363636363636,0.3636363636363636,0.7272727272727273,-459.2523412539652,0.2,-0.0181818181818181,0.9090909090909092,0.0189393939393939,0.33,0.0336363636363636,5.090909090909091,0.106060606060606,0.5,-0.1363636363636363,11.0,0.2291666666666666,0.8,-0.0727272727272727,22.818181818181817,0.4753787878787879,0.2662884869811197,0.6814649031261814,0.9519494783848266,1.3097958163097445,130.7684832542483,1099747.7988714234,0.2878222837335295,1099747.7988714234,0.2878222837335295,1.0,0.9909840288511076,0.739090909090909,1.0,0.9831823174346892,0.9831823174346892,0.8017234154425663,0.7608242485174849,0.978619268418341,0.6162369550219606,0.93097200239289,0.9097959684663892,0.93097200239289,0.9097959684663892,0.0,0.0,690895.0830199814,0.4994848016486347,0.0,0.4994848016486347,0.0,0.0,0.0,0.0,0.0,0.0,0.0,0.0,0.0,reward_jon_p95_plateau90_96_hsoft,seed_011,runs/reward_jon_p95_plateau90_96_hsoft/seed_011,,,1550.59785969106,0.3994327304716795,,,7111.718488934688,1.8319728204365504,False,True,True,True,True,True,True,False,True,7,True,False
22332.164327077877,5.75274712186447,0.0,0.0,,,,,-5.05764733940363,-0.0013028457855238,7573.373659734372,1.950894811884176,6796.510636330417,1.7507755374369955,693.5569441962787,0.1786596971139306,1.0,1.0,0.9840288511076764,1951.257104535446,0.1666666666666666,0.1818181818181818,0.1818181818181818,0.4545454545454545,1.0,-205.55005940027308,0.2,-0.0181818181818181,1.181818181818182,0.0246212121212121,0.33,-0.1481818181818182,2.636363636363636,0.0549242424242424,0.5,-0.0454545454545454,11.272727272727272,0.2348484848484848,0.8,0.1999999999999999,38.45454545454545,0.8011363636363636,0.2948590349237434,0.5653375856458772,0.9670369986501716,1.1996185250398272,82.94275570962911,1297543.2662651408,0.2979017053261178,1297543.2662651408,0.2979017053261178,1.0,1.0,0.5881818181818181,1.0,0.98846294952756,0.98846294952756,0.6651030419363262,0.8424543854964098,0.9840288511076764,0.6027977262318429,0.9114862427453064,0.8731634195657125,0.9114862427453064,0.8731634195657125,0.0,0.0,716333.3934602032,0.851365275631118,0.0,0.851365275631118,0.0,0.0,0.0,0.0,0.0,0.0,0.0,0.0,0.0,reward_jon_p95_plateau90_96_hsoft,seed_012,runs/reward_jon_p95_plateau90_96_hsoft/seed_012,,,1716.964160360958,0.4422885523856151,,,5556.816573795253,1.431431368829277,False,True,True,True,True,True,True,False,True,7,True,False
21757.026006484404,5.604591964576096,0.0,0.0,,,,,-10.286275870725513,-0.0026497361851431,7998.474378187248,2.0604004065397343,6789.943650290737,1.7490838872464547,405.544066806361,0.1044678173123031,1.0,1.0,0.9755280783101494,2160.9794278849254,0.1837121212121212,0.1818181818181818,0.3636363636363636,0.4545454545454545,0.7272727272727273,-171.108863903266,0.2,-0.0181818181818181,1.3636363636363635,0.0284090909090909,0.33,0.0336363636363636,6.636363636363637,0.1382575757575757,0.5,-0.0454545454545454,11.454545454545457,0.2386363636363636,0.8,-0.0727272727272727,24.09090909090909,0.5018939393939393,0.2905531619280942,0.514259587166512,0.9866544017271872,1.1690280936366737,71.03178266789385,1612721.2429737886,0.3520966933502101,1612721.2429737886,0.3520966933502101,1.0,1.0,0.83,1.0,0.9953290406045154,0.9953290406045154,0.6050112790194259,0.8301518912231264,0.9755280783101494,0.5305377421997197,0.954259331048329,0.9158509344995096,0.954259331048329,0.9158509344995096,0.0,0.0,644481.7939936745,0.1836682122617207,0.0,0.1836682122617207,0.0,0.0,0.0,0.0,0.0,0.0,0.0,0.0,0.0,reward_jon_p95_plateau90_96_hsoft,seed_013,runs/reward_jon_p95_plateau90_96_hsoft/seed_013,,,1691.8910619072926,0.4358297428921413,,,4881.459125163492,1.257459846770606,False,True,True,True,True,True,True,False,True,7,True,False
12286.316398888392,3.1649449765297253,0.0,0.0,,,,,-8.851446849927306,-0.0022801254121399,1755.7563659438265,0.4522813925666735,6364.236170458308,1.639421991359688,-202.8683645145616,-0.0522587234710359,0.8856259659969088,0.9507985574446162,0.9783616692426584,1864.094105926058,0.2746212121212121,0.1818181818181818,0.3636363636363636,0.9090909090909092,1.0,789.6911651868035,0.2,-0.0181818181818181,1.181818181818182,0.0246212121212121,0.33,0.0336363636363636,5.636363636363637,0.1174242424242424,0.5,0.409090909090909,24.181818181818183,0.5037878787878789,0.8,0.1999999999999999,42.54545454545455,0.8863636363636364,0.2169421960015319,0.4686291050029079,0.8311547652608117,1.3222832014388433,171.2706303116782,565981.4571792884,0.1271024152097443,565981.4571792884,0.1271024152097443,1.0,0.9507985574446162,0.4981818181818182,1.0,0.9409041678412842,0.9409041678412842,0.5513283588269505,0.6198348457186625,0.9783616692426584,0.8305301130536742,0.8688444741536121,0.8130195703243047,0.8688444741536121,0.8130195703243047,0.1143740340030912,0.0,645744.1289461462,0.0,0.0,0.0,0.0636269963936115,0.0,0.0,0.0481710458526532,0.0047152571465101,0.0154559505409582,0.0,0.0,0.0,reward_jon_p95_plateau90_96_hsoft,seed_014,runs/reward_jon_p95_plateau90_96_hsoft/seed_014,,,1263.2544073169202,0.3254132940022978,,,3114.789266533828,0.8023671474842422,False,False,True,True,True,True,True,False,True,6,True,False
15889.148232090743,4.093031486885818,0.0,0.0,,,,,-9.576967244781551,-0.0024670188677953,3559.2171852941424,0.9168514130072496,6712.571067982528,1.729152773823423,131.09183816384825,0.033769149449729,1.0,1.0,0.9770736733642452,1862.8327907620733,0.2670454545454545,0.1818181818181818,0.5454545454545454,0.7272727272727273,1.0,479.75776083191687,0.2,-0.0181818181818181,0.9090909090909092,0.0189393939393939,0.33,0.2154545454545454,6.2727272727272725,0.1306818181818182,0.5,0.2272727272727273,21.363636363636363,0.4450757575757575,0.8,0.1999999999999999,36.54545454545455,0.7613636363636362,0.2192217083131168,0.4938998632803149,0.8827116000370169,1.318502521753814,134.42554655535082,545192.3027386193,0.1287301061798067,545192.3027386193,0.1287301061798067,1.0,1.0,0.3390909090909091,1.0,0.958949060012956,0.958949060012956,0.5810586626827234,0.6263477380374769,0.9770736733642452,0.8283598584269244,0.8490899391884625,0.7978849306591315,0.8490899391884625,0.7978849306591315,0.0,0.0,644357.5130265923,0.5819165378670789,0.0,0.5819165378670789,0.0,0.0,0.0,0.0,0.0,0.0,0.0,0.0,0.0,reward_jon_p95_plateau90_96_hsoft,seed_015,runs/reward_jon_p95_plateau90_96_hsoft/seed_015,,,1276.5280075072797,0.3288325624696753,,,4219.317100387726,1.0868926070035358,False,True,True,True,True,True,True,False,True,7,True,False
